year,state,avg_inc
1973,ALABAMA,1.3074189922942514
1973,ALASKA,1.4286097440037837
1973,ARIZONA,1.041957428864837
1973,ARKANSAS,1.8316382655657382
1973,CALIFORNIA,0.926445453632696
1973,COLORADO,1.1354497494496574
1973,CONNECTICUT,0.9890015662506135
1973,DELAWARE,1.0853874131138808
1973,DISTRICT OF COLUMBIA,0.7518239854039654
1973,FLORIDA,1.1777371007608117
1973,GEORGIA,1.226793239790891
1973,HAWAII,0.8463502617880092
1973,IDAHO,1.443107507196606
1973,ILLINOIS,1.2720470946862905
1973,INDIANA,1.5635154689146669
1973,IOWA,2.1536715963483166
1973,KANSAS,1.4966807317357222
1973,KENTUCKY,1.2887065471236303
1973,LOUISIANA,1.2501530537383232
1973,MAINE,1.2720973722895046
1973,MARYLAND,1.054487635523671
1973,MASSACHUSETTS,0.9259007013527221
1973,MICHIGAN,1.2313684989883944
1973,MINNESOTA,1.8231965295379737
1973,MISSISSIPPI,1.4296794947767921
1973,MISSOURI,1.1944256604782488
1973,MONTANA,1.6231108063299526
1973,NEBRASKA,1.7441566455625113
1973,NEVADA,1.0076008742285092
1973,NEW HAMPSHIRE,1.1131081167474743
1973,NEW JERSEY,0.9848885131198193
1973,NEW MEXICO,1.0882884476836718
1973,NEW YORK,0.8355553408665894
1973,NORTH CAROLINA,1.319840785242432
1973,NORTH DAKOTA,3.948623981120214
1973,OHIO,1.2043240743361938
1973,OKLAHOMA,1.3466723961592653
1973,OREGON,1.1788533340409746
1973,PENNSYLVANIA,1.1047005198900006
1973,RHODE ISLAND,0.7598086515489433
1973,SOUTH CAROLINA,1.277586272023079
1973,SOUTH DAKOTA,2.7669667046473556
1973,TENNESSEE,1.3959366452970468
1973,TEXAS,1.2561555316281448
1973,UTAH,0.9407727925911935
1973,VERMONT,0.9804133060713038
1973,VIRGINIA,1.1423741544803967
1973,WASHINGTON,1.2946670468093835
1973,WEST VIRGINIA,1.0400832939541749
1973,WISCONSIN,1.2579724101134282
1973,WYOMING,1.6182846062935186
1974,ALABAMA,1.0930662675696867
1974,ALASKA,1.787862918459937
1974,ARIZONA,0.878229631634464
1974,ARKANSAS,1.0850571782814455
1974,CALIFORNIA,1.085706869785441
1974,COLORADO,1.1144487542411596
1974,CONNECTICUT,0.9702806110322593
1974,DELAWARE,0.8291037191622275
1974,DISTRICT OF COLUMBIA,1.1193691604491018
1974,FLORIDA,0.8080598234704084
1974,GEORGIA,0.8888797365847578
1974,HAWAII,1.244548009126123
1974,IDAHO,1.5364791224395713
1974,ILLINOIS,1.0124888499369433
1974,INDIANA,0.7416829655262802
1974,IOWA,0.39908694108732323
1974,KANSAS,0.8904840892695942
1974,KENTUCKY,1.2653159563056349
1974,LOUISIANA,1.4413559689061772
1974,MAINE,1.0974938649850108
1974,MARYLAND,0.9359308135177047
1974,MASSACHUSETTS,0.9052972688391003
1974,MICHIGAN,0.7362346353025906
1974,MINNESOTA,0.8210458791391595
1974,MISSISSIPPI,0.9990765355240905
1974,MISSOURI,0.7671143257625079
1974,MONTANA,0.8161938861225071
1974,NEBRASKA,0.3996710476295906
1974,NEVADA,0.6349092930755029
1974,NEW HAMPSHIRE,0.9047932804070236
1974,NEW JERSEY,0.9487064297229564
1974,NEW MEXICO,1.1229396569256478
1974,NEW YORK,0.9358289190087854
1974,NORTH CAROLINA,0.9902068904418693
1974,NORTH DAKOTA,-0.14214466841719897
1974,OHIO,1.0615783018209202
1974,OKLAHOMA,1.0984488298765527
1974,OREGON,1.2489142252844587
1974,PENNSYLVANIA,1.1177012429769428
1974,RHODE ISLAND,0.8505585672684557
1974,SOUTH CAROLINA,1.1953961344087771
1974,SOUTH DAKOTA,0.006584928969721737
1974,TENNESSEE,1.0262748077076056
1974,TEXAS,1.1754273873618937
1974,UTAH,1.0316568069409948
1974,VERMONT,0.8216845707371023
1974,VIRGINIA,1.0254978754618893
1974,WASHINGTON,1.2325836946768032
1974,WEST VIRGINIA,1.1814380033032812
1974,WISCONSIN,1.0481120159398172
1974,WYOMING,1.456985913154174
1975,ALABAMA,1.117545172428036
1975,ALASKA,2.6255357504307852
1975,ARIZONA,0.5693423902758399
1975,ARKANSAS,0.816044435864649
1975,CALIFORNIA,0.9516910408946533
1975,COLORADO,0.9454353943026073
1975,CONNECTICUT,0.7756394552496548
1975,DELAWARE,0.7187422719339809
1975,DISTRICT OF COLUMBIA,1.0977951280889853
1975,FLORIDA,0.6816583225084827
1975,GEORGIA,0.7582835425830936
1975,HAWAII,0.7254986239149996
1975,IDAHO,0.5770234894801662
1975,ILLINOIS,0.9583813389950624
1975,INDIANA,0.888699407603033
1975,IOWA,1.2330577048228486
1975,KANSAS,0.9639789923552078
1975,KENTUCKY,0.8287599899853504
1975,LOUISIANA,1.2015857883014514
1975,MAINE,0.7681799550826041
1975,MARYLAND,0.8321871845837547
1975,MASSACHUSETTS,0.8530993822184918
1975,MICHIGAN,0.7930251742771732
1975,MINNESOTA,0.8224841164175212
1975,MISSISSIPPI,0.869947085978473
1975,MISSOURI,1.0273321635549282
1975,MONTANA,0.9229823559634198
1975,NEBRASKA,1.4939171562159848
1975,NEVADA,0.9432344107537016
1975,NEW HAMPSHIRE,0.7903393421681226
1975,NEW JERSEY,0.8679263284202765
1975,NEW MEXICO,1.2264300139396278
1975,NEW YORK,0.892790802281973
1975,NORTH CAROLINA,0.8108923072393859
1975,NORTH DAKOTA,0.43580154037063945
1975,OHIO,0.7596546237003787
1975,OKLAHOMA,1.1330299119683307
1975,OREGON,0.9909216623093409
1975,PENNSYLVANIA,0.9940078592014956
1975,RHODE ISLAND,1.0413141171567775
1975,SOUTH CAROLINA,0.7585932154224428
1975,SOUTH DAKOTA,1.0805521482307512
1975,TENNESSEE,0.8574570243361501
1975,TEXAS,1.2499398092709724
1975,UTAH,0.9417032292991179
1975,VERMONT,0.9152528602878407
1975,VIRGINIA,0.8968917568052515
1975,WASHINGTON,1.1999937350470669
1975,WEST VIRGINIA,1.2820547512141234
1975,WISCONSIN,0.9785854728666665
1975,WYOMING,0.9306605366679044
1976,ALABAMA,1.182372136438814
1976,ALASKA,1.1273940573615748
1976,ARIZONA,0.9206340844159611
1976,ARKANSAS,1.1277575476745794
1976,CALIFORNIA,0.9631130533757748
1976,COLORADO,0.8856837644823701
1976,CONNECTICUT,0.856700114659259
1976,DELAWARE,0.9302719436871554
1976,DISTRICT OF COLUMBIA,0.8553894848638777
1976,FLORIDA,0.8156013512279126
1976,GEORGIA,1.093492346071101
1976,HAWAII,0.6300142696796129
1976,IDAHO,0.9327685544327391
1976,ILLINOIS,0.8903490904244915
1976,INDIANA,1.1722746104559478
1976,IOWA,0.6136146512075058
1976,KANSAS,0.8510996565499029
1976,KENTUCKY,1.1034014975061623
1976,LOUISIANA,1.2150005006327458
1976,MAINE,1.3562852037571238
1976,MARYLAND,0.9239586939427946
1976,MASSACHUSETTS,0.8647511259082252
1976,MICHIGAN,1.2448459966333258
1976,MINNESOTA,0.8017570050796285
1976,MISSISSIPPI,1.3616165331484797
1976,MISSOURI,0.986614881117398
1976,MONTANA,0.6706585847225499
1976,NEBRASKA,0.4611301370960108
1976,NEVADA,0.972815953236883
1976,NEW HAMPSHIRE,1.196617626147578
1976,NEW JERSEY,0.9209740410581091
1976,NEW MEXICO,0.9429956425302422
1976,NEW YORK,0.6875840486321394
1976,NORTH CAROLINA,1.099160560752166
1976,NORTH DAKOTA,-0.3386317197391575
1976,OHIO,1.0836271101075434
1976,OKLAHOMA,0.9164065914369024
1976,OREGON,1.1374632526739203
1976,PENNSYLVANIA,1.0120925798229097
1976,RHODE ISLAND,0.9647878338080229
1976,SOUTH CAROLINA,1.1473145963940778
1976,SOUTH DAKOTA,-0.20561726835445215
1976,TENNESSEE,1.1407031382360877
1976,TEXAS,1.072575824859845
1976,UTAH,1.0923713392030354
1976,VERMONT,1.0833033470450282
1976,VIRGINIA,0.9646554797214879
1976,WASHINGTON,0.9428563317959604
1976,WEST VIRGINIA,1.0439488081356751
1976,WISCONSIN,1.037120536587599
1976,WYOMING,0.7293560989661607
1977,ALABAMA,0.987367253610616
1977,ALASKA,0.28746549103859653
1977,ARIZONA,0.9536139418184542
1977,ARKANSAS,1.0402957972261317
1977,CALIFORNIA,0.9441724045673672
1977,COLORADO,0.9615200799523604
1977,CONNECTICUT,1.068744822137857
1977,DELAWARE,0.7885322546233642
1977,DISTRICT OF COLUMBIA,1.004866071073507
1977,FLORIDA,1.035977766707008
1977,GEORGIA,0.9671772875419649
1977,HAWAII,0.5938085713113495
1977,IDAHO,0.6696522367093172
1977,ILLINOIS,1.0133824305224692
1977,INDIANA,1.089579536977947
1977,IOWA,1.076739167348273
1977,KANSAS,0.8943221041933347
1977,KENTUCKY,1.1919890020042345
1977,LOUISIANA,1.0930596434407303
1977,MAINE,0.7989096085010194
1977,MARYLAND,0.8407292353736828
1977,MASSACHUSETTS,0.9677228088570189
1977,MICHIGAN,1.2708865070734099
1977,MINNESOTA,1.276583841797163
1977,MISSISSIPPI,1.1205111180795368
1977,MISSOURI,1.1198185130145033
1977,MONTANA,0.702592485835396
1977,NEBRASKA,0.8723078778786864
1977,NEVADA,1.087900040727674
1977,NEW HAMPSHIRE,1.0713192023211748
1977,NEW JERSEY,1.0051048239521965
1977,NEW MEXICO,1.0113994377650481
1977,NEW YORK,0.9274278457531704
1977,NORTH CAROLINA,0.9010077946552508
1977,NORTH DAKOTA,0.36590686541309037
1977,OHIO,1.1369621445367573
1977,OKLAHOMA,1.047551747802311
1977,OREGON,0.946826931381195
1977,PENNSYLVANIA,1.0540377436448534
1977,RHODE ISLAND,0.9687991534944818
1977,SOUTH CAROLINA,0.8473229322732312
1977,SOUTH DAKOTA,1.4242860739621666
1977,TENNESSEE,0.997659230013892
1977,TEXAS,0.9946514240857685
1977,UTAH,1.025688603530761
1977,VERMONT,0.7716211287490671
1977,VIRGINIA,0.9987942410514039
1977,WASHINGTON,0.9250369305148443
1977,WEST VIRGINIA,1.1299581529027325
1977,WISCONSIN,1.1937037056139133
1977,WYOMING,1.2970132484518837
1978,ALABAMA,1.2674964879664907
1978,ALASKA,0.18767924350289178
1978,ARIZONA,1.4105565834956924
1978,ARKANSAS,1.5262789009140354
1978,CALIFORNIA,1.1794211798610732
1978,COLORADO,1.2984190571146526
1978,CONNECTICUT,1.1557005521648067
1978,DELAWARE,0.9690272414286882
1978,DISTRICT OF COLUMBIA,0.8719707173566293
1978,FLORIDA,1.3045102964943434
1978,GEORGIA,1.2780255046309419
1978,HAWAII,0.9684754882611335
1978,IDAHO,1.2312863526765527
1978,ILLINOIS,1.063751611810937
1978,INDIANA,1.1458669097481389
1978,IOWA,1.585850516957632
1978,KANSAS,1.0650376464282685
1978,KENTUCKY,1.1275617187182396
1978,LOUISIANA,1.373648188449672
1978,MAINE,1.0312127609122035
1978,MARYLAND,1.114006468077977
1978,MASSACHUSETTS,1.1158385718058383
1978,MICHIGAN,1.1557328839646885
1978,MINNESOTA,1.2174529800150546
1978,MISSISSIPPI,1.1184683012918306
1978,MISSOURI,1.1490408925182827
1978,MONTANA,1.6119164647061313
1978,NEBRASKA,1.5982297001495782
1978,NEVADA,1.437881566514787
1978,NEW HAMPSHIRE,1.3303293311605957
1978,NEW JERSEY,1.129401354364079
1978,NEW MEXICO,1.2937793138139808
1978,NEW YORK,1.0274817100441869
1978,NORTH CAROLINA,1.24091909478794
1978,NORTH DAKOTA,2.5803165162097796
1978,OHIO,1.0968572713747404
1978,OKLAHOMA,1.249564498584621
1978,OREGON,1.2072351717447916
1978,PENNSYLVANIA,1.1053700202525496
1978,RHODE ISLAND,1.0194793377695133
1978,SOUTH CAROLINA,1.2084986574228074
1978,SOUTH DAKOTA,1.6100475071787024
1978,TENNESSEE,1.3449319099756663
1978,TEXAS,1.3396465100113941
1978,UTAH,1.1932113646014209
1978,VERMONT,1.408697485535293
1978,VIRGINIA,1.2515037314404065
1978,WASHINGTON,1.3476792910851243
1978,WEST VIRGINIA,1.1435377447199357
1978,WISCONSIN,1.1945621458135935
1978,WYOMING,1.4652512400659123
1979,ALABAMA,1.0915121476271716
1979,ALASKA,0.5735866584721361
1979,ARIZONA,1.2803262432558027
1979,ARKANSAS,0.9085548284960554
1979,CALIFORNIA,1.1721254455775876
1979,COLORADO,1.1771395309992716
1979,CONNECTICUT,1.2558439201341587
1979,DELAWARE,1.029299379417603
1979,DISTRICT OF COLUMBIA,0.7805592983676668
1979,FLORIDA,1.145215400580879
1979,GEORGIA,1.0460554945269651
1979,HAWAII,1.0049765248820286
1979,IDAHO,0.7404287927490705
1979,ILLINOIS,1.0253926911421685
1979,INDIANA,1.0192474014672603
1979,IOWA,0.7752280398995781
1979,KANSAS,1.4056462134283132
1979,KENTUCKY,1.215466508099472
1979,LOUISIANA,1.241385027663644
1979,MAINE,1.082161401445525
1979,MARYLAND,1.002897516227863
1979,MASSACHUSETTS,1.1782757251106224
1979,MICHIGAN,0.946767812222471
1979,MINNESOTA,1.0823188311932075
1979,MISSISSIPPI,1.3151403033633935
1979,MISSOURI,1.1716194260090518
1979,MONTANA,0.736810674804067
1979,NEBRASKA,0.8267837223986385
1979,NEVADA,0.9311916782643648
1979,NEW HAMPSHIRE,1.2774347240662953
1979,NEW JERSEY,1.114537188513065
1979,NEW MEXICO,1.09572938605349
1979,NEW YORK,1.0330343479068915
1979,NORTH CAROLINA,1.0090414465237396
1979,NORTH DAKOTA,0.2792898345880257
1979,OHIO,1.0986141591885046
1979,OKLAHOMA,1.45191782534142
1979,OREGON,1.0635935814807373
1979,PENNSYLVANIA,1.109459041676275
1979,RHODE ISLAND,1.1742311020579654
1979,SOUTH CAROLINA,1.1296010872118512
1979,SOUTH DAKOTA,1.0906659822249587
1979,TENNESSEE,1.0518628132045515
1979,TEXAS,1.2509886175978702
1979,UTAH,0.9544813058363522
1979,VERMONT,1.147448194811873
1979,VIRGINIA,1.1233132767235476
1979,WASHINGTON,1.2031448764674657
1979,WEST VIRGINIA,1.129356387139402
1979,WISCONSIN,1.1761497069168847
1979,WYOMING,1.1898666314737572
1980,ALABAMA,1.0077173307788234
1980,ALASKA,1.2658581549508607
1980,ARIZONA,1.1510700460162893
1980,ARKANSAS,0.7789833027803894
1980,CALIFORNIA,1.1274216472429321
1980,COLORADO,1.2532389296006752
1980,CONNECTICUT,1.3484999593714742
1980,DELAWARE,1.3547838489679664
1980,DISTRICT OF COLUMBIA,0.8592699115743008
1980,FLORIDA,1.3910173354611866
1980,GEORGIA,1.020054198836018
1980,HAWAII,1.2480969392870023
1980,IDAHO,1.1184434107159191
1980,ILLINOIS,0.8579756599198296
1980,INDIANA,0.771204709614004
1980,IOWA,0.6971881348490472
1980,KANSAS,0.9343068834556156
1980,KENTUCKY,0.8816141435468605
1980,LOUISIANA,1.3414790562198187
1980,MAINE,1.2867518016898005
1980,MARYLAND,1.1555626949204756
1980,MASSACHUSETTS,1.3045420038293454
1980,MICHIGAN,0.7321585342229708
1980,MINNESOTA,1.0274217240757944
1980,MISSISSIPPI,0.8783190392636975
1980,MISSOURI,0.8242645961995532
1980,MONTANA,1.0734389300278036
1980,NEBRASKA,0.6557778168654105
1980,NEVADA,0.9454429450515223
1980,NEW HAMPSHIRE,1.3292755357780406
1980,NEW JERSEY,1.2688488062908787
1980,NEW MEXICO,1.0381202301483317
1980,NEW YORK,1.2231252005656224
1980,NORTH CAROLINA,1.0982604875996005
1980,NORTH DAKOTA,-0.5256954269341363
1980,OHIO,0.9654854898268894
1980,OKLAHOMA,1.3035468818992202
1980,OREGON,0.8578699760217079
1980,PENNSYLVANIA,1.005027302965389
1980,RHODE ISLAND,1.368390996189528
1980,SOUTH CAROLINA,1.10688071643259
1980,SOUTH DAKOTA,0.06323202375382309
1980,TENNESSEE,0.9252550357855549
1980,TEXAS,1.1656811654862542
1980,UTAH,0.8569458299050536
1980,VERMONT,1.1325745023184286
1980,VIRGINIA,1.2497944674853656
1980,WASHINGTON,0.9926434941562867
1980,WEST VIRGINIA,0.9904954826574386
1980,WISCONSIN,0.9844897059101632
1980,WYOMING,1.152929479043907
1981,ALABAMA,1.1160897210097387
1981,ALASKA,1.007980126540664
1981,ARIZONA,1.166795626663042
1981,ARKANSAS,1.3774045688856873
1981,CALIFORNIA,1.0302136421506347
1981,COLORADO,1.256484564580207
1981,CONNECTICUT,1.181404030432165
1981,DELAWARE,1.0380055305588165
1981,DISTRICT OF COLUMBIA,0.8000013682120111
1981,FLORIDA,1.2205132850619416
1981,GEORGIA,1.211604778835773
1981,HAWAII,0.7323583563002778
1981,IDAHO,0.88754791703054
1981,ILLINOIS,1.105641741224761
1981,INDIANA,1.0321519704888926
1981,IOWA,1.3709573549873122
1981,KANSAS,1.2850721710123691
1981,KENTUCKY,1.1677105112071429
1981,LOUISIANA,1.4102382859723983
1981,MAINE,1.0258592014398493
1981,MARYLAND,1.0700915375682962
1981,MASSACHUSETTS,1.1374935606558667
1981,MICHIGAN,0.7810616299751771
1981,MINNESOTA,1.042033455897351
1981,MISSISSIPPI,1.2514603515171308
1981,MISSOURI,1.1876119355047177
1981,MONTANA,1.3108291489176471
1981,NEBRASKA,1.5936964940772347
1981,NEVADA,0.8887599605963636
1981,NEW HAMPSHIRE,1.2157518968134884
1981,NEW JERSEY,1.1389959655120574
1981,NEW MEXICO,1.157943873988243
1981,NEW YORK,1.1792871739621402
1981,NORTH CAROLINA,1.2161839211706216
1981,NORTH DAKOTA,2.9098373652484577
1981,OHIO,0.9322583847228394
1981,OKLAHOMA,1.4977269071810184
1981,OREGON,0.7155513844863792
1981,PENNSYLVANIA,1.0840785052654178
1981,RHODE ISLAND,1.1276274705448452
1981,SOUTH CAROLINA,1.166621116592692
1981,SOUTH DAKOTA,1.707595874003065
1981,TENNESSEE,1.1224229147380305
1981,TEXAS,1.4537372059278963
1981,UTAH,1.0123439209272833
1981,VERMONT,1.2335986825955603
1981,VIRGINIA,1.0992715007282605
1981,WASHINGTON,0.9260614863447758
1981,WEST VIRGINIA,0.9511131262774919
1981,WISCONSIN,0.9183750985010342
1981,WYOMING,1.0506981475045363
1982,ALABAMA,0.5802877070535395
1982,ALASKA,1.312880888398782
1982,ARIZONA,0.3707981820111117
1982,ARKANSAS,0.5415431565825912
1982,CALIFORNIA,0.49691455681981633
1982,COLORADO,0.6994686200338052
1982,CONNECTICUT,0.7729690214358431
1982,DELAWARE,0.7258012943444969
1982,DISTRICT OF COLUMBIA,0.7123517310497096
1982,FLORIDA,0.5407489971833046
1982,GEORGIA,0.7059674445467179
1982,HAWAII,0.438659673968389
1982,IDAHO,0.4025769748168484
1982,ILLINOIS,0.6236229638014512
1982,INDIANA,0.40661416107512505
1982,IOWA,0.3631108994879062
1982,KANSAS,0.792482704686237
1982,KENTUCKY,0.6528324113684425
1982,LOUISIANA,0.625585529191719
1982,MAINE,0.8787655195983346
1982,MARYLAND,0.8073259916051345
1982,MASSACHUSETTS,0.9772087639364546
1982,MICHIGAN,0.4816604779422917
1982,MINNESOTA,0.6863164875474448
1982,MISSISSIPPI,0.5250803034458018
1982,MISSOURI,0.729059223761519
1982,MONTANA,0.4505651710408509
1982,NEBRASKA,0.7529369442089928
1982,NEVADA,0.2822535750112376
1982,NEW HAMPSHIRE,0.905962787582304
1982,NEW JERSEY,0.782192865333009
1982,NEW MEXICO,0.7438996633198025
1982,NEW YORK,0.8715905547590719
1982,NORTH CAROLINA,0.6330890216680318
1982,NORTH DAKOTA,0.6794048800749408
1982,OHIO,0.520864482686223
1982,OKLAHOMA,0.8052444217491628
1982,OREGON,0.31690686888681263
1982,PENNSYLVANIA,0.7217777809653825
1982,RHODE ISLAND,0.7850586498960643
1982,SOUTH CAROLINA,0.5756223568433416
1982,SOUTH DAKOTA,0.5562158305160825
1982,TENNESSEE,0.6245708425783869
1982,TEXAS,0.6274296957873071
1982,UTAH,0.5843766026014219
1982,VERMONT,0.8181048150799342
1982,VIRGINIA,0.7359171278183307
1982,WASHINGTON,0.5433120018288218
1982,WEST VIRGINIA,0.6640965150988887
1982,WISCONSIN,0.5724480926016184
1982,WYOMING,0.20755888407604228
1983,ALABAMA,0.7240646583455357
1983,ALASKA,0.028115598963496247
1983,ARIZONA,0.7441830589315579
1983,ARKANSAS,0.5794209283431995
1983,CALIFORNIA,0.5835833152101122
1983,COLORADO,0.5538565683239849
1983,CONNECTICUT,0.6245003445210173
1983,DELAWARE,0.5571114410753975
1983,DISTRICT OF COLUMBIA,0.5494439792846473
1983,FLORIDA,0.7772933970276563
1983,GEORGIA,0.8360144353518173
1983,HAWAII,0.7762229682914068
1983,IDAHO,0.8733632017099868
1983,ILLINOIS,0.43675746945499583
1983,INDIANA,0.5477302851294885
1983,IOWA,0.26308834761836764
1983,KANSAS,0.36771309163852184
1983,KENTUCKY,0.3768949494161511
1983,LOUISIANA,0.35925013407369644
1983,MAINE,0.727981807313105
1983,MARYLAND,0.6485854088315035
1983,MASSACHUSETTS,0.8048214237088125
1983,MICHIGAN,0.7479927284514298
1983,MINNESOTA,0.5380014341135997
1983,MISSISSIPPI,0.4507990609081469
1983,MISSOURI,0.661787008616499
1983,MONTANA,0.4035951068652732
1983,NEBRASKA,0.3393836172809639
1983,NEVADA,0.4244900022083442
1983,NEW HAMPSHIRE,0.8760023699305952
1983,NEW JERSEY,0.7480269828151753
1983,NEW MEXICO,0.5510741184323598
1983,NEW YORK,0.7316413565441326
1983,NORTH CAROLINA,0.8114853491746343
1983,NORTH DAKOTA,0.4082552126428496
1983,OHIO,0.620563912229799
1983,OKLAHOMA,-0.027777713554011374
1983,OREGON,0.7054803938441268
1983,PENNSYLVANIA,0.5038689833460674
1983,RHODE ISLAND,0.8074033881523501
1983,SOUTH CAROLINA,0.8065393145822108
1983,SOUTH DAKOTA,0.35712037259036933
1983,TENNESSEE,0.6720629261596889
1983,TEXAS,0.40782335814222304
1983,UTAH,0.49248133820409823
1983,VERMONT,0.6794417291555943
1983,VIRGINIA,0.6604007990061778
1983,WASHINGTON,0.6302377642412704
1983,WEST VIRGINIA,0.31322917292424535
1983,WISCONSIN,0.5404178402187654
1983,WYOMING,-0.15947228999125818
1984,ALABAMA,0.9872962142978059
1984,ALASKA,0.11525488706878306
1984,ARIZONA,0.9541842104350273
1984,ARKANSAS,1.1222510472769232
1984,CALIFORNIA,0.8992575203729869
1984,COLORADO,0.7859208984302368
1984,CONNECTICUT,1.100820794595081
1984,DELAWARE,0.9290300725442124
1984,DISTRICT OF COLUMBIA,0.8886652451805421
1984,FLORIDA,0.8631225010271804
1984,GEORGIA,1.1512988216872966
1984,HAWAII,0.5636196578033603
1984,IDAHO,0.5862336166237547
1984,ILLINOIS,1.024796493576141
1984,INDIANA,1.1018792780894904
1984,IOWA,1.2034484332499984
1984,KANSAS,0.947811928731257
1984,KENTUCKY,1.2000090940021968
1984,LOUISIANA,0.6499394347391663
1984,MAINE,0.9752475667166305
1984,MARYLAND,0.9592386068876246
1984,MASSACHUSETTS,1.193162727056718
1984,MICHIGAN,1.048351821147242
1984,MINNESOTA,1.2967731497485868
1984,MISSISSIPPI,0.9298755300939154
1984,MISSOURI,1.0397929673608308
1984,MONTANA,0.5138667807434327
1984,NEBRASKA,1.118502662050358
1984,NEVADA,0.6353627174160215
1984,NEW HAMPSHIRE,1.0910225837228449
1984,NEW JERSEY,0.9892651248025963
1984,NEW MEXICO,0.7744607994477848
1984,NEW YORK,1.019091403368333
1984,NORTH CAROLINA,1.1764961198187596
1984,NORTH DAKOTA,0.7626589661197336
1984,OHIO,1.0605824307682976
1984,OKLAHOMA,0.7660624859914922
1984,OREGON,0.8043578847252153
1984,PENNSYLVANIA,0.8378833121296614
1984,RHODE ISLAND,0.9294261480364829
1984,SOUTH CAROLINA,1.0567481433239934
1984,SOUTH DAKOTA,1.3284427640495755
1984,TENNESSEE,1.0948036987548981
1984,TEXAS,0.7879744982032033
1984,UTAH,0.892674776939173
1984,VERMONT,0.9495917193613534
1984,VIRGINIA,0.979640554208494
1984,WASHINGTON,0.6174193719073129
1984,WEST VIRGINIA,0.8864809968107679
1984,WISCONSIN,0.9814148217245355
1984,WYOMING,0.5682627073308799
1985,ALABAMA,0.7250435762198526
1985,ALASKA,0.4478146702057595
1985,ARIZONA,0.733364321167107
1985,ARKANSAS,0.6188103997825767
1985,CALIFORNIA,0.569340457305012
1985,COLORADO,0.47528745597065214
1985,CONNECTICUT,0.6600492531117608
1985,DELAWARE,0.7351031915837414
1985,DISTRICT OF COLUMBIA,0.567036840901336
1985,FLORIDA,0.6486183584081928
1985,GEORGIA,0.7327429118225925
1985,HAWAII,0.5199658826391618
1985,IDAHO,0.5536103219128341
1985,ILLINOIS,0.5227784202258778
1985,INDIANA,0.5747696617821152
1985,IOWA,0.46450487299465326
1985,KANSAS,0.515809722066396
1985,KENTUCKY,0.4512222637319985
1985,LOUISIANA,0.4132772214770819
1985,MAINE,0.7556949473211505
1985,MARYLAND,0.718984315390836
1985,MASSACHUSETTS,0.7321852298536768
1985,MICHIGAN,0.8221217059126262
1985,MINNESOTA,0.5612321202929982
1985,MISSISSIPPI,0.5176323182487286
1985,MISSOURI,0.6591876075823899
1985,MONTANA,0.13151340858343907
1985,NEBRASKA,0.5744635612527693
1985,NEVADA,0.5505077913535716
1985,NEW HAMPSHIRE,0.801712273967814
1985,NEW JERSEY,0.6441662501664336
1985,NEW MEXICO,0.681627379120453
1985,NEW YORK,0.6776786809965296
1985,NORTH CAROLINA,0.6720522461507228
1985,NORTH DAKOTA,0.4043860643986541
1985,OHIO,0.6307820654064988
1985,OKLAHOMA,0.4614216445148589
1985,OREGON,0.49306531985235935
1985,PENNSYLVANIA,0.6465483482516854
1985,RHODE ISLAND,0.7030002381315015
1985,SOUTH CAROLINA,0.6225634312693629
1985,SOUTH DAKOTA,0.247773301379417
1985,TENNESSEE,0.6558189141805171
1985,TEXAS,0.6082469200160201
1985,UTAH,0.5929443249246269
1985,VERMONT,0.7868154049585963
1985,VIRGINIA,0.6787787330215567
1985,WASHINGTON,0.5050547061475896
1985,WEST VIRGINIA,0.5564408749863192
1985,WISCONSIN,0.5219978707710071
1985,WYOMING,0.5641138687290992
1986,ALABAMA,0.5552833922631395
1986,ALASKA,-0.12891146448816837
1986,ARIZONA,0.5345506212618201
1986,ARKANSAS,0.5095036102583217
1986,CALIFORNIA,0.47421526967383887
1986,COLORADO,0.3026934078601551
1986,CONNECTICUT,0.6719591051581153
1986,DELAWARE,0.4878479241077871
1986,DISTRICT OF COLUMBIA,0.46012732077822527
1986,FLORIDA,0.5344147700295121
1986,GEORGIA,0.7051166944861853
1986,HAWAII,0.4945007549926439
1986,IDAHO,0.2567381552089687
1986,ILLINOIS,0.5357859223085626
1986,INDIANA,0.5573118020339551
1986,IOWA,0.48385328484377155
1986,KANSAS,0.46989169540518905
1986,KENTUCKY,0.31619824711135447
1986,LOUISIANA,0.01571737989933819
1986,MAINE,0.7734801555904003
1986,MARYLAND,0.6195252963607567
1986,MASSACHUSETTS,0.7384074257153816
1986,MICHIGAN,0.5796097725540461
1986,MINNESOTA,0.5309455765095672
1986,MISSISSIPPI,0.3744897065934394
1986,MISSOURI,0.4902047802254783
1986,MONTANA,0.5269074136636798
1986,NEBRASKA,0.3689523707728126
1986,NEVADA,0.48385302888154236
1986,NEW HAMPSHIRE,0.7445452906672756
1986,NEW JERSEY,0.6207023296784797
1986,NEW MEXICO,0.23121090721252013
1986,NEW YORK,0.6512521292310502
1986,NORTH CAROLINA,0.6831029648322273
1986,NORTH DAKOTA,0.2713894345891532
1986,OHIO,0.48214199468303853
1986,OKLAHOMA,0.12640503208323217
1986,OREGON,0.4931269140020289
1986,PENNSYLVANIA,0.5151855776752035
1986,RHODE ISLAND,0.6344699037134083
1986,SOUTH CAROLINA,0.5830787623125389
1986,SOUTH DAKOTA,0.4860954715183885
1986,TENNESSEE,0.6675643935136089
1986,TEXAS,0.053725709266627675
1986,UTAH,0.4028610133813615
1986,VERMONT,0.6889727942885893
1986,VIRGINIA,0.6111369933392785
1986,WASHINGTON,0.5579908798711619
1986,WEST VIRGINIA,0.39282254106121073
1986,WISCONSIN,0.5426205517578664
1986,WYOMING,0.04148101744676502
1987,ALABAMA,0.5431185200541755
1987,ALASKA,-0.3239699487901593
1987,ARIZONA,0.3798238815644783
1987,ARKANSAS,0.38589810411662206
1987,CALIFORNIA,0.5072181637592044
1987,COLORADO,0.3043390130198276
1987,CONNECTICUT,0.808284755291977
1987,DELAWARE,0.6480622737025543
1987,DISTRICT OF COLUMBIA,0.5617541886277388
1987,FLORIDA,0.5340109225150602
1987,GEORGIA,0.5624809698278721
1987,HAWAII,0.5056780213695822
1987,IDAHO,0.5231578927403335
1987,ILLINOIS,0.5754178536645727
1987,INDIANA,0.5851892327539021
1987,IOWA,0.5849264018892741
1987,KANSAS,0.4101488369597339
1987,KENTUCKY,0.5969835324266315
1987,LOUISIANA,0.19963908525757468
1987,MAINE,0.7258657583499861
1987,MARYLAND,0.6002275122182654
1987,MASSACHUSETTS,0.7576256826179906
1987,MICHIGAN,0.3269789417700286
1987,MINNESOTA,0.5928605307177204
1987,MISSISSIPPI,0.6269311232345309
1987,MISSOURI,0.4741933653374941
1987,MONTANA,0.39568331094781417
1987,NEBRASKA,0.5241119029318675
1987,NEVADA,0.47574508562229223
1987,NEW HAMPSHIRE,0.7437103635244302
1987,NEW JERSEY,0.7000739042404058
1987,NEW MEXICO,0.3242994907124208
1987,NEW YORK,0.6347481924014131
1987,NORTH CAROLINA,0.659348408377114
1987,NORTH DAKOTA,0.44076830831798475
1987,OHIO,0.4586949286801145
1987,OKLAHOMA,0.10778852219734958
1987,OREGON,0.4581720830870495
1987,PENNSYLVANIA,0.5745610253536926
1987,RHODE ISLAND,0.5787840806794842
1987,SOUTH CAROLINA,0.6234890538658444
1987,SOUTH DAKOTA,0.5688397552512603
1987,TENNESSEE,0.6877439152166431
1987,TEXAS,0.16230421035379194
1987,UTAH,0.39687551770302143
1987,VERMONT,0.7320244392446051
1987,VIRGINIA,0.5823707695562286
1987,WASHINGTON,0.4068245135093962
1987,WEST VIRGINIA,0.4031132652712488
1987,WISCONSIN,0.5137883424516154
1987,WYOMING,0.003629336525756699
1988,ALABAMA,0.7476388924164468
1988,ALASKA,0.36919871329701426
1988,ARIZONA,0.5064214717395377
1988,ARKANSAS,0.7466555796296959
1988,CALIFORNIA,0.6004074983720242
1988,COLORADO,0.5742385102263103
1988,CONNECTICUT,0.9022515108187301
1988,DELAWARE,0.7571577613504132
1988,DISTRICT OF COLUMBIA,1.0090272649388776
1988,FLORIDA,0.7054707915368219
1988,GEORGIA,0.722992995701488
1988,HAWAII,0.8607489504831589
1988,IDAHO,0.8240123659647658
1988,ILLINOIS,0.7744617072156679
1988,INDIANA,0.6756881461333908
1988,IOWA,0.33675380206446004
1988,KANSAS,0.4657804893456241
1988,KENTUCKY,0.8993608636093775
1988,LOUISIANA,0.7009139998696234
1988,MAINE,0.8445099460101524
1988,MARYLAND,0.7560919670733357
1988,MASSACHUSETTS,0.8941431860486126
1988,MICHIGAN,0.6406449030181616
1988,MINNESOTA,0.40462008195503163
1988,MISSISSIPPI,0.7605495568138387
1988,MISSOURI,0.5715565156784397
1988,MONTANA,0.3538779115754176
1988,NEBRASKA,0.6599257725546481
1988,NEVADA,0.7991740684722526
1988,NEW HAMPSHIRE,0.7126446417375476
1988,NEW JERSEY,0.890261825031291
1988,NEW MEXICO,0.4971391989534002
1988,NEW YORK,0.8974478245309614
1988,NORTH CAROLINA,0.8209648260191438
1988,NORTH DAKOTA,-0.7018042532766722
1988,OHIO,0.6961787810757514
1988,OKLAHOMA,0.5809029110009689
1988,OREGON,0.7344429930348451
1988,PENNSYLVANIA,0.7921210772512621
1988,RHODE ISLAND,0.9307375209765878
1988,SOUTH CAROLINA,0.7825114626774488
1988,SOUTH DAKOTA,0.42208600020894327
1988,TENNESSEE,0.784190959865505
1988,TEXAS,0.5817913910143968
1988,UTAH,0.5826707811437126
1988,VERMONT,0.7365572912359175
1988,VIRGINIA,0.746753128204336
1988,WASHINGTON,0.6370751692624799
1988,WEST VIRGINIA,0.8472662761811467
1988,WISCONSIN,0.5388896976508573
1988,WYOMING,0.47108910581157293
1989,ALABAMA,0.8595543396188843
1989,ALASKA,0.8116959129378154
1989,ARIZONA,0.477352713905721
1989,ARKANSAS,0.7235553327314737
1989,CALIFORNIA,0.481724586564658
1989,COLORADO,0.7200673087875975
1989,CONNECTICUT,0.7723924766098067
1989,DELAWARE,0.913747191948322
1989,DISTRICT OF COLUMBIA,0.6701014759045387
1989,FLORIDA,0.8258975429638049
1989,GEORGIA,0.6176294938824878
1989,HAWAII,0.9853830379296991
1989,IDAHO,0.9091492980726645
1989,ILLINOIS,0.6431579727001813
1989,INDIANA,0.8239873185694746
1989,IOWA,0.8730580818003597
1989,KANSAS,0.5457217946108761
1989,KENTUCKY,0.7663069715757365
1989,LOUISIANA,0.7079822147386228
1989,MAINE,0.7524391325186119
1989,MARYLAND,0.6371160934755649
1989,MASSACHUSETTS,0.5122405145860487
1989,MICHIGAN,0.7204167280174145
1989,MINNESOTA,0.8044699773142705
1989,MISSISSIPPI,0.8493904479781156
1989,MISSOURI,0.688446347555538
1989,MONTANA,1.0279135235043757
1989,NEBRASKA,0.5914415115880312
1989,NEVADA,0.6386083770193451
1989,NEW HAMPSHIRE,0.495473138786684
1989,NEW JERSEY,0.6862618172053248
1989,NEW MEXICO,0.627450031895127
1989,NEW YORK,0.7595555941054766
1989,NORTH CAROLINA,0.7629965807581129
1989,NORTH DAKOTA,1.3425852338797117
1989,OHIO,0.719644569791944
1989,OKLAHOMA,0.6989001742504719
1989,OREGON,0.7882792680307338
1989,PENNSYLVANIA,0.8009862619912322
1989,RHODE ISLAND,0.8199289722754299
1989,SOUTH CAROLINA,0.7517549436048654
1989,SOUTH DAKOTA,0.7931906769397479
1989,TENNESSEE,0.6715339669058462
1989,TEXAS,0.5997438106211783
1989,UTAH,0.6432785850107647
1989,VERMONT,0.8793781974323789
1989,VIRGINIA,0.6595604965336843
1989,WASHINGTON,0.7904174516960571
1989,WEST VIRGINIA,0.7410922327562686
1989,WISCONSIN,0.8179735431003143
1989,WYOMING,1.060488838756668
1990,ALABAMA,0.5901985557938305
1990,ALASKA,0.47619782624845897
1990,ARIZONA,0.3132560055922218
1990,ARKANSAS,0.4960156445755759
1990,CALIFORNIA,0.4426368918608814
1990,COLORADO,0.48339491609277196
1990,CONNECTICUT,0.2781768824523967
1990,DELAWARE,0.35800273827470974
1990,DISTRICT OF COLUMBIA,0.7296289239738574
1990,FLORIDA,0.35629900190115027
1990,GEORGIA,0.5275153133437849
1990,HAWAII,0.7130281271492178
1990,IDAHO,0.6089135781755628
1990,ILLINOIS,0.5616931814919957
1990,INDIANA,0.4888635803868002
1990,IOWA,0.4926463611461429
1990,KANSAS,0.5739105113768295
1990,KENTUCKY,0.5682395211992874
1990,LOUISIANA,0.8385766275987194
1990,MAINE,0.3124644664718623
1990,MARYLAND,0.4318751342714311
1990,MASSACHUSETTS,0.280621509063983
1990,MICHIGAN,0.39190959499073585
1990,MINNESOTA,0.4918824499026142
1990,MISSISSIPPI,0.5187559354120852
1990,MISSOURI,0.37450833442258524
1990,MONTANA,0.5128840789605293
1990,NEBRASKA,0.6574062087499666
1990,NEVADA,0.4347070110191087
1990,NEW HAMPSHIRE,-0.0014596030561531137
1990,NEW JERSEY,0.435323346861205
1990,NEW MEXICO,0.5468878917145092
1990,NEW YORK,0.6572819996079948
1990,NORTH CAROLINA,0.4674762764134144
1990,NORTH DAKOTA,0.958471941383543
1990,OHIO,0.5508353641737518
1990,OKLAHOMA,0.546262749474935
1990,OREGON,0.5353739131482183
1990,PENNSYLVANIA,0.5464167604772863
1990,RHODE ISLAND,0.2401019021976758
1990,SOUTH CAROLINA,0.6100790430487057
1990,SOUTH DAKOTA,0.93351089775211
1990,TENNESSEE,0.5477069300763082
1990,TEXAS,0.6316535985021687
1990,UTAH,0.6920590171033636
1990,VERMONT,0.2559429576334038
1990,VIRGINIA,0.3467612688287991
1990,WASHINGTON,0.6176334452846488
1990,WEST VIRGINIA,0.737218066275469
1990,WISCONSIN,0.4688184364349146
1990,WYOMING,0.8714109245655743
1991,ALABAMA,0.45340144558161377
1991,ALASKA,0.12647039819948525
1991,ARIZONA,0.23852378871007662
1991,ARKANSAS,0.4719383689298473
1991,CALIFORNIA,0.17209051961677435
1991,COLORADO,0.34818880672804475
1991,CONNECTICUT,0.07193156151226177
1991,DELAWARE,0.3625119120177267
1991,DISTRICT OF COLUMBIA,0.5091845529499262
1991,FLORIDA,0.15734742689479386
1991,GEORGIA,0.27520615161991113
1991,HAWAII,0.35835529600984906
1991,IDAHO,0.2256167065407988
1991,ILLINOIS,0.10836279953663208
1991,INDIANA,0.2010433295473124
1991,IOWA,0.170314356894119
1991,KANSAS,0.2702610314030185
1991,KENTUCKY,0.4745112658008477
1991,LOUISIANA,0.47170111042806884
1991,MAINE,0.13153680260737932
1991,MARYLAND,0.21350817559071533
1991,MASSACHUSETTS,0.15716946209645144
1991,MICHIGAN,0.13071571310043772
1991,MINNESOTA,0.19420819356341656
1991,MISSISSIPPI,0.46861236405151274
1991,MISSOURI,0.35775587127366837
1991,MONTANA,0.5411690740835917
1991,NEBRASKA,0.2726978552760162
1991,NEVADA,0.34360088308489356
1991,NEW HAMPSHIRE,0.3603494643716898
1991,NEW JERSEY,0.12617296188444094
1991,NEW MEXICO,0.47676974627473
1991,NEW YORK,-0.05055259143009749
1991,NORTH CAROLINA,0.2783611099729688
1991,NORTH DAKOTA,0.163037215735784
1991,OHIO,0.15660719935250977
1991,OKLAHOMA,0.22249187339982157
1991,OREGON,0.2829802577361651
1991,PENNSYLVANIA,0.3447342976323098
1991,RHODE ISLAND,0.05098299600272416
1991,SOUTH CAROLINA,0.2444395228652141
1991,SOUTH DAKOTA,0.32670907831449103
1991,TENNESSEE,0.36816146524134563
1991,TEXAS,0.25602522727583565
1991,UTAH,0.4381813286481018
1991,VERMONT,0.1288749788370902
1991,VIRGINIA,0.28119956685157543
1991,WASHINGTON,0.4425363551779693
1991,WEST VIRGINIA,0.4019176880358133
1991,WISCONSIN,0.2713363998338103
1991,WYOMING,0.3702593935325682
1992,ALABAMA,0.6095227832189742
1992,ALASKA,0.3038027653864406
1992,ARIZONA,0.3278952600205942
1992,ARKANSAS,0.745243551253072
1992,CALIFORNIA,0.36902556814706333
1992,COLORADO,0.5139462026472419
1992,CONNECTICUT,0.7022540202571426
1992,DELAWARE,0.2514216679418757
1992,DISTRICT OF COLUMBIA,0.5346350348793827
1992,FLORIDA,0.3712332049277345
1992,GEORGIA,0.5614033879031588
1992,HAWAII,0.5366099369416011
1992,IDAHO,0.6823072187832402
1992,ILLINOIS,0.6716366046606081
1992,INDIANA,0.7013732175199738
1992,IOWA,0.6413636194121386
1992,KANSAS,0.6143599505406216
1992,KENTUCKY,0.6488608301792098
1992,LOUISIANA,0.6118703210282739
1992,MAINE,0.46968800360913665
1992,MARYLAND,0.3708035766751383
1992,MASSACHUSETTS,0.4717682265957146
1992,MICHIGAN,0.5029888395061022
1992,MINNESOTA,0.6059730973647426
1992,MISSISSIPPI,0.671325788206456
1992,MISSOURI,0.5438316885953309
1992,MONTANA,0.4172022704941991
1992,NEBRASKA,0.5184133616463971
1992,NEVADA,0.608159234685135
1992,NEW HAMPSHIRE,0.41284928127625076
1992,NEW JERSEY,0.6258809328701265
1992,NEW MEXICO,0.4819786115436653
1992,NEW YORK,0.48385695483736946
1992,NORTH CAROLINA,0.6966593208854066
1992,NORTH DAKOTA,0.9105042108078276
1992,OHIO,0.5635237915961433
1992,OKLAHOMA,0.49063893599208264
1992,OREGON,0.4662351586087521
1992,PENNSYLVANIA,0.48911185255680056
1992,RHODE ISLAND,0.4393474167443623
1992,SOUTH CAROLINA,0.5002014453549419
1992,SOUTH DAKOTA,0.6717246896896789
1992,TENNESSEE,0.745512870037679
1992,TEXAS,0.5870621225295691
1992,UTAH,0.4813123301393718
1992,VERMONT,0.6212480166821743
1992,VIRGINIA,0.4425448214395278
1992,WASHINGTON,0.513245648021976
1992,WEST VIRGINIA,0.7233436184165942
1992,WISCONSIN,0.6455350640589996
1992,WYOMING,0.40485348686081224
1993,ALABAMA,0.3128523436731534
1993,ALASKA,0.32004157837535185
1993,ARIZONA,0.35059266781916065
1993,ARKANSAS,0.3196137210104144
1993,CALIFORNIA,0.14621359997035732
1993,COLORADO,0.45908477050515817
1993,CONNECTICUT,0.28817042592581554
1993,DELAWARE,0.21518273879208571
1993,DISTRICT OF COLUMBIA,0.4199528190892421
1993,FLORIDA,0.38652278267412576
1993,GEORGIA,0.37345649782973833
1993,HAWAII,0.23541210593502893
1993,IDAHO,0.5902332041238356
1993,ILLINOIS,0.25681008114664117
1993,INDIANA,0.41955936882107636
1993,IOWA,-0.017556694300024933
1993,KANSAS,0.36362108664111936
1993,KENTUCKY,0.26940979158474043
1993,LOUISIANA,0.4373160796102393
1993,MAINE,0.2987255669537836
1993,MARYLAND,0.2928284701389394
1993,MASSACHUSETTS,0.3328495221827099
1993,MICHIGAN,0.45638848437004054
1993,MINNESOTA,0.1685158815407206
1993,MISSISSIPPI,0.5308016272777882
1993,MISSOURI,0.34900029020286105
1993,MONTANA,0.5758558916293843
1993,NEBRASKA,0.24659150790498074
1993,NEVADA,0.3502981658611626
1993,NEW HAMPSHIRE,0.21844183879229373
1993,NEW JERSEY,0.23980717969969145
1993,NEW MEXICO,0.487491412543406
1993,NEW YORK,0.2027534543060261
1993,NORTH CAROLINA,0.4378283187991716
1993,NORTH DAKOTA,0.0911585255066738
1993,OHIO,0.34436997726277063
1993,OKLAHOMA,0.2964562134901483
1993,OREGON,0.458578982253921
1993,PENNSYLVANIA,0.3161211607035863
1993,RHODE ISLAND,0.39249626669508597
1993,SOUTH CAROLINA,0.3918351262828468
1993,SOUTH DAKOTA,0.32119788495150736
1993,TENNESSEE,0.4575366994492347
1993,TEXAS,0.3516064934576457
1993,UTAH,0.4390781547192635
1993,VERMONT,0.30013296442303883
1993,VIRGINIA,0.3477755023092888
1993,WASHINGTON,0.27604830116338963
1993,WEST VIRGINIA,0.3138397157233186
1993,WISCONSIN,0.3955964044805249
1993,WYOMING,0.4230138891171409
1994,ALABAMA,0.4662274692353474
1994,ALASKA,0.2634451711247987
1994,ARIZONA,0.4808011772951426
1994,ARKANSAS,0.4745592100782625
1994,CALIFORNIA,0.2427566663841363
1994,COLORADO,0.4251477531653336
1994,CONNECTICUT,0.25144261950580393
1994,DELAWARE,0.2568459608280005
1994,DISTRICT OF COLUMBIA,0.3206084370325435
1994,FLORIDA,0.3049919131023815
1994,GEORGIA,0.4917945109143451
1994,HAWAII,0.10429842154915381
1994,IDAHO,0.36337873597351855
1994,ILLINOIS,0.43062881278119747
1994,INDIANA,0.5174039414821197
1994,IOWA,0.8300108492091507
1994,KANSAS,0.35342684772303734
1994,KENTUCKY,0.4105565589781479
1994,LOUISIANA,0.5750044046376246
1994,MAINE,0.40539311289122804
1994,MARYLAND,0.35397414359072954
1994,MASSACHUSETTS,0.4300888776451517
1994,MICHIGAN,0.6714584086082498
1994,MINNESOTA,0.5735125914538175
1994,MISSISSIPPI,0.6839539816115181
1994,MISSOURI,0.5004109137153767
1994,MONTANA,0.08213637965657217
1994,NEBRASKA,0.5452636523006094
1994,NEVADA,0.4065153383328246
1994,NEW HAMPSHIRE,0.5340294895617825
1994,NEW JERSEY,0.2596732997331763
1994,NEW MEXICO,0.38460915309304067
1994,NEW YORK,0.2577331685215123
1994,NORTH CAROLINA,0.4260624412069758
1994,NORTH DAKOTA,0.7908194129299551
1994,OHIO,0.5030082139490633
1994,OKLAHOMA,0.3513644070199273
1994,OREGON,0.49173481072977143
1994,PENNSYLVANIA,0.3081558340974899
1994,RHODE ISLAND,0.24389720893194244
1994,SOUTH CAROLINA,0.48524741555076023
1994,SOUTH DAKOTA,0.643714608966639
1994,TENNESSEE,0.4447987795657582
1994,TEXAS,0.3361520663786255
1994,UTAH,0.47895676364251294
1994,VERMONT,0.37171758433609536
1994,VIRGINIA,0.3812487584026414
1994,WASHINGTON,0.3174015822006382
1994,WEST VIRGINIA,0.42012652903358205
1994,WISCONSIN,0.5142778066600906
1994,WYOMING,0.29900921998158303
1995,ALABAMA,0.4780225616830558
1995,ALASKA,0.2592818624728377
1995,ARIZONA,0.43983485701108993
1995,ARKANSAS,0.4745520924007707
1995,CALIFORNIA,0.4318877470235405
1995,COLORADO,0.5597814439451732
1995,CONNECTICUT,0.49822269868637914
1995,DELAWARE,0.3982084760788096
1995,DISTRICT OF COLUMBIA,0.21526062912187172
1995,FLORIDA,0.5172902254521272
1995,GEORGIA,0.5309932334003786
1995,HAWAII,0.14947090725099255
1995,IDAHO,0.45212873763722516
1995,ILLINOIS,0.5087975345301476
1995,INDIANA,0.34727276759956016
1995,IOWA,0.34023149373192396
1995,KANSAS,0.3420158726448186
1995,KENTUCKY,0.3772822245245111
1995,LOUISIANA,0.41728803657461455
1995,MAINE,0.4237375904326157
1995,MARYLAND,0.3357871354382258
1995,MASSACHUSETTS,0.4882125154660022
1995,MICHIGAN,0.47794303873789357
1995,MINNESOTA,0.45095832325792173
1995,MISSISSIPPI,0.4513253663773309
1995,MISSOURI,0.4333949989272057
1995,MONTANA,0.3507365298128118
1995,NEBRASKA,0.44243102372107934
1995,NEVADA,0.41591867145627237
1995,NEW HAMPSHIRE,0.4583065501307937
1995,NEW JERSEY,0.5002351207366473
1995,NEW MEXICO,0.5063940349636198
1995,NEW YORK,0.48091761441029224
1995,NORTH CAROLINA,0.48507813764355756
1995,NORTH DAKOTA,-0.029179955673708236
1995,OHIO,0.42885325527954876
1995,OKLAHOMA,0.3432635172620824
1995,OREGON,0.5398104114280988
1995,PENNSYLVANIA,0.4175819758136745
1995,RHODE ISLAND,0.5087416361854835
1995,SOUTH CAROLINA,0.472295899453945
1995,SOUTH DAKOTA,0.10418842149164664
1995,TENNESSEE,0.536077366822818
1995,TEXAS,0.46571473127290375
1995,UTAH,0.6003012059948798
1995,VERMONT,0.4258275222382313
1995,VIRGINIA,0.37806178738106766
1995,WASHINGTON,0.36155992835735784
1995,WEST VIRGINIA,0.32110180210296324
1995,WISCONSIN,0.4110023668798535
1995,WYOMING,0.3676464279022795
1996,ALABAMA,0.36803816789092725
1996,ALASKA,0.20399088202220916
1996,ARIZONA,0.46602599838450054
1996,ARKANSAS,0.45762468884538166
1996,CALIFORNIA,0.502207071520222
1996,COLORADO,0.5160852742333466
1996,CONNECTICUT,0.4190537438176989
1996,DELAWARE,0.5121289333574142
1996,DISTRICT OF COLUMBIA,0.5247687489434494
1996,FLORIDA,0.4157441333984213
1996,GEORGIA,0.5421731268413277
1996,HAWAII,-0.04706860926793066
1996,IDAHO,0.3935754998187546
1996,ILLINOIS,0.5358519999290934
1996,INDIANA,0.4617547271206668
1996,IOWA,0.8195117434749877
1996,KANSAS,0.5810255062702385
1996,KENTUCKY,0.5152151410231287
1996,LOUISIANA,0.3937046322942006
1996,MAINE,0.5052607757743965
1996,MARYLAND,0.37251347375653054
1996,MASSACHUSETTS,0.5371453392227332
1996,MICHIGAN,0.4163983503626234
1996,MINNESOTA,0.6354918795267617
1996,MISSISSIPPI,0.5125723102017421
1996,MISSOURI,0.47596581265039184
1996,MONTANA,0.36410860653912636
1996,NEBRASKA,0.7556188461679714
1996,NEVADA,0.4881321290770124
1996,NEW HAMPSHIRE,0.4251921444898388
1996,NEW JERSEY,0.469099197848033
1996,NEW MEXICO,0.3131301559899269
1996,NEW YORK,0.47082711685957346
1996,NORTH CAROLINA,0.4678885710213576
1996,NORTH DAKOTA,1.0985589738064183
1996,OHIO,0.42458723633906903
1996,OKLAHOMA,0.49191969836928084
1996,OREGON,0.5607651514563106
1996,PENNSYLVANIA,0.47690867365535183
1996,RHODE ISLAND,0.30180872364491407
1996,SOUTH CAROLINA,0.4940975058632002
1996,SOUTH DAKOTA,0.9484224219845405
1996,TENNESSEE,0.38119203707478455
1996,TEXAS,0.5294939963312872
1996,UTAH,0.6028724074092606
1996,VERMONT,0.44621556940878104
1996,VIRGINIA,0.363177149684879
1996,WASHINGTON,0.5592407571133995
1996,WEST VIRGINIA,0.4048374893832918
1996,WISCONSIN,0.4706165181600497
1996,WYOMING,0.3935861741068303
1997,ALABAMA,0.42327757340301364
1997,ALASKA,0.4381098880398282
1997,ARIZONA,0.47983558175945795
1997,ARKANSAS,0.37242290160643954
1997,CALIFORNIA,0.46685585352190806
1997,COLORADO,0.48722029899206376
1997,CONNECTICUT,0.5721639901909104
1997,DELAWARE,0.3105765235723368
1997,DISTRICT OF COLUMBIA,0.5144012040916968
1997,FLORIDA,0.3483875612884324
1997,GEORGIA,0.38565400132613004
1997,HAWAII,0.2534519773152333
1997,IDAHO,0.21146514112264647
1997,ILLINOIS,0.47898299574056225
1997,INDIANA,0.42489363820719106
1997,IOWA,0.414716463656295
1997,KANSAS,0.518487570606907
1997,KENTUCKY,0.5194008764300762
1997,LOUISIANA,0.45516581306215276
1997,MAINE,0.48810458312193994
1997,MARYLAND,0.4454912036076175
1997,MASSACHUSETTS,0.5232569128282627
1997,MICHIGAN,0.45478559364773297
1997,MINNESOTA,0.42876297978913236
1997,MISSISSIPPI,0.4523104836270164
1997,MISSOURI,0.49322868279162435
1997,MONTANA,0.3829499018730198
1997,NEBRASKA,0.21855068652909537
1997,NEVADA,0.31394551015726524
1997,NEW HAMPSHIRE,0.5920195710519494
1997,NEW JERSEY,0.5306489401338821
1997,NEW MEXICO,0.37526104622269685
1997,NEW YORK,0.4942117199870921
1997,NORTH CAROLINA,0.5099659883430974
1997,NORTH DAKOTA,-0.20166959406117124
1997,OHIO,0.5349756047845489
1997,OKLAHOMA,0.4635086760947926
1997,OREGON,0.42148630091185524
1997,PENNSYLVANIA,0.47728804397553226
1997,RHODE ISLAND,0.5149277961706611
1997,SOUTH CAROLINA,0.46088601354898895
1997,SOUTH DAKOTA,0.18988435308473495
1997,TENNESSEE,0.4235206647962064
1997,TEXAS,0.6563660391440074
1997,UTAH,0.5377286439767426
1997,VERMONT,0.4743691628741997
1997,VIRGINIA,0.5118102692926119
1997,WASHINGTON,0.5565850464134714
1997,WEST VIRGINIA,0.43462095035793347
1997,WISCONSIN,0.520017202329992
1997,WYOMING,0.6747766526351562
1998,ALABAMA,0.522799793468498
1998,ALASKA,0.3636403975926239
1998,ARIZONA,0.5809879673524199
1998,ARKANSAS,0.49773692014263293
1998,CALIFORNIA,0.6690854698336857
1998,COLORADO,0.7563579612057669
1998,CONNECTICUT,0.6798916502321006
1998,DELAWARE,0.8333362210078743
1998,DISTRICT OF COLUMBIA,0.6156908366521607
1998,FLORIDA,0.5680685897019533
1998,GEORGIA,0.6847671384476506
1998,HAWAII,0.15618888730843938
1998,IDAHO,0.5782094365481383
1998,ILLINOIS,0.5041271398007252
1998,INDIANA,0.6733628086060595
1998,IOWA,0.4051232440949404
1998,KANSAS,0.48756987297922105
1998,KENTUCKY,0.48380163967336465
1998,LOUISIANA,0.44116437294130506
1998,MAINE,0.6452118272247676
1998,MARYLAND,0.6546769846016653
1998,MASSACHUSETTS,0.5230352010281436
1998,MICHIGAN,0.5304769138401166
1998,MINNESOTA,0.7231700186462797
1998,MISSISSIPPI,0.4905960975817747
1998,MISSOURI,0.4085112064173835
1998,MONTANA,0.6314592994911328
1998,NEBRASKA,0.5797472145161242
1998,NEVADA,0.6127607267043311
1998,NEW HAMPSHIRE,0.7858462901983554
1998,NEW JERSEY,0.5301092106967165
1998,NEW MEXICO,0.38593453728534843
1998,NEW YORK,0.49526311809122703
1998,NORTH CAROLINA,0.47408750386384035
1998,NORTH DAKOTA,0.9435953660544616
1998,OHIO,0.5228431791817867
1998,OKLAHOMA,0.4356298060387509
1998,OREGON,0.3900880479679625
1998,PENNSYLVANIA,0.5054611672957288
1998,RHODE ISLAND,0.5798448613524743
1998,SOUTH CAROLINA,0.5461639097706694
1998,SOUTH DAKOTA,0.7219644147447468
1998,TENNESSEE,0.7605234472066957
1998,TEXAS,0.6565779385444781
1998,UTAH,0.4507101514424239
1998,VERMONT,0.6762640407913967
1998,VIRGINIA,0.5670819158431373
1998,WASHINGTON,0.7252092312209024
1998,WEST VIRGINIA,0.43480459306943775
1998,WISCONSIN,0.602289387008903
1998,WYOMING,0.5832483549279566
1999,ALABAMA,0.28831654967871323
1999,ALASKA,0.22863338974454805
1999,ARIZONA,0.31743051999713057
1999,ARKANSAS,0.30900096477792793
1999,CALIFORNIA,0.5465388758243872
1999,COLORADO,0.4452501006211085
1999,CONNECTICUT,0.458486578916828
1999,DELAWARE,0.5477329866925507
1999,DISTRICT OF COLUMBIA,0.4078771909480583
1999,FLORIDA,0.28963999892785974
1999,GEORGIA,0.4057798324100359
1999,HAWAII,0.3641716633845604
1999,IDAHO,0.38822842542824976
1999,ILLINOIS,0.3620686607254564
1999,INDIANA,0.3044416327308008
1999,IOWA,0.20646001347326415
1999,KANSAS,0.26113681285147017
1999,KENTUCKY,0.3405425365182957
1999,LOUISIANA,0.19239874614573882
1999,MAINE,0.3806277349971854
1999,MARYLAND,0.464895381054542
1999,MASSACHUSETTS,0.5817023333141158
1999,MICHIGAN,0.41864411022807246
1999,MINNESOTA,0.37332591818317606
1999,MISSISSIPPI,0.2640571616977727
1999,MISSOURI,0.3046784541865799
1999,MONTANA,0.15437517062755202
1999,NEBRASKA,0.40917533465840705
1999,NEVADA,0.35526432703243405
1999,NEW HAMPSHIRE,0.47798297379366694
1999,NEW JERSEY,0.35273985975161626
1999,NEW MEXICO,0.09664164456961721
1999,NEW YORK,0.49831564857054644
1999,NORTH CAROLINA,0.30484894801150464
1999,NORTH DAKOTA,0.17777837975625488
1999,OHIO,0.27756187864194093
1999,OKLAHOMA,0.1828308580996474
1999,OREGON,0.22199206254329695
1999,PENNSYLVANIA,0.4044018758844192
1999,RHODE ISLAND,0.3295105352898897
1999,SOUTH CAROLINA,0.3488552313516857
1999,SOUTH DAKOTA,0.4111216333259282
1999,TENNESSEE,0.26789045694179947
1999,TEXAS,0.36856260387689854
1999,UTAH,0.3591007614487163
1999,VERMONT,0.47515362184247234
1999,VIRGINIA,0.5371260963797475
1999,WASHINGTON,0.46441780848420766
1999,WEST VIRGINIA,0.2865987365099354
1999,WISCONSIN,0.3216586724957393
1999,WYOMING,0.6519205317944587
2000,ALABAMA,0.4062049456294403
2000,ALASKA,0.6553328947434434
2000,ARIZONA,0.5494780641125185
2000,ARKANSAS,0.4079419202107637
2000,CALIFORNIA,0.7955723624406552
2000,COLORADO,0.8060185112272356
2000,CONNECTICUT,0.7694276342322448
2000,DELAWARE,0.8034160493641362
2000,DISTRICT OF COLUMBIA,0.8449723122762709
2000,FLORIDA,0.6081054633641836
2000,GEORGIA,0.5575697909796506
2000,HAWAII,0.5312099899498657
2000,IDAHO,0.6075871203019778
2000,ILLINOIS,0.6451405068165883
2000,INDIANA,0.55691983916486
2000,IOWA,0.6117860931244667
2000,KANSAS,0.4712350643142127
2000,KENTUCKY,0.6803541992754125
2000,LOUISIANA,0.5336796765664342
2000,MAINE,0.6330262308913426
2000,MARYLAND,0.7159288094308547
2000,MASSACHUSETTS,0.9433239793050108
2000,MICHIGAN,0.5669228172781926
2000,MINNESOTA,0.6627781492510421
2000,MISSISSIPPI,0.46152564672543583
2000,MISSOURI,0.5789466972555557
2000,MONTANA,0.5743600541070482
2000,NEBRASKA,0.5166364643468091
2000,NEVADA,0.49108175812697663
2000,NEW HAMPSHIRE,1.000822127516665
2000,NEW JERSEY,0.8249389522547501
2000,NEW MEXICO,0.6796488483229002
2000,NEW YORK,0.6457788631119232
2000,NORTH CAROLINA,0.4648915128130149
2000,NORTH DAKOTA,0.8760466450054905
2000,OHIO,0.49084270107082606
2000,OKLAHOMA,0.7571521947647097
2000,OREGON,0.6315048379493815
2000,PENNSYLVANIA,0.6467414165373553
2000,RHODE ISLAND,0.6360011232353413
2000,SOUTH CAROLINA,0.555878308331681
2000,SOUTH DAKOTA,0.574947579039975
2000,TENNESSEE,0.4688981509370249
2000,TEXAS,0.662811680792319
2000,UTAH,0.4958724029480388
2000,VERMONT,0.7185976218908374
2000,VIRGINIA,0.6352903197550885
2000,WASHINGTON,0.536215413310348
2000,WEST VIRGINIA,0.5933865965080942
2000,WISCONSIN,0.5516740407752962
2000,WYOMING,0.7157720661969291
2001,ALABAMA,0.3013324841576459
2001,ALASKA,0.4644842877616684
2001,ARIZONA,0.22811631532280163
2001,ARKANSAS,0.46664083420615565
2001,CALIFORNIA,0.1810310077324795
2001,COLORADO,0.24137843511371493
2001,CONNECTICUT,0.442619004937872
2001,DELAWARE,0.8231918044889319
2001,DISTRICT OF COLUMBIA,0.2853572026545903
2001,FLORIDA,0.30898363470783785
2001,GEORGIA,0.30270750261507384
2001,HAWAII,0.2971610450724027
2001,IDAHO,0.23847195553414746
2001,ILLINOIS,0.30934563813667104
2001,INDIANA,0.16705535234906588
2001,IOWA,0.27202730245659
2001,KANSAS,0.2922328557667164
2001,KENTUCKY,0.28508340885367023
2001,LOUISIANA,0.6655120527994107
2001,MAINE,0.4632311028714087
2001,MARYLAND,0.39005396652636026
2001,MASSACHUSETTS,0.30847415410450996
2001,MICHIGAN,0.12847106702758015
2001,MINNESOTA,0.30429267025788853
2001,MISSISSIPPI,0.5237877661652179
2001,MISSOURI,0.2583890634350938
2001,MONTANA,0.3869641755374076
2001,NEBRASKA,0.40561437355202123
2001,NEVADA,0.14210918287667074
2001,NEW HAMPSHIRE,0.3741430598161344
2001,NEW JERSEY,0.24488359000354176
2001,NEW MEXICO,0.6256960137593248
2001,NEW YORK,0.309913754792257
2001,NORTH CAROLINA,0.11594663863092602
2001,NORTH DAKOTA,0.24362746889126097
2001,OHIO,0.24398383283856795
2001,OKLAHOMA,0.5693108523812551
2001,OREGON,0.15102677631566586
2001,PENNSYLVANIA,0.3717343430132525
2001,RHODE ISLAND,0.43531213899867804
2001,SOUTH CAROLINA,0.23438678699212456
2001,SOUTH DAKOTA,0.29528613114377933
2001,TENNESSEE,0.17046265452509424
2001,TEXAS,0.4239447618239245
2001,UTAH,0.2678372392405093
2001,VERMONT,0.5547665039345562
2001,VIRGINIA,0.37089045890439376
2001,WASHINGTON,0.10553831286792548
2001,WEST VIRGINIA,0.6232055262967551
2001,WISCONSIN,0.4134255957620958
2001,WYOMING,0.5546721663435727
2002,ALABAMA,0.23015674625923577
2002,ALASKA,0.31711088712575997
2002,ARIZONA,0.1243946734673651
2002,ARKANSAS,0.17831570036561661
2002,CALIFORNIA,0.023894576398886258
2002,COLORADO,-0.1265780317348364
2002,CONNECTICUT,-0.09470531451102326
2002,DELAWARE,0.18768333334522325
2002,DISTRICT OF COLUMBIA,0.057247810571081637
2002,FLORIDA,0.12404373609133934
2002,GEORGIA,0.12026521228554188
2002,HAWAII,0.3241548760089197
2002,IDAHO,0.1642279901858501
2002,ILLINOIS,0.08200864495611082
2002,INDIANA,0.09446811192730387
2002,IOWA,0.20915193896453577
2002,KANSAS,0.04534271526650535
2002,KENTUCKY,0.17586226888641754
2002,LOUISIANA,0.23737611045311358
2002,MAINE,0.2494856844001303
2002,MARYLAND,0.2427297367652237
2002,MASSACHUSETTS,-0.07893105194961558
2002,MICHIGAN,-0.04637397601143789
2002,MINNESOTA,0.13234695165837973
2002,MISSISSIPPI,0.16179598607211076
2002,MISSOURI,0.16098108638993303
2002,MONTANA,0.2279242411194593
2002,NEBRASKA,0.10316882361112167
2002,NEVADA,-0.09866575128759658
2002,NEW HAMPSHIRE,0.05858526896735938
2002,NEW JERSEY,0.05351465320331261
2002,NEW MEXICO,0.2595020369565493
2002,NEW YORK,-0.049818028588388685
2002,NORTH CAROLINA,0.00491279605825401
2002,NORTH DAKOTA,0.24726790877809268
2002,OHIO,0.12190337724291567
2002,OKLAHOMA,0.1583735399238284
2002,OREGON,-0.027060121020827665
2002,PENNSYLVANIA,0.15104291045224816
2002,RHODE ISLAND,0.29615103484272876
2002,SOUTH CAROLINA,0.1687971478718353
2002,SOUTH DAKOTA,-0.02585375005321744
2002,TENNESSEE,0.20107045454813566
2002,TEXAS,-0.03939250522815296
2002,UTAH,0.10446626431301897
2002,VERMONT,0.15658423161570845
2002,VIRGINIA,0.1390762261322953
2002,WASHINGTON,0.03710528397100621
2002,WEST VIRGINIA,0.31378887024724467
2002,WISCONSIN,0.18147921392892563
2002,WYOMING,0.1549752691429429
2003,ALABAMA,0.3859866961424485
2003,ALASKA,0.33526436297239837
2003,ARIZONA,0.36525352319898285
2003,ARKANSAS,0.5116987316191368
2003,CALIFORNIA,0.3150364784369142
2003,COLORADO,0.115485594831366
2003,CONNECTICUT,0.06247335616096361
2003,DELAWARE,0.10202641321732653
2003,DISTRICT OF COLUMBIA,0.1768728627432159
2003,FLORIDA,0.30143566007461153
2003,GEORGIA,0.24245997130056818
2003,HAWAII,0.36696466470620415
2003,IDAHO,0.1837244334921717
2003,ILLINOIS,0.16941861160229
2003,INDIANA,0.20090727087753724
2003,IOWA,0.2046679701062759
2003,KANSAS,0.2708186493286524
2003,KENTUCKY,0.23495290423154458
2003,LOUISIANA,0.2702270082966418
2003,MAINE,0.3968013642986934
2003,MARYLAND,0.3328831748137029
2003,MASSACHUSETTS,0.17212413784284397
2003,MICHIGAN,0.2118497387888274
2003,MINNESOTA,0.3704523933565351
2003,MISSISSIPPI,0.35558552057115556
2003,MISSOURI,0.30108948667104674
2003,MONTANA,0.6135147512843275
2003,NEBRASKA,0.5381581891504394
2003,NEVADA,0.2927219091487965
2003,NEW HAMPSHIRE,0.10154088095108982
2003,NEW JERSEY,0.16713070443312716
2003,NEW MEXICO,0.32353677500938094
2003,NEW YORK,0.12424694422359384
2003,NORTH CAROLINA,0.2981521327411807
2003,NORTH DAKOTA,0.8473424836458188
2003,OHIO,0.2632417893882133
2003,OKLAHOMA,0.43438404068580905
2003,OREGON,0.2597634565145057
2003,PENNSYLVANIA,0.30606493504035104
2003,RHODE ISLAND,0.42826408929852455
2003,SOUTH CAROLINA,0.24106428119328172
2003,SOUTH DAKOTA,0.8162980096098282
2003,TENNESSEE,0.33617125050944274
2003,TEXAS,0.22765872644530116
2003,UTAH,0.23304523729597015
2003,VERMONT,0.3409136355311926
2003,VIRGINIA,0.4577260265425265
2003,WASHINGTON,0.29645456041209606
2003,WEST VIRGINIA,0.12272423561439094
2003,WISCONSIN,0.21965907508050275
2003,WYOMING,0.5392978962946771
2004,ALABAMA,0.6273303950986131
2004,ALASKA,0.26634254149178194
2004,ARIZONA,0.6084945605114189
2004,ARKANSAS,0.5479981540899237
2004,CALIFORNIA,0.47482863515893037
2004,COLORADO,0.26057214550181396
2004,CONNECTICUT,0.4536236688162276
2004,DELAWARE,0.22375480590899333
2004,DISTRICT OF COLUMBIA,0.790759432164112
2004,FLORIDA,0.5866373166033556
2004,GEORGIA,0.34987208872350184
2004,HAWAII,0.5222419491101471
2004,IDAHO,0.5665454751254018
2004,ILLINOIS,0.3481253645891913
2004,INDIANA,0.4092213110603371
2004,IOWA,0.738970765322966
2004,KANSAS,0.2448626688929867
2004,KENTUCKY,0.5016740812256559
2004,LOUISIANA,0.37113279328171433
2004,MAINE,0.43182513693080793
2004,MARYLAND,0.52423972206459
2004,MASSACHUSETTS,0.488350124841741
2004,MICHIGAN,0.270756738331257
2004,MINNESOTA,0.5053724501207446
2004,MISSISSIPPI,0.49883245816157995
2004,MISSOURI,0.4487900069287232
2004,MONTANA,0.7273819809582749
2004,NEBRASKA,0.3734203804131919
2004,NEVADA,0.5936558083876387
2004,NEW HAMPSHIRE,0.5103539801882384
2004,NEW JERSEY,0.3757008527288219
2004,NEW MEXICO,0.4787431933015007
2004,NEW YORK,0.43284686266655825
2004,NORTH CAROLINA,0.6305154311351258
2004,NORTH DAKOTA,0.13936150193769592
2004,OHIO,0.35863966844043027
2004,OKLAHOMA,0.7170245486533666
2004,OREGON,0.47203738125185524
2004,PENNSYLVANIA,0.5115083997318193
2004,RHODE ISLAND,0.44350191594801913
2004,SOUTH CAROLINA,0.4129423630037765
2004,SOUTH DAKOTA,0.6427349035561969
2004,TENNESSEE,0.44888966091383153
2004,TEXAS,0.3065172015672468
2004,UTAH,0.4571743331230671
2004,VERMONT,0.5072523044652
2004,VIRGINIA,0.5002609847246875
2004,WASHINGTON,0.5764485423483956
2004,WEST VIRGINIA,0.33810264308160587
2004,WISCONSIN,0.3750584766287979
2004,WYOMING,0.6545957625375687
2005,ALABAMA,0.5061784231224831
2005,ALASKA,0.5146124311181888
2005,ARIZONA,0.653003475147429
2005,ARKANSAS,0.41407242243751696
2005,CALIFORNIA,0.46583548829144394
2005,COLORADO,0.5125887593154355
2005,CONNECTICUT,0.47914889697622254
2005,DELAWARE,0.0956360089413133
2005,DISTRICT OF COLUMBIA,0.5129581511612136
2005,FLORIDA,0.6107030491476761
2005,GEORGIA,0.4154825690815489
2005,HAWAII,0.5689124928908162
2005,IDAHO,0.36347094442255035
2005,ILLINOIS,0.37213886138125485
2005,INDIANA,0.24052449040117274
2005,IOWA,0.2751143552355728
2005,KANSAS,0.5196446463159532
2005,KENTUCKY,0.3930953237611279
2005,LOUISIANA,0.696102586576508
2005,MAINE,0.21121488280679834
2005,MARYLAND,0.4138488986157096
2005,MASSACHUSETTS,0.42489317636611457
2005,MICHIGAN,0.23025643604404067
2005,MINNESOTA,0.2156027437413499
2005,MISSISSIPPI,0.5786237264108651
2005,MISSOURI,0.2888497693666947
2005,MONTANA,0.6519401541923209
2005,NEBRASKA,0.2919487368216789
2005,NEVADA,0.7497410517850911
2005,NEW HAMPSHIRE,0.2797814747726779
2005,NEW JERSEY,0.3415983649197152
2005,NEW MEXICO,0.5077256341286196
2005,NEW YORK,0.3665185620757683
2005,NORTH CAROLINA,0.525816431902526
2005,NORTH DAKOTA,0.5812978654596623
2005,OHIO,0.284410663633472
2005,OKLAHOMA,0.8252306505653229
2005,OREGON,0.39728055854966193
2005,PENNSYLVANIA,0.38185988249281877
2005,RHODE ISLAND,0.2764382607503446
2005,SOUTH CAROLINA,0.44310008434553794
2005,SOUTH DAKOTA,0.5165553922978017
2005,TENNESSEE,0.3361107356453452
2005,TEXAS,0.6240675403718754
2005,UTAH,0.6690550213099389
2005,VERMONT,0.21980358706061853
2005,VIRGINIA,0.49112160771123126
2005,WASHINGTON,0.2597537398007832
2005,WEST VIRGINIA,0.48403726858665674
2005,WISCONSIN,0.28940789859372984
2005,WYOMING,0.8392405544233705
2006,ALABAMA,0.481853717592462
2006,ALASKA,0.4909673360438571
2006,ARIZONA,0.6830285019583604
2006,ARKANSAS,0.46906121650396315
2006,CALIFORNIA,0.6602642471289721
2006,COLORADO,0.569914166734975
2006,CONNECTICUT,0.7080226441052551
2006,DELAWARE,0.3956219810063999
2006,DISTRICT OF COLUMBIA,0.4833302584499988
2006,FLORIDA,0.6119544504342267
2006,GEORGIA,0.37874573797975764
2006,HAWAII,0.535696485051651
2006,IDAHO,0.6658207703994057
2006,ILLINOIS,0.5788227343553887
2006,INDIANA,0.46474976773862586
2006,IOWA,0.5243548586269631
2006,KANSAS,0.8878096770756017
2006,KENTUCKY,0.4608142763498746
2006,LOUISIANA,1.1258848838582303
2006,MAINE,0.435549233925947
2006,MARYLAND,0.43325679456587274
2006,MASSACHUSETTS,0.685893668434856
2006,MICHIGAN,0.2494169615978592
2006,MINNESOTA,0.39086172002933406
2006,MISSISSIPPI,0.41008931062342935
2006,MISSOURI,0.47776591353392295
2006,MONTANA,0.6603169205617432
2006,NEBRASKA,0.3662614798930264
2006,NEVADA,0.4037364165556223
2006,NEW HAMPSHIRE,0.5702605793485915
2006,NEW JERSEY,0.6547929213200687
2006,NEW MEXICO,0.5697556182040486
2006,NEW YORK,0.7190823167489313
2006,NORTH CAROLINA,0.588980244294457
2006,NORTH DAKOTA,0.4103513260794278
2006,OHIO,0.4629197565967136
2006,OKLAHOMA,0.8674156186460946
2006,OREGON,0.6959394140187092
2006,PENNSYLVANIA,0.43424502493192296
2006,RHODE ISLAND,0.5114348708084249
2006,SOUTH CAROLINA,0.5483367127193661
2006,SOUTH DAKOTA,0.419538821121912
2006,TENNESSEE,0.4533634716323176
2006,TEXAS,0.6564318009921966
2006,UTAH,0.775903551498347
2006,VERMONT,0.5667308707644203
2006,VIRGINIA,0.5070254866989865
2006,WASHINGTON,0.6487931753650367
2006,WEST VIRGINIA,0.6067259595225138
2006,WISCONSIN,0.5115459781102727
2006,WYOMING,1.152280009316553
2007,ALABAMA,0.38047248316044335
2007,ALASKA,0.608527571311801
2007,ARIZONA,0.3169032505406566
2007,ARKANSAS,0.5377317467063936
2007,CALIFORNIA,0.3619590355119717
2007,COLORADO,0.44463331112019056
2007,CONNECTICUT,0.6577973639525725
2007,DELAWARE,0.15465364624198674
2007,DISTRICT OF COLUMBIA,0.6362842905797361
2007,FLORIDA,0.2935430271181927
2007,GEORGIA,0.2412862195160459
2007,HAWAII,0.4822591011595101
2007,IDAHO,0.37041463116944673
2007,ILLINOIS,0.488857396961917
2007,INDIANA,0.2666122636568291
2007,IOWA,0.600932971423962
2007,KANSAS,0.6125802778066847
2007,KENTUCKY,0.3314456080050432
2007,LOUISIANA,0.7048002367217698
2007,MAINE,0.33712493151252243
2007,MARYLAND,0.351442296283877
2007,MASSACHUSETTS,0.44313785363676583
2007,MICHIGAN,0.31165977109002263
2007,MINNESOTA,0.4618486219941653
2007,MISSISSIPPI,0.5341526434906374
2007,MISSOURI,0.3806869601514773
2007,MONTANA,0.5778638846262396
2007,NEBRASKA,0.642563937259566
2007,NEVADA,0.10507273842850218
2007,NEW HAMPSHIRE,0.32897329365586536
2007,NEW JERSEY,0.5255190448413938
2007,NEW MEXICO,0.4189336025506085
2007,NEW YORK,0.6743270963543546
2007,NORTH CAROLINA,0.49536291256813136
2007,NORTH DAKOTA,0.9193864661642737
2007,OHIO,0.38815595199632735
2007,OKLAHOMA,0.23225006916489654
2007,OREGON,0.3151757930184518
2007,PENNSYLVANIA,0.5386573650996596
2007,RHODE ISLAND,0.4417694178135756
2007,SOUTH CAROLINA,0.43272631425526065
2007,SOUTH DAKOTA,0.8902595437042526
2007,TENNESSEE,0.3142073072735174
2007,TEXAS,0.3818797085647363
2007,UTAH,0.5507482589639734
2007,VERMONT,0.48475280471442783
2007,VIRGINIA,0.40373030694971224
2007,WASHINGTON,0.6362719035201359
2007,WEST VIRGINIA,0.33591389404028504
2007,WISCONSIN,0.37967539488821256
2007,WYOMING,0.3677198039900631
2008,ALABAMA,0.24482656463475916
2008,ALASKA,0.8084068704357517
2008,ARIZONA,-0.03301695606258148
2008,ARKANSAS,0.30468169519817234
2008,CALIFORNIA,0.039204674469872636
2008,COLORADO,0.19419707135337472
2008,CONNECTICUT,0.5053675075168185
2008,DELAWARE,-0.190889549066664
2008,DISTRICT OF COLUMBIA,0.1601282777927926
2008,FLORIDA,-0.04615714279397887
2008,GEORGIA,-0.06492456215687614
2008,HAWAII,0.3381738331609263
2008,IDAHO,0.039331188658575655
2008,ILLINOIS,0.20671760316410825
2008,INDIANA,0.3733414970700011
2008,IOWA,0.510804336855486
2008,KANSAS,0.7654971260901977
2008,KENTUCKY,0.3798240752615367
2008,LOUISIANA,0.5310951189361646
2008,MAINE,0.38688418328614027
2008,MARYLAND,0.3579067265943925
2008,MASSACHUSETTS,0.31291125287569166
2008,MICHIGAN,0.28046862372386183
2008,MINNESOTA,0.33388465131760636
2008,MISSISSIPPI,0.39643055622007317
2008,MISSOURI,0.4746045975497104
2008,MONTANA,0.4405961205012021
2008,NEBRASKA,0.4801746157553799
2008,NEVADA,-0.3284103691894025
2008,NEW HAMPSHIRE,0.24560479993562812
2008,NEW JERSEY,0.23590049500092913
2008,NEW MEXICO,0.49953258296855374
2008,NEW YORK,0.1468774131334616
2008,NORTH CAROLINA,0.41794003986865835
2008,NORTH DAKOTA,1.0691664831318004
2008,OHIO,0.3155388457084296
2008,OKLAHOMA,0.9195813799959485
2008,OREGON,0.29128314764084173
2008,PENNSYLVANIA,0.31969001679970077
2008,RHODE ISLAND,0.16979284882649992
2008,SOUTH CAROLINA,0.2441109086565474
2008,SOUTH DAKOTA,0.5734317412247281
2008,TENNESSEE,0.24772562011126098
2008,TEXAS,0.7063605543191409
2008,UTAH,0.2221929467099093
2008,VERMONT,0.4918106106721609
2008,VIRGINIA,0.2637029740279351
2008,WASHINGTON,0.3063369587368081
2008,WEST VIRGINIA,0.6006372457792342
2008,WISCONSIN,0.30585506931877227
2008,WYOMING,0.6726916184876419
2009,ALABAMA,-0.2354401183716215
2009,ALASKA,-0.1192083815550915
2009,ARIZONA,-0.612659233782098
2009,ARKANSAS,-0.25189915305778854
2009,CALIFORNIA,-0.412492511261886
2009,COLORADO,-0.6459095611736299
2009,CONNECTICUT,-0.19348063758887202
2009,DELAWARE,-0.008754935098576055
2009,DISTRICT OF COLUMBIA,-0.1115991508344516
2009,FLORIDA,-0.6407791226354709
2009,GEORGIA,-0.3188154653007147
2009,HAWAII,-0.20067459095852724
2009,IDAHO,-0.4679759968693631
2009,ILLINOIS,-0.5045909222402778
2009,INDIANA,-0.31270597793945365
2009,IOWA,-0.3530892850681866
2009,KANSAS,-0.4259530684039392
2009,KENTUCKY,-0.17783318512030188
2009,LOUISIANA,-0.3997096184373716
2009,MAINE,-0.0015343807141521282
2009,MARYLAND,-0.1399376334288216
2009,MASSACHUSETTS,-0.18643508330667968
2009,MICHIGAN,-0.4509645386369887
2009,MINNESOTA,-0.4632408110125996
2009,MISSISSIPPI,-0.1994283768825822
2009,MISSOURI,-0.23898756524278753
2009,MONTANA,-0.29852493044653095
2009,NEBRASKA,-0.23543476652184703
2009,NEVADA,-0.6570632083672812
2009,NEW HAMPSHIRE,-0.16075811939796347
2009,NEW JERSEY,-0.34902658154239985
2009,NEW MEXICO,-0.21274890312895645
2009,NEW YORK,-0.2254066735797089
2009,NORTH CAROLINA,-0.48931369266086433
2009,NORTH DAKOTA,-0.19988605545417926
2009,OHIO,-0.2809700408206717
2009,OKLAHOMA,-0.8568338421774291
2009,OREGON,-0.441609498078388
2009,PENNSYLVANIA,-0.2738050923475899
2009,RHODE ISLAND,-0.23502316682847413
2009,SOUTH CAROLINA,-0.36042560253614075
2009,SOUTH DAKOTA,-0.3849730605370971
2009,TENNESSEE,-0.1685602876455805
2009,TEXAS,-0.654693742188206
2009,UTAH,-0.607102131223658
2009,VERMONT,-0.125450554723594
2009,VIRGINIA,-0.29699500297174497
2009,WASHINGTON,-0.5774124686891313
2009,WEST VIRGINIA,0.033835370373203055
2009,WISCONSIN,-0.213820998366121
2009,WYOMING,-1.0171696793175422
2010,ALABAMA,0.34421400624207177
2010,ALASKA,0.45949332032144685
2010,ARIZONA,0.09230611900725716
2010,ARKANSAS,0.2707494460610693
2010,CALIFORNIA,0.3453358929859318
2010,COLORADO,0.16145561505149786
2010,CONNECTICUT,0.3112200904153539
2010,DELAWARE,0.020954023598096505
2010,DISTRICT OF COLUMBIA,0.4673441542895729
2010,FLORIDA,0.5146335715963346
2010,GEORGIA,0.15410664434023502
2010,HAWAII,0.11930650576545965
2010,IDAHO,0.2514987168153793
2010,ILLINOIS,0.2512070769207231
2010,INDIANA,0.3920717110047489
2010,IOWA,0.25986188699109736
2010,KANSAS,0.1278249083468408
2010,KENTUCKY,0.29760909228706556
2010,LOUISIANA,0.3321958789600954
2010,MAINE,0.24190773154464384
2010,MARYLAND,0.23481826035001152
2010,MASSACHUSETTS,0.3822523091260521
2010,MICHIGAN,0.3996147001523287
2010,MINNESOTA,0.3718052919114978
2010,MISSISSIPPI,0.35572137837418527
2010,MISSOURI,0.18992185026389663
2010,MONTANA,0.46001890023712466
2010,NEBRASKA,0.40347083238509995
2010,NEVADA,0.3246348856071002
2010,NEW HAMPSHIRE,0.4062685574948377
2010,NEW JERSEY,0.2338224491986729
2010,NEW MEXICO,0.23175588855413043
2010,NEW YORK,0.3474208460784389
2010,NORTH CAROLINA,-0.019387409614746165
2010,NORTH DAKOTA,0.9098160780681486
2010,OHIO,0.290822160545412
2010,OKLAHOMA,0.35279762893347666
2010,OREGON,0.19353760707807588
2010,PENNSYLVANIA,0.3957460740360075
2010,RHODE ISLAND,0.4960584179443117
2010,SOUTH CAROLINA,0.24617804916717834
2010,SOUTH DAKOTA,0.4434324632022424
2010,TENNESSEE,0.3840094543785755
2010,TEXAS,0.4383758388218473
2010,UTAH,0.11076288704017223
2010,VERMONT,0.2948129640666819
2010,VIRGINIA,0.2989069125146626
2010,WASHINGTON,0.17048197712274948
2010,WEST VIRGINIA,0.31304521681481123
2010,WISCONSIN,0.24577750217049665
2010,WYOMING,0.4249477268065238
2011,ALABAMA,0.31589991482829927
2011,ALASKA,0.5297028082201782
2011,ARIZONA,0.36871557703868074
2011,ARKANSAS,0.5453571625626541
2011,CALIFORNIA,0.49053484008882986
2011,COLORADO,0.6362544342375376
2011,CONNECTICUT,0.2128064123052109
2011,DELAWARE,0.6749864359134605
2011,DISTRICT OF COLUMBIA,0.47554386339150323
2011,FLORIDA,0.3857296477170369
2011,GEORGIA,0.5388041125237608
2011,HAWAII,0.3046016709300714
2011,IDAHO,0.4460565409879269
2011,ILLINOIS,0.4305629699060898
2011,INDIANA,0.5510725867249544
2011,IOWA,0.6585421790086254
2011,KANSAS,0.7025938914972496
2011,KENTUCKY,0.39733447461030025
2011,LOUISIANA,0.21754238975697504
2011,MAINE,0.3950834590709773
2011,MARYLAND,0.41468970062843447
2011,MASSACHUSETTS,0.3449232713370165
2011,MICHIGAN,0.5340513011449444
2011,MINNESOTA,0.5619784520638049
2011,MISSISSIPPI,0.3779147603779398
2011,MISSOURI,0.35631391950103897
2011,MONTANA,0.555345269616514
2011,NEBRASKA,0.9707427297248161
2011,NEVADA,0.3121841420380189
2011,NEW HAMPSHIRE,0.4007875032421948
2011,NEW JERSEY,0.37227570560096623
2011,NEW MEXICO,0.3779553142088776
2011,NEW YORK,0.43531242687322447
2011,NORTH CAROLINA,0.2568287238508882
2011,NORTH DAKOTA,0.9668683899716868
2011,OHIO,0.6059234431420757
2011,OKLAHOMA,0.6182167187239518
2011,OREGON,0.40390885816370403
2011,PENNSYLVANIA,0.4408122763118749
2011,RHODE ISLAND,0.34368629723577904
2011,SOUTH CAROLINA,0.44853403136810854
2011,SOUTH DAKOTA,0.7229831045749924
2011,TENNESSEE,0.4910817308258597
2011,TEXAS,0.6964255551488607
2011,UTAH,0.5817362466075782
2011,VERMONT,0.5219476498155018
2011,VIRGINIA,0.4242161876756301
2011,WASHINGTON,0.4102221069433032
2011,WEST VIRGINIA,0.5227417268569123
2011,WISCONSIN,0.48834831985353766
2011,WYOMING,0.7815963175592744
2012,ALABAMA,0.23950991412766687
2012,ALASKA,0.19869214754981712
2012,ARIZONA,0.29337241251485846
2012,ARKANSAS,0.617168299228843
2012,CALIFORNIA,0.5133434734850395
2012,COLORADO,0.40942201489393426
2012,CONNECTICUT,0.15194307038692845
2012,DELAWARE,0.027811473637018302
2012,DISTRICT OF COLUMBIA,0.12325451217400918
2012,FLORIDA,0.22843142516317805
2012,GEORGIA,0.16832906942920722
2012,HAWAII,0.24646663412188907
2012,IDAHO,0.43888328036472135
2012,ILLINOIS,0.39494999651603635
2012,INDIANA,0.40630601791795673
2012,IOWA,0.4201528609179439
2012,KANSAS,0.49101237000876985
2012,KENTUCKY,0.29708206784753166
2012,LOUISIANA,0.44513561154455594
2012,MAINE,0.17866281667568984
2012,MARYLAND,0.18351769653459638
2012,MASSACHUSETTS,0.322617308765083
2012,MICHIGAN,0.3751793979363871
2012,MINNESOTA,0.49025623242586747
2012,MISSISSIPPI,0.3200562079289426
2012,MISSOURI,0.42904501057530187
2012,MONTANA,0.5171883540822986
2012,NEBRASKA,0.21288161886861
2012,NEVADA,0.26502376519661475
2012,NEW HAMPSHIRE,0.3761787223146795
2012,NEW JERSEY,0.3185687081312727
2012,NEW MEXICO,0.19526662213651402
2012,NEW YORK,0.42826026258910854
2012,NORTH CAROLINA,0.5382590612736715
2012,NORTH DAKOTA,1.3257021784537137
2012,OHIO,0.3657826062876124
2012,OKLAHOMA,0.5556294909622173
2012,OREGON,0.43766456718554725
2012,PENNSYLVANIA,0.35644259168843284
2012,RHODE ISLAND,0.32572454464188105
2012,SOUTH CAROLINA,0.3941072173347937
2012,SOUTH DAKOTA,0.13638596244980317
2012,TENNESSEE,0.41001569118903625
2012,TEXAS,0.4756378602098321
2012,UTAH,0.5049019320860992
2012,VERMONT,0.29967791909235597
2012,VIRGINIA,0.3307946248698901
2012,WASHINGTON,0.6356161115548931
2012,WEST VIRGINIA,0.2414264467216931
2012,WISCONSIN,0.39761799224100614
2012,WYOMING,0.5950559989263304
2013,ALABAMA,0.07018700402301459
2013,ALASKA,-0.15266328766609938
2013,ARIZONA,0.1218497893854531
2013,ARKANSAS,0.018740593676747075
2013,CALIFORNIA,0.07576764831469518
2013,COLORADO,0.3517532976788029
2013,CONNECTICUT,-0.19883336094835835
2013,DELAWARE,0.07535351149403624
2013,DISTRICT OF COLUMBIA,-0.07861817813621386
2013,FLORIDA,-0.09251762859184831
2013,GEORGIA,0.07714734524537636
2013,HAWAII,0.05430723975743401
2013,IDAHO,0.27496303245937437
2013,ILLINOIS,0.21814399183193167
2013,INDIANA,0.0838766812843339
2013,IOWA,0.13046675063843605
2013,KANSAS,0.1868036469588219
2013,KENTUCKY,0.05451127631563857
2013,LOUISIANA,0.08659260396401969
2013,MAINE,-0.010247167661248113
2013,MARYLAND,-0.07661100875875348
2013,MASSACHUSETTS,0.010585512335414826
2013,MICHIGAN,0.0815414638473344
2013,MINNESOTA,0.03003129790479786
2013,MISSISSIPPI,0.16684570860712178
2013,MISSOURI,0.059214888035841184
2013,MONTANA,-0.0009247515293409059
2013,NEBRASKA,0.008142959344081824
2013,NEVADA,-0.06539023647071929
2013,NEW HAMPSHIRE,-0.03860655101344257
2013,NEW JERSEY,0.0800875896352915
2013,NEW MEXICO,-0.17315494743327386
2013,NEW YORK,0.08832496897417386
2013,NORTH CAROLINA,-0.18599685437449276
2013,NORTH DAKOTA,-0.23664823290039383
2013,OHIO,0.122817544456999
2013,OKLAHOMA,0.38441291281225975
2013,OREGON,0.09957811561880359
2013,PENNSYLVANIA,0.08741915312382442
2013,RHODE ISLAND,0.002430722069712843
2013,SOUTH CAROLINA,0.04060647863937117
2013,SOUTH DAKOTA,0.02892875322262345
2013,TENNESSEE,0.024182663990424125
2013,TEXAS,0.11605205509028771
2013,UTAH,0.1423311580282416
2013,VERMONT,0.1291517048385371
2013,VIRGINIA,-0.13443027485421366
2013,WASHINGTON,0.10822891216770714
2013,WEST VIRGINIA,-0.03341946057008327
2013,WISCONSIN,0.03282095119458983
2013,WYOMING,-0.08245036235764447
2014,ALABAMA,0.2913083340883249
2014,ALASKA,0.5187823819670312
2014,ARIZONA,0.3737261030653194
2014,ARKANSAS,0.5173414703857349
2014,CALIFORNIA,0.516580567830327
2014,COLORADO,0.6382646893885235
2014,CONNECTICUT,0.4139822268014015
2014,DELAWARE,0.33770378554114355
2014,DISTRICT OF COLUMBIA,0.4485598010921299
2014,FLORIDA,0.5170787948431954
2014,GEORGIA,0.5320143466307048
2014,HAWAII,0.46820761027088764
2014,IDAHO,0.4202333395603386
2014,ILLINOIS,0.43730833277850767
2014,INDIANA,0.336445356149917
2014,IOWA,0.27554257941542204
2014,KANSAS,0.17490327801090721
2014,KENTUCKY,0.4161571144261744
2014,LOUISIANA,0.38206522278405597
2014,MAINE,0.34593200244033007
2014,MARYLAND,0.2628740065473867
2014,MASSACHUSETTS,0.38031978277472955
2014,MICHIGAN,0.39304673816933366
2014,MINNESOTA,0.41226934459155373
2014,MISSISSIPPI,0.17307050714929773
2014,MISSOURI,0.3190086929585778
2014,MONTANA,0.4171909256200923
2014,NEBRASKA,0.4596994212015426
2014,NEVADA,0.4822005646329508
2014,NEW HAMPSHIRE,0.3249869677019124
2014,NEW JERSEY,0.40854295756180825
2014,NEW MEXICO,0.5684760988066584
2014,NEW YORK,0.3579549403333937
2014,NORTH CAROLINA,0.44462563925129484
2014,NORTH DAKOTA,0.443657235790762
2014,OHIO,0.3593422408955771
2014,OKLAHOMA,0.5317635627780426
2014,OREGON,0.5409258558305652
2014,PENNSYLVANIA,0.38032029353887165
2014,RHODE ISLAND,0.3862050573796738
2014,SOUTH CAROLINA,0.48337293027520545
2014,SOUTH DAKOTA,0.37117160769770674
2014,TENNESSEE,0.31087718198710146
2014,TEXAS,0.5132221633108447
2014,UTAH,0.43172127008914707
2014,VERMONT,0.4012931337133985
2014,VIRGINIA,0.3318284611568023
2014,WASHINGTON,0.5733697079558508
2014,WEST VIRGINIA,0.33541318765848427
2014,WISCONSIN,0.3639640920472864
2014,WYOMING,0.6463407078632688
2015,ALABAMA,0.3907176834860637
2015,ALASKA,0.27702202119550545
2015,ARIZONA,0.3467875521528496
2015,ARKANSAS,0.2875780021327268
2015,CALIFORNIA,0.5744518933483489
2015,COLORADO,0.2719232082816436
2015,CONNECTICUT,0.25866054616845435
2015,DELAWARE,0.3724800144413676
2015,DISTRICT OF COLUMBIA,0.4773055839186968
2015,FLORIDA,0.44367706548285035
2015,GEORGIA,0.4560091141621925
2015,HAWAII,0.37280985602878847
2015,IDAHO,0.43076552964400605
2015,ILLINOIS,0.41957321269534553
2015,INDIANA,0.33676355142751024
2015,IOWA,0.29661433025398587
2015,KANSAS,0.07026045573577111
2015,KENTUCKY,0.39781016371842615
2015,LOUISIANA,0.007387232644329167
2015,MAINE,0.4211427735558493
2015,MARYLAND,0.3807200808235045
2015,MASSACHUSETTS,0.5350117233246188
2015,MICHIGAN,0.5027705570639807
2015,MINNESOTA,0.3740195351459974
2015,MISSISSIPPI,0.16970490205909794
2015,MISSOURI,0.29978060954829466
2015,MONTANA,0.3193946404708381
2015,NEBRASKA,0.3090410448840064
2015,NEVADA,0.5858132563346219
2015,NEW HAMPSHIRE,0.35771123167780416
2015,NEW JERSEY,0.37084433180079035
2015,NEW MEXICO,0.22820558330323149
2015,NEW YORK,0.3932235386471916
2015,NORTH CAROLINA,0.3959800414685466
2015,NORTH DAKOTA,-0.5611925446691424
2015,OHIO,0.35454347597361213
2015,OKLAHOMA,-0.3540490128423057
2015,OREGON,0.5539289918649271
2015,PENNSYLVANIA,0.36768349982954085
2015,RHODE ISLAND,0.321100730593904
2015,SOUTH CAROLINA,0.4451696090567614
2015,SOUTH DAKOTA,0.32104111221302745
2015,TENNESSEE,0.4077620740779553
2015,TEXAS,0.014139284907588312
2015,UTAH,0.5615046647285293
2015,VERMONT,0.26554192687007205
2015,VIRGINIA,0.35055516348889704
2015,WASHINGTON,0.3923238249617933
2015,WEST VIRGINIA,0.23385377151368125
2015,WISCONSIN,0.3858558733633499
2015,WYOMING,0.00729250749409438
2016,ALABAMA,0.1376701233229527
2016,ALASKA,-0.20620190422195872
2016,ARIZONA,0.23139387226325248
2016,ARKANSAS,0.20578122192644877
2016,CALIFORNIA,0.3352675244678194
2016,COLORADO,0.005110504783778502
2016,CONNECTICUT,0.1908601778887853
2016,DELAWARE,0.17102281549985499
2016,DISTRICT OF COLUMBIA,0.26823468813883533
2016,FLORIDA,0.15447435052284852
2016,GEORGIA,0.24302170164876014
2016,HAWAII,0.2861518313137523
2016,IDAHO,0.18016111721472772
2016,ILLINOIS,0.11980949343701752
2016,INDIANA,0.2171194644084551
2016,IOWA,0.04552186670006009
2016,KANSAS,0.0058595774231839926
2016,KENTUCKY,0.1299707026035657
2016,LOUISIANA,-0.08354743621833416
2016,MAINE,0.23470193750223522
2016,MARYLAND,0.30870052444851304
2016,MASSACHUSETTS,0.29144289461477957
2016,MICHIGAN,0.2442063863599131
2016,MINNESOTA,0.11576851444858871
2016,MISSISSIPPI,0.12724303582567487
2016,MISSOURI,0.23267802175594987
2016,MONTANA,0.030720850289700508
2016,NEBRASKA,-0.20943778141847558
2016,NEVADA,0.19164444850252593
2016,NEW HAMPSHIRE,0.27827391475758745
2016,NEW JERSEY,0.24591229393287062
2016,NEW MEXICO,0.17108291394460906
2016,NEW YORK,0.31837391341775767
2016,NORTH CAROLINA,0.1773837509503995
2016,NORTH DAKOTA,-0.3272665782391271
2016,OHIO,0.1681619531301859
2016,OKLAHOMA,-0.5112080653769113
2016,OREGON,0.268791347145525
2016,PENNSYLVANIA,0.24401907084683483
2016,RHODE ISLAND,0.12863070463309256
2016,SOUTH CAROLINA,0.24561000316583037
2016,SOUTH DAKOTA,-0.004154608941620008
2016,TENNESSEE,0.21504177145430514
2016,TEXAS,-0.17828160355499723
2016,UTAH,0.30545493943248125
2016,VERMONT,0.16792766260067538
2016,VIRGINIA,0.18437868175860128
2016,WASHINGTON,0.31559680805597345
2016,WEST VIRGINIA,-0.01924597970596187
2016,WISCONSIN,0.1398221065235905
2016,WYOMING,-0.4972376148267288
2017,ALABAMA,0.3147574559652089
2017,ALASKA,0.16258264763089336
2017,ARIZONA,0.3750042111820395
2017,ARKANSAS,0.2630545221106173
2017,CALIFORNIA,0.3596351605475334
2017,COLORADO,0.4928683685973212
2017,CONNECTICUT,0.20277325949480396
2017,DELAWARE,0.337233464881348
2017,DISTRICT OF COLUMBIA,0.17158535416297305
2017,FLORIDA,0.494057365561118
2017,GEORGIA,0.41930265824372537
2017,HAWAII,0.3853645097666947
2017,IDAHO,0.34834978508091474
2017,ILLINOIS,0.2944782042106686
2017,INDIANA,0.3148159831576347
2017,IOWA,0.20546903725804366
2017,KANSAS,0.2838017200467835
2017,KENTUCKY,0.24492379713807466
2017,LOUISIANA,0.2929634835435069
2017,MAINE,0.3528586766750941
2017,MARYLAND,0.25951201648899413
2017,MASSACHUSETTS,0.33821078104230295
2017,MICHIGAN,0.2414785633621408
2017,MINNESOTA,0.3043482940445541
2017,MISSISSIPPI,0.22824023445795483
2017,MISSOURI,0.20163503562860008
2017,MONTANA,0.42797653476169817
2017,NEBRASKA,0.16817172310794604
2017,NEVADA,0.4129033374566493
2017,NEW HAMPSHIRE,0.3423484455873371
2017,NEW JERSEY,0.31440401947600005
2017,NEW MEXICO,0.16513398722752815
2017,NEW YORK,0.5964191657581441
2017,NORTH CAROLINA,0.32911139598934547
2017,NORTH DAKOTA,0.09570610439710858
2017,OHIO,0.3120870450578961
2017,OKLAHOMA,0.41058206737005776
2017,OREGON,0.39331812695466706
2017,PENNSYLVANIA,0.24913586423338518
2017,RHODE ISLAND,0.3637245158327307
2017,SOUTH CAROLINA,0.35217809156622426
2017,SOUTH DAKOTA,0.21047547425028235
2017,TENNESSEE,0.31571976485800235
2017,TEXAS,0.5087770163955563
2017,UTAH,0.3732965076373551
2017,VERMONT,0.22845857225486377
2017,VIRGINIA,0.2946628896857151
2017,WASHINGTON,0.38319565702218394
2017,WEST VIRGINIA,0.4469579083808073
2017,WISCONSIN,0.30683159751212497
2017,WYOMING,0.3683603733880103
2018,ALABAMA,0.331506027273365
2018,ALASKA,0.39230333369668635
2018,ARIZONA,0.3923794988027307
2018,ARKANSAS,0.34651555972944337
2018,CALIFORNIA,0.4108602995555488
2018,COLORADO,0.5077470069455803
2018,CONNECTICUT,0.387627199654883
2018,DELAWARE,0.41976232791096635
2018,DISTRICT OF COLUMBIA,0.24940303259348706
2018,FLORIDA,0.44062359410141916
2018,GEORGIA,0.3730308896762624
2018,HAWAII,0.22841307295848878
2018,IDAHO,0.40826321246312247
2018,ILLINOIS,0.49180032384488204
2018,INDIANA,0.4059472410002929
2018,IOWA,0.3782706283612436
2018,KANSAS,0.3893787577381902
2018,KENTUCKY,0.2806428457819976
2018,LOUISIANA,0.4139300933774015
2018,MAINE,0.36237786691450946
2018,MARYLAND,0.23707700769253215
2018,MASSACHUSETTS,0.39906063831933736
2018,MICHIGAN,0.3430257357482702
2018,MINNESOTA,0.38033039694505
2018,MISSISSIPPI,0.25615349991983116
2018,MISSOURI,0.3739095643452428
2018,MONTANA,0.3433583411891705
2018,NEBRASKA,0.3402447273405107
2018,NEVADA,0.4122133936266703
2018,NEW HAMPSHIRE,0.39109114792101884
2018,NEW JERSEY,0.37515387284905444
2018,NEW MEXICO,0.40559044284664836
2018,NEW YORK,0.32642938917923914
2018,NORTH CAROLINA,0.34638720226087827
2018,NORTH DAKOTA,0.5370708101959609
2018,OHIO,0.34535671628790343
2018,OKLAHOMA,0.41338911440169657
2018,OREGON,0.4809559244656869
2018,PENNSYLVANIA,0.4733033481618243
2018,RHODE ISLAND,0.31407286111129196
2018,SOUTH CAROLINA,0.3089174278493534
2018,SOUTH DAKOTA,0.3969140780058167
2018,TENNESSEE,0.41821378575175316
2018,TEXAS,0.5064391993036432
2018,UTAH,0.5540654441997361
2018,VERMONT,0.2932775598799342
2018,VIRGINIA,0.2935101634480741
2018,WASHINGTON,0.4594199757785411
2018,WEST VIRGINIA,0.5036018467872827
2018,WISCONSIN,0.395814469185618
2018,WYOMING,0.4938954920480132
2019,ALABAMA,0.3628008511445957
2019,ALASKA,0.2797482872606061
2019,ARIZONA,0.361495970769532
2019,ARKANSAS,0.2848644821122237
2019,CALIFORNIA,0.4096552621302374
2019,COLORADO,0.3950048363855707
2019,CONNECTICUT,0.22223058417332187
2019,DELAWARE,0.1257655478016817
2019,DISTRICT OF COLUMBIA,0.052413126646633224
2019,FLORIDA,0.33360078970501306
2019,GEORGIA,0.36613306721211547
2019,HAWAII,0.32528435498908603
2019,IDAHO,0.4130194733246828
2019,ILLINOIS,0.2942192642791719
2019,INDIANA,0.3258137249239068
2019,IOWA,0.18208531050780685
2019,KANSAS,0.3649351188878214
2019,KENTUCKY,0.3683291894166274
2019,LOUISIANA,0.3084162228148779
2019,MAINE,0.3420147822106756
2019,MARYLAND,0.2021889191371029
2019,MASSACHUSETTS,0.35647930656173
2019,MICHIGAN,0.30036925124872216
2019,MINNESOTA,0.22789127269022824
2019,MISSISSIPPI,0.3060455955686381
2019,MISSOURI,0.3274540916917257
2019,MONTANA,0.3929964317180401
2019,NEBRASKA,0.25496191964275994
2019,NEVADA,0.3661261747380129
2019,NEW HAMPSHIRE,0.34994755138175737
2019,NEW JERSEY,0.3268529267679732
2019,NEW MEXICO,0.39932644653062344
2019,NEW YORK,0.33989002851606553
2019,NORTH CAROLINA,0.37951140762404467
2019,NORTH DAKOTA,0.29110691469294014
2019,OHIO,0.2663776093216441
2019,OKLAHOMA,0.3973311172455585
2019,OREGON,0.34553532992507296
2019,PENNSYLVANIA,0.26948565116311496
2019,RHODE ISLAND,0.40722303709752605
2019,SOUTH CAROLINA,0.3661370039644618
2019,SOUTH DAKOTA,0.4090431434492281
2019,TENNESSEE,0.34887346836800504
2019,TEXAS,0.25477785415630727
2019,UTAH,0.5338594244898465
2019,VERMONT,0.317115647516264
2019,VIRGINIA,0.27781260457495627
2019,WASHINGTON,0.3931151546204159
2019,WEST VIRGINIA,0.24529991423662967
2019,WISCONSIN,0.29533877607612613
2019,WYOMING,0.17358541131988758
2020,ALABAMA,0.5134925803237822
2020,ALASKA,0.25480648400637573
2020,ARIZONA,0.7500722511236901
2020,ARKANSAS,0.4966984980766753
2020,CALIFORNIA,0.7618101122795151
2020,COLORADO,0.4266287234933719
2020,CONNECTICUT,0.32456207747231236
2020,DELAWARE,0.38501219394326824
2020,DISTRICT OF COLUMBIA,0.6080247134313987
2020,FLORIDA,0.44672660544646803
2020,GEORGIA,0.555742663711789
2020,HAWAII,0.5120951653916572
2020,IDAHO,0.5954359459132919
2020,ILLINOIS,0.5691902456603559
2020,INDIANA,0.5408525936411612
2020,IOWA,0.5230080237140555
2020,KANSAS,0.4870780574246947
2020,KENTUCKY,0.7096208794689307
2020,LOUISIANA,0.6038745898091058
2020,MAINE,0.6693294577612363
2020,MARYLAND,0.5314407288778522
2020,MASSACHUSETTS,0.5853869846248028
2020,MICHIGAN,0.7191840240408975
2020,MINNESOTA,0.5416968935655797
2020,MISSISSIPPI,0.7149048377347977
2020,MISSOURI,0.5065775308982889
2020,MONTANA,0.5828914673812635
2020,NEBRASKA,0.5811703753643815
2020,NEVADA,0.403563550929098
2020,NEW HAMPSHIRE,0.45756151077478435
2020,NEW JERSEY,0.4807056973532564
2020,NEW MEXICO,0.6742299771033577
2020,NEW YORK,0.561408602267055
2020,NORTH CAROLINA,0.5014181904877457
2020,NORTH DAKOTA,0.5129470690280913
2020,OHIO,0.6123432997398037
2020,OKLAHOMA,0.2948073241731741
2020,OREGON,0.6516339013710404
2020,PENNSYLVANIA,0.6279491051953467
2020,RHODE ISLAND,0.6552352935565331
2020,SOUTH CAROLINA,0.5120583875827034
2020,SOUTH DAKOTA,0.7329757107218615
2020,TENNESSEE,0.37707537169227034
2020,TEXAS,0.31588252806575845
2020,UTAH,0.56466474940704
2020,VERMONT,0.6060514768119862
2020,VIRGINIA,0.4860270144910306
2020,WASHINGTON,0.5710086973963024
2020,WEST VIRGINIA,0.5350819541672269
2020,WISCONSIN,0.45339726696522753
2020,WYOMING,0.11664630176877466
