year,state,gdp_def_percent_change_year_ago
1978,NEW HAMPSHIRE,6.4799634387756155
1979,NEW HAMPSHIRE,6.746795890638846
1980,NEW HAMPSHIRE,8.064220276127632
1981,NEW HAMPSHIRE,8.666262322466768
1982,NEW HAMPSHIRE,6.694982035428376
1983,NEW HAMPSHIRE,4.08509599292175
1984,NEW HAMPSHIRE,4.334703331479273
1985,NEW HAMPSHIRE,2.8666590662982605
1986,NEW HAMPSHIRE,3.872509441972727
1987,NEW HAMPSHIRE,2.564272590929484
1988,NEW HAMPSHIRE,2.8907420463943234
1989,NEW HAMPSHIRE,3.8142199964182666
1990,NEW HAMPSHIRE,3.695328741409165
1991,NEW HAMPSHIRE,3.6077695916769903
1992,NEW HAMPSHIRE,2.324090813065438
1993,NEW HAMPSHIRE,2.667898191694751
1994,NEW HAMPSHIRE,2.1428925145583477
1995,NEW HAMPSHIRE,1.5555269462997678
1996,NEW HAMPSHIRE,0.7126860240174615
1997,NEW HAMPSHIRE,0.8613855083534627
1978,PENNSYLVANIA,7.119888338544755
1979,PENNSYLVANIA,7.4289902922106466
1980,PENNSYLVANIA,8.094515496342435
1981,PENNSYLVANIA,8.489541836953363
1982,PENNSYLVANIA,6.604062531468302
1983,PENNSYLVANIA,4.149308323551071
1984,PENNSYLVANIA,4.3741359407758695
1985,PENNSYLVANIA,3.1468219017803944
1986,PENNSYLVANIA,4.006883221682056
1987,PENNSYLVANIA,2.6595564808327143
1988,PENNSYLVANIA,3.668018290903796
1989,PENNSYLVANIA,3.9906009771850437
1990,PENNSYLVANIA,3.606635655050816
1991,PENNSYLVANIA,3.7583150809781474
1992,PENNSYLVANIA,2.6871568417173197
1993,PENNSYLVANIA,2.789154435914809
1994,PENNSYLVANIA,2.397508345404775
1995,PENNSYLVANIA,2.162488294705911
1996,PENNSYLVANIA,1.1689951511166807
1997,PENNSYLVANIA,1.6370118587436755
1978,MISSOURI,7.050663528042023
1979,MISSOURI,6.95555653436597
1980,MISSOURI,7.7817495864848985
1981,MISSOURI,8.80532427984415
1982,MISSOURI,6.411977156247861
1983,MISSOURI,4.6011932353522855
1984,MISSOURI,4.747066902251973
1985,MISSOURI,2.9904468911902127
1986,MISSOURI,4.095251638316144
1987,MISSOURI,2.6452734988314353
1988,MISSOURI,3.1591780391878377
1989,MISSOURI,3.7469828157514096
1990,MISSOURI,3.29608901968792
1991,MISSOURI,3.805634116356882
1992,MISSOURI,2.564087189029096
1993,MISSOURI,2.7992732837008205
1994,MISSOURI,2.532216367857254
1995,MISSOURI,2.0759962358137596
1996,MISSOURI,1.6984990312686632
1997,MISSOURI,1.356362743563877
1978,KANSAS,8.282920491245171
1979,KANSAS,8.473737095272549
1980,KANSAS,8.934918287709603
1981,KANSAS,9.821030895807748
1982,KANSAS,5.647255140565233
1983,KANSAS,4.615747608338716
1984,KANSAS,4.354504401638981
1985,KANSAS,1.8865377979386144
1986,KANSAS,2.4264421210868026
1987,KANSAS,2.197782308670626
1988,KANSAS,3.0550171010794935
1989,KANSAS,3.7502885404793407
1990,KANSAS,3.8409848215349873
1991,KANSAS,3.0368813655837767
1992,KANSAS,2.4243031954962024
1993,KANSAS,2.864465737876465
1994,KANSAS,2.206396240567421
1995,KANSAS,1.9035459574535452
1996,KANSAS,2.3496127824455204
1997,KANSAS,1.0702983936187183
1978,MISSISSIPPI,8.129614170725352
1979,MISSISSIPPI,8.53677533071384
1980,MISSISSIPPI,8.729901198686552
1981,MISSISSIPPI,8.76616402086372
1982,MISSISSIPPI,5.80699636009494
1983,MISSISSIPPI,3.303941480185313
1984,MISSISSIPPI,3.6039459606472146
1985,MISSISSIPPI,2.0150383445284525
1986,MISSISSIPPI,2.6058915445537734
1987,MISSISSIPPI,1.521459555829896
1988,MISSISSIPPI,3.5234963773351557
1989,MISSISSIPPI,3.734748073897798
1990,MISSISSIPPI,3.735538479450251
1991,MISSISSIPPI,3.1584946440449624
1992,MISSISSIPPI,2.1873366668848426
1993,MISSISSIPPI,3.0361191369006724
1994,MISSISSIPPI,2.0948521556756416
1995,MISSISSIPPI,1.5122546430509587
1996,MISSISSIPPI,1.4483961545333601
1997,MISSISSIPPI,1.3391901510787507
1978,HAWAII,7.122835718618825
1979,HAWAII,7.512715097179146
1980,HAWAII,8.894498965100016
1981,HAWAII,9.847203094696555
1982,HAWAII,6.666052028017377
1983,HAWAII,5.475799723635499
1984,HAWAII,6.840858333389632
1985,HAWAII,4.714876203247131
1986,HAWAII,4.727480686302932
1987,HAWAII,3.5475829665729375
1988,HAWAII,3.34986278497027
1989,HAWAII,3.646205878124942
1990,HAWAII,3.410200702540145
1991,HAWAII,4.0613733995250145
1992,HAWAII,2.382029615049741
1993,HAWAII,3.395591750991356
1994,HAWAII,2.0338142613057775
1995,HAWAII,2.2859949215083386
1996,HAWAII,2.0400634904827353
1997,HAWAII,2.643437570492546
1978,IDAHO,8.639769066370896
1979,IDAHO,7.715338772710911
1980,IDAHO,6.146521064920529
1981,IDAHO,7.166205566199091
1982,IDAHO,4.343837269799655
1983,IDAHO,5.5576677130229735
1984,IDAHO,4.493351751784713
1985,IDAHO,1.346516870544412
1986,IDAHO,3.367586995548999
1987,IDAHO,3.3523988057021725
1988,IDAHO,3.630068145700771
1989,IDAHO,3.971388582070934
1990,IDAHO,2.739795796994837
1991,IDAHO,2.5147008169058127
1992,IDAHO,2.3379416772274286
1993,IDAHO,2.994303992111469
1994,IDAHO,2.072493505594508
1995,IDAHO,0.6859157836806906
1996,IDAHO,0.795353030297985
1997,IDAHO,0.04392244748328
1978,VERMONT,7.070501121288153
1979,VERMONT,6.816829942666058
1980,VERMONT,7.462807731776677
1981,VERMONT,8.463777974137932
1982,VERMONT,6.319574085790491
1983,VERMONT,4.7243468141269895
1984,VERMONT,4.71491701820268
1985,VERMONT,3.0716403498054934
1986,VERMONT,4.008579835202286
1987,VERMONT,3.096123118250871
1988,VERMONT,3.1050365669841318
1989,VERMONT,3.6696654415771413
1990,VERMONT,3.2251247592705923
1991,VERMONT,3.307426306905681
1992,VERMONT,2.060558484161823
1993,VERMONT,2.441322040087046
1994,VERMONT,1.950354055529413
1995,VERMONT,1.2421414662259211
1996,VERMONT,1.1507027606153075
1997,VERMONT,1.1347836754723284
1978,INDIANA,7.155721223677602
1979,INDIANA,7.166346119345879
1980,INDIANA,7.389736887357179
1981,INDIANA,8.619127197709275
1982,INDIANA,6.225718523035706
1983,INDIANA,4.2340314836438075
1984,INDIANA,4.260448589379351
1985,INDIANA,2.037091778351785
1986,INDIANA,3.747719023471574
1987,INDIANA,2.148331911383883
1988,INDIANA,3.407475179880559
1989,INDIANA,3.9830630487421192
1990,INDIANA,3.0153455513460825
1991,INDIANA,3.3930169215249384
1992,INDIANA,2.233287269038109
1993,INDIANA,2.7605616662274235
1994,INDIANA,2.3064106406216034
1995,INDIANA,1.7737176384866826
1996,INDIANA,1.1809416172557707
1997,INDIANA,1.054814616473232
1978,ALABAMA,7.402565811401107
1979,ALABAMA,7.4932671648191285
1980,ALABAMA,7.882735676346719
1981,ALABAMA,9.372111307320896
1982,ALABAMA,6.426162498355481
1983,ALABAMA,4.185139058530218
1984,ALABAMA,4.54848519904083
1985,ALABAMA,2.784003429199733
1986,ALABAMA,3.2336928205202398
1987,ALABAMA,2.584083738377152
1988,ALABAMA,3.583284833455669
1989,ALABAMA,3.7415887083921406
1990,ALABAMA,3.0032840597222554
1991,ALABAMA,3.2941688489797283
1992,ALABAMA,2.459957015527614
1993,ALABAMA,2.5191591199600794
1994,ALABAMA,2.460433595316047
1995,ALABAMA,2.8549240659191177
1996,ALABAMA,1.0563890077128102
1997,ALABAMA,1.2316030910900944
1978,MARYLAND,6.583893720277945
1979,MARYLAND,7.109234648033169
1980,MARYLAND,8.484630723407882
1981,MARYLAND,9.63040492098568
1982,MARYLAND,7.04861550191036
1983,MARYLAND,5.305398642527215
1984,MARYLAND,5.288847469132385
1985,MARYLAND,3.992457463052923
1986,MARYLAND,4.058560174240933
1987,MARYLAND,3.6105676431704703
1988,MARYLAND,3.6699836970230493
1989,MARYLAND,3.851721867833624
1990,MARYLAND,3.8200186982868534
1991,MARYLAND,4.213309171621238
1992,MARYLAND,2.723974054184053
1993,MARYLAND,3.2745726038589273
1994,MARYLAND,2.411571952604641
1995,MARYLAND,2.6308938031085027
1996,MARYLAND,1.8371022836009665
1997,MARYLAND,1.9763747982217916
1978,KENTUCKY,7.317931457686688
1979,KENTUCKY,6.9588187864673134
1980,KENTUCKY,7.011687672222022
1981,KENTUCKY,8.024855601496771
1982,KENTUCKY,6.500602915750919
1983,KENTUCKY,4.378748020566925
1984,KENTUCKY,4.0459448759609495
1985,KENTUCKY,2.09430202100529
1986,KENTUCKY,3.9736234070400167
1987,KENTUCKY,2.062248735129435
1988,KENTUCKY,3.0002211434511983
1989,KENTUCKY,3.650014671298618
1990,KENTUCKY,3.105686634927629
1991,KENTUCKY,3.84349111275899
1992,KENTUCKY,2.4768513514444868
1993,KENTUCKY,2.177048917421831
1994,KENTUCKY,1.1904544562034935
1995,KENTUCKY,1.315257339548448
1996,KENTUCKY,1.3286856134854474
1997,KENTUCKY,1.2053804307325278
1978,OREGON,8.613570542151638
1979,OREGON,7.415849864882307
1980,OREGON,6.493415128589719
1981,OREGON,8.166499108409475
1982,OREGON,5.6093574964596105
1983,OREGON,5.57836642687306
1984,OREGON,4.5614640154332475
1985,OREGON,2.842150500673424
1986,OREGON,3.747355196492874
1987,OREGON,3.40607493577485
1988,OREGON,3.6773354009829173
1989,OREGON,4.100988027789509
1990,OREGON,3.229417573311233
1991,OREGON,3.3501946694521667
1992,OREGON,2.6784227424070606
1993,OREGON,3.409059317790808
1994,OREGON,2.4433307715512775
1995,OREGON,1.575194012997283
1996,OREGON,0.2519785091147586
1997,OREGON,0.1956993303781962
1978,NEVADA,7.85754883820986
1979,NEVADA,8.435465178798163
1980,NEVADA,9.886483600398122
1981,NEVADA,8.940232978508789
1982,NEVADA,6.364289183110672
1983,NEVADA,5.064542540301731
1984,NEVADA,4.81922318963901
1985,NEVADA,4.23686525623872
1986,NEVADA,4.073959211843037
1987,NEVADA,4.404195738912531
1988,NEVADA,4.649331582125016
1989,NEVADA,3.529502856598943
1990,NEVADA,2.910575068657506
1991,NEVADA,3.52080491496527
1992,NEVADA,2.2344798808142885
1993,NEVADA,2.4014286978317534
1994,NEVADA,2.834856632675087
1995,NEVADA,3.017740132116975
1996,NEVADA,1.2876286814989868
1997,NEVADA,2.400098495734926
1978,WASHINGTON,7.76325563838649
1979,WASHINGTON,7.55504137659897
1980,WASHINGTON,7.369699535021046
1981,WASHINGTON,8.498493790231688
1982,WASHINGTON,6.77737309406512
1983,WASHINGTON,6.240828924849318
1984,WASHINGTON,5.318716584523897
1985,WASHINGTON,3.292988452020551
1986,WASHINGTON,3.937104822431303
1987,WASHINGTON,2.8650370887829624
1988,WASHINGTON,3.408702304349487
1989,WASHINGTON,3.8074081717869523
1990,WASHINGTON,3.7807941760862107
1991,WASHINGTON,3.8441426001838197
1992,WASHINGTON,3.1170497792402108
1993,WASHINGTON,3.3279028824771517
1994,WASHINGTON,2.257990644088781
1995,WASHINGTON,2.3696464596789646
1996,WASHINGTON,1.6967192137280263
1997,WASHINGTON,1.57439843208651
1978,MAINE,7.308983534454727
1979,MAINE,7.6212522735496835
1980,MAINE,7.941187555973972
1981,MAINE,8.915049428764132
1982,MAINE,6.398447258832163
1983,MAINE,4.685174966556183
1984,MAINE,5.098896436815847
1985,MAINE,3.278203335667196
1986,MAINE,3.6925853603123837
1987,MAINE,3.5578435434970856
1988,MAINE,3.683706436883849
1989,MAINE,4.02843123254828
1990,MAINE,3.470372831548163
1991,MAINE,3.5569118739522176
1992,MAINE,2.764579218308838
1993,MAINE,2.973484265474524
1994,MAINE,2.6165998694064774
1995,MAINE,3.4438072172431777
1996,MAINE,0.9080940742531629
1997,MAINE,1.2684620879890973
1978,MASSACHUSETTS,6.25092216985812
1979,MASSACHUSETTS,6.621243610774186
1980,MASSACHUSETTS,8.62163777033813
1981,MASSACHUSETTS,9.034645130609476
1982,MASSACHUSETTS,7.158874084845057
1983,MASSACHUSETTS,4.928949337409727
1984,MASSACHUSETTS,4.627066332340468
1985,MASSACHUSETTS,3.4095995008653235
1986,MASSACHUSETTS,3.965682327282649
1987,MASSACHUSETTS,2.6454891466944908
1988,MASSACHUSETTS,3.043888028644104
1989,MASSACHUSETTS,3.8079590190500667
1990,MASSACHUSETTS,3.949335370582241
1991,MASSACHUSETTS,3.90676911244372
1992,MASSACHUSETTS,2.8127411990895412
1993,MASSACHUSETTS,2.909535578073519
1994,MASSACHUSETTS,2.2910244024858306
1995,MASSACHUSETTS,2.243913881118198
1996,MASSACHUSETTS,1.6813769791008681
1997,MASSACHUSETTS,1.7415806352831131
1978,FLORIDA,7.1264014001777065
1979,FLORIDA,7.041169864742591
1980,FLORIDA,8.174008642224862
1981,FLORIDA,9.266977437352164
1982,FLORIDA,6.422995683096899
1983,FLORIDA,5.67652065551798
1984,FLORIDA,5.189712110981692
1985,FLORIDA,3.9301588966007106
1986,FLORIDA,4.130645593872484
1987,FLORIDA,3.5237976139327776
1988,FLORIDA,3.36188064167251
1989,FLORIDA,3.6942198324118047
1990,FLORIDA,3.7087614261134494
1991,FLORIDA,3.753966397368691
1992,FLORIDA,2.520291027200905
1993,FLORIDA,3.037563230575624
1994,FLORIDA,2.4582332498404247
1995,FLORIDA,2.2395346590769805
1996,FLORIDA,1.6772341975761718
1997,FLORIDA,1.6011593030701432
1978,OHIO,6.9973262794020386
1979,OHIO,7.244470621309773
1980,OHIO,8.084700620202657
1981,OHIO,8.394626694287787
1982,OHIO,6.753184393764755
1983,OHIO,3.4392567999665946
1984,OHIO,4.018640434944376
1985,OHIO,2.5963225187128236
1986,OHIO,3.930109182774344
1987,OHIO,2.0375276944242016
1988,OHIO,3.114835681063366
1989,OHIO,3.883622885040827
1990,OHIO,3.317362826346182
1991,OHIO,3.622640217435502
1992,OHIO,2.356243518208645
1993,OHIO,2.688615518077242
1994,OHIO,2.4409721356298375
1995,OHIO,1.9202995847948268
1996,OHIO,1.1294916187172266
1997,OHIO,1.307758643687773
1978,DISTRICT OF COLUMBIA,6.342811114015401
1979,DISTRICT OF COLUMBIA,7.273171313351878
1980,DISTRICT OF COLUMBIA,8.86567982912747
1981,DISTRICT OF COLUMBIA,11.404513286512818
1982,DISTRICT OF COLUMBIA,8.797410270567042
1983,DISTRICT OF COLUMBIA,5.996438038596752
1984,DISTRICT OF COLUMBIA,5.978878387685738
1985,DISTRICT OF COLUMBIA,5.728660855654311
1986,DISTRICT OF COLUMBIA,4.756311140931779
1987,DISTRICT OF COLUMBIA,3.870315377200839
1988,DISTRICT OF COLUMBIA,5.053627937786809
1989,DISTRICT OF COLUMBIA,4.373644889047901
1990,DISTRICT OF COLUMBIA,3.79460184881395
1991,DISTRICT OF COLUMBIA,6.329028543125115
1992,DISTRICT OF COLUMBIA,3.5039945153369167
1993,DISTRICT OF COLUMBIA,3.565643842546251
1994,DISTRICT OF COLUMBIA,2.903626215381161
1995,DISTRICT OF COLUMBIA,3.776254087985653
1996,DISTRICT OF COLUMBIA,2.9022989036950664
1997,DISTRICT OF COLUMBIA,2.946705448644882
1978,SOUTH CAROLINA,6.694681545947678
1979,SOUTH CAROLINA,6.455748565118613
1980,SOUTH CAROLINA,7.725272395606941
1981,SOUTH CAROLINA,8.719128183177949
1982,SOUTH CAROLINA,6.0358979022374415
1983,SOUTH CAROLINA,4.122365871508782
1984,SOUTH CAROLINA,4.84636629187063
1985,SOUTH CAROLINA,3.050138774138045
1986,SOUTH CAROLINA,3.632865286299891
1987,SOUTH CAROLINA,2.806966290380708
1988,SOUTH CAROLINA,3.469092817665631
1989,SOUTH CAROLINA,3.608488415239308
1990,SOUTH CAROLINA,2.8834848145803837
1991,SOUTH CAROLINA,3.4494880261349614
1992,SOUTH CAROLINA,2.300116088300097
1993,SOUTH CAROLINA,2.3540558773309517
1994,SOUTH CAROLINA,2.0345820146423943
1995,SOUTH CAROLINA,2.510832318806777
1996,SOUTH CAROLINA,0.9913039918050703
1997,SOUTH CAROLINA,1.0593379082979526
1978,NEW YORK,6.4441553198444135
1979,NEW YORK,6.548604489539023
1980,NEW YORK,8.27508777459518
1981,NEW YORK,9.064409411889507
1982,NEW YORK,7.003251475107142
1983,NEW YORK,5.932101293362013
1984,NEW YORK,4.856417890391729
1985,NEW YORK,4.511323843296622
1986,NEW YORK,4.396092480396452
1987,NEW YORK,2.850091645354369
1988,NEW YORK,3.1895779058938034
1989,NEW YORK,3.8415533697904625
1990,NEW YORK,3.9262623336590474
1991,NEW YORK,4.064325380693656
1992,NEW YORK,3.0785143894354494
1993,NEW YORK,2.92968577736179
1994,NEW YORK,1.890570335170838
1995,NEW YORK,2.768137900860834
1996,NEW YORK,2.2108151857244795
1997,NEW YORK,2.250007820645661
1978,NEW JERSEY,6.339001010876988
1979,NEW JERSEY,6.925009179326902
1980,NEW JERSEY,8.997375408843645
1981,NEW JERSEY,8.930241841324293
1982,NEW JERSEY,6.849947487599062
1983,NEW JERSEY,4.234895184925325
1984,NEW JERSEY,4.877349221311977
1985,NEW JERSEY,3.8075942830596565
1986,NEW JERSEY,3.9555923991383413
1987,NEW JERSEY,2.870584892750383
1988,NEW JERSEY,3.8409018120293625
1989,NEW JERSEY,3.8652238019698304
1990,NEW JERSEY,3.7650200934020495
1991,NEW JERSEY,3.788684001575482
1992,NEW JERSEY,2.2737569377185185
1993,NEW JERSEY,3.0276092867842497
1994,NEW JERSEY,2.45030582929997
1995,NEW JERSEY,2.2715942374940568
1996,NEW JERSEY,1.1784852816997926
1997,NEW JERSEY,1.9472226106442614
1978,SOUTH DAKOTA,9.234584918877275
1979,SOUTH DAKOTA,7.579580696817367
1980,SOUTH DAKOTA,5.382869191456852
1981,SOUTH DAKOTA,6.927934651528722
1982,SOUTH DAKOTA,3.6094048453598093
1983,SOUTH DAKOTA,6.0091334400697916
1984,SOUTH DAKOTA,5.013031927213563
1985,SOUTH DAKOTA,0.4895943747645459
1986,SOUTH DAKOTA,3.6395484349092344
1987,SOUTH DAKOTA,3.82564800407863
1988,SOUTH DAKOTA,3.884746970935815
1989,SOUTH DAKOTA,3.8033094601948925
1990,SOUTH DAKOTA,2.893644849437882
1991,SOUTH DAKOTA,2.5750977152356747
1992,SOUTH DAKOTA,2.584986258884614
1993,SOUTH DAKOTA,2.3479274913730697
1994,SOUTH DAKOTA,2.0769638235338617
1995,SOUTH DAKOTA,2.0453330590260554
1996,SOUTH DAKOTA,2.6293190291637236
1997,SOUTH DAKOTA,-0.04583211028545975
1978,TEXAS,8.366435323392828
1979,TEXAS,11.393701182630235
1980,TEXAS,14.30727346401528
1981,TEXAS,13.59017084793319
1982,TEXAS,5.673046899796752
1983,TEXAS,1.9996706086824467
1984,TEXAS,2.9718775269554243
1985,TEXAS,1.8796391067848806
1986,TEXAS,-1.5496700728045765
1987,TEXAS,2.0736147113906034
1988,TEXAS,2.724174323346973
1989,TEXAS,4.242072988808343
1990,TEXAS,4.908714316055174
1991,TEXAS,2.209301026073174
1992,TEXAS,1.8005434817348398
1993,TEXAS,2.8750931782923983
1994,TEXAS,1.581180600444143
1995,TEXAS,1.5408378422131053
1996,TEXAS,2.548274338517942
1997,TEXAS,1.9210806645361567
1978,MICHIGAN,6.94088865842466
1979,MICHIGAN,7.03999545370797
1980,MICHIGAN,8.555643996555705
1981,MICHIGAN,10.172205871906659
1982,MICHIGAN,7.1159655597737625
1983,MICHIGAN,3.82054318825793
1984,MICHIGAN,4.014365274166187
1985,MICHIGAN,2.6167232665683438
1986,MICHIGAN,4.546819787838285
1987,MICHIGAN,2.3650297710511747
1988,MICHIGAN,2.4675412704926902
1989,MICHIGAN,3.8897383193786883
1990,MICHIGAN,3.3693764587992225
1991,MICHIGAN,4.1860290200411265
1992,MICHIGAN,2.8461816419629526
1993,MICHIGAN,3.6923452012392666
1994,MICHIGAN,2.104083166164328
1995,MICHIGAN,1.7988312367182013
1996,MICHIGAN,1.706327788386397
1997,MICHIGAN,1.199764575056883
1978,ARKANSAS,8.054511327227964
1979,ARKANSAS,7.660790366168091
1980,ARKANSAS,7.733458261427861
1981,ARKANSAS,8.995825782726751
1982,ARKANSAS,5.603037376913367
1983,ARKANSAS,4.161761647182072
1984,ARKANSAS,4.3635850114860375
1985,ARKANSAS,2.009543359630661
1986,ARKANSAS,2.9997781390070255
1987,ARKANSAS,2.5120305295970313
1988,ARKANSAS,3.212602171109924
1989,ARKANSAS,4.008588580208716
1990,ARKANSAS,3.046572383838031
1991,ARKANSAS,2.849949590568057
1992,ARKANSAS,2.216695208876507
1993,ARKANSAS,2.5467799731679674
1994,ARKANSAS,2.2810981019268706
1995,ARKANSAS,2.0391400460236575
1996,ARKANSAS,1.5936372713319935
1997,ARKANSAS,0.6380182281066071
1978,ILLINOIS,6.789178286694053
1979,ILLINOIS,6.98163712147688
1980,ILLINOIS,8.040589346620486
1981,ILLINOIS,8.47099141451051
1982,ILLINOIS,6.631540605124142
1983,ILLINOIS,4.262759157491258
1984,ILLINOIS,4.678430294609037
1985,ILLINOIS,3.166617095550106
1986,ILLINOIS,3.7336489847139998
1987,ILLINOIS,2.4341656616311047
1988,ILLINOIS,3.254679139990735
1989,ILLINOIS,3.7068012391890726
1990,ILLINOIS,3.5441447543818727
1991,ILLINOIS,3.507087299680256
1992,ILLINOIS,2.162592899668825
1993,ILLINOIS,2.3372575155208297
1994,ILLINOIS,2.325036678236514
1995,ILLINOIS,1.957929355357746
1996,ILLINOIS,1.2193374893021858
1997,ILLINOIS,1.6166450371717156
1978,VIRGINIA,6.895423068853113
1979,VIRGINIA,7.009126509416075
1980,VIRGINIA,8.266541946505669
1981,VIRGINIA,9.332919722548727
1982,VIRGINIA,7.61505175958157
1983,VIRGINIA,6.2672144281693765
1984,VIRGINIA,5.742699657731887
1985,VIRGINIA,4.0055269405813165
1986,VIRGINIA,4.23102858903428
1987,VIRGINIA,3.3846132190367584
1988,VIRGINIA,3.533332137968781
1989,VIRGINIA,3.870151068118144
1990,VIRGINIA,3.63300676330347
1991,VIRGINIA,4.594824357017546
1992,VIRGINIA,3.198715662382967
1993,VIRGINIA,2.561872072119864
1994,VIRGINIA,1.4885635844828604
1995,VIRGINIA,2.2905175256659582
1996,VIRGINIA,1.8161504378161109
1997,VIRGINIA,1.995687623763387
1978,MONTANA,9.431783163337549
1979,MONTANA,9.59732438256793
1980,MONTANA,8.89816276366
1981,MONTANA,9.989093218889899
1982,MONTANA,4.687601863288715
1983,MONTANA,3.583874235484563
1984,MONTANA,3.3982405154739714
1985,MONTANA,2.0058173318082906
1986,MONTANA,1.12840715859297
1987,MONTANA,2.957171781110235
1988,MONTANA,3.7118317659016853
1989,MONTANA,3.6803854790307344
1990,MONTANA,3.0310335733006566
1991,MONTANA,2.226760786721349
1992,MONTANA,2.278940051601719
1993,MONTANA,3.0129749101238446
1994,MONTANA,2.4375822308431605
1995,MONTANA,2.088692525140079
1996,MONTANA,1.6976706847958045
1997,MONTANA,1.2318764591278786
1978,WYOMING,10.909747870588138
1979,WYOMING,16.213293884901248
1980,WYOMING,18.789820950577973
1981,WYOMING,17.75685412397763
1982,WYOMING,4.412318259886949
1983,WYOMING,-1.593560891170387
1984,WYOMING,0.14802110556881853
1985,WYOMING,-0.8083972458635014
1986,WYOMING,-9.608305235211956
1987,WYOMING,1.0345733290738623
1988,WYOMING,-0.3300538791650598
1989,WYOMING,4.308270664266134
1990,WYOMING,5.775363713757087
1991,WYOMING,-1.0808184047740088
1992,WYOMING,0.07326942185585938
1993,WYOMING,1.3994319413477507
1994,WYOMING,-0.13255395870968023
1995,WYOMING,0.925057828835607
1996,WYOMING,4.932216638560494
1997,WYOMING,1.3699673696372594
1978,CONNECTICUT,6.400916037219195
1979,CONNECTICUT,6.738475145450429
1980,CONNECTICUT,8.514607507797155
1981,CONNECTICUT,9.394006283738076
1982,CONNECTICUT,7.237102950442598
1983,CONNECTICUT,5.35670257724743
1984,CONNECTICUT,4.935244688304263
1985,CONNECTICUT,3.3074934464787153
1986,CONNECTICUT,3.9885677696859245
1987,CONNECTICUT,2.3861677443518747
1988,CONNECTICUT,3.029759597839843
1989,CONNECTICUT,4.282188033164136
1990,CONNECTICUT,4.036480945315968
1991,CONNECTICUT,3.8397714856383436
1992,CONNECTICUT,2.8163508755012723
1993,CONNECTICUT,3.1223112140333464
1994,CONNECTICUT,2.714823117453169
1995,CONNECTICUT,2.5396914777107593
1996,CONNECTICUT,2.1069912233635746
1997,CONNECTICUT,2.16983331435745
1978,NORTH DAKOTA,9.337420081303737
1979,NORTH DAKOTA,9.163840164429304
1980,NORTH DAKOTA,10.13368106729029
1981,NORTH DAKOTA,13.179872759790157
1982,NORTH DAKOTA,3.972573733929763
1983,NORTH DAKOTA,2.9219488044361697
1984,NORTH DAKOTA,3.5476358433480515
1985,NORTH DAKOTA,-0.45938802279547053
1986,NORTH DAKOTA,-1.6160532960505347
1987,NORTH DAKOTA,2.779044232089034
1988,NORTH DAKOTA,2.851523828206126
1989,NORTH DAKOTA,3.9346797181242454
1990,NORTH DAKOTA,3.776863466445901
1991,NORTH DAKOTA,1.9160731991589852
1992,NORTH DAKOTA,2.075745861820133
1993,NORTH DAKOTA,2.5530112217375
1994,NORTH DAKOTA,1.9053100442045334
1995,NORTH DAKOTA,1.86414215519215
1996,NORTH DAKOTA,3.1494594974783796
1997,NORTH DAKOTA,0.10490570614274386
1978,ALASKA,11.065834622338633
1979,ALASKA,13.68425884808091
1980,ALASKA,21.059078348563396
1981,ALASKA,23.893438424084025
1982,ALASKA,4.758324663705249
1983,ALASKA,-1.0181967565001893
1984,ALASKA,1.250441759617349
1985,ALASKA,-1.0777754300953846
1986,ALASKA,-12.292443613195713
1987,ALASKA,1.0288891733065686
1988,ALASKA,-1.6160870516543913
1989,ALASKA,5.9199919529175915
1990,ALASKA,7.553958875305522
1991,ALASKA,-0.8404455552464496
1992,ALASKA,0.8248073881136797
1993,ALASKA,2.7398060580313244
1994,ALASKA,0.834126148440828
1995,ALASKA,2.2649206551302203
1996,ALASKA,6.36097413484642
1997,ALASKA,1.9983618145708704
1978,MINNESOTA,7.38612416975466
1979,MINNESOTA,7.55193141524042
1980,MINNESOTA,7.644599223957083
1981,MINNESOTA,7.325510605178431
1982,MINNESOTA,5.3455106421975485
1983,MINNESOTA,4.300704293411961
1984,MINNESOTA,4.3019353714514486
1985,MINNESOTA,2.2042226514049412
1986,MINNESOTA,3.948285781369365
1987,MINNESOTA,2.478712714345721
1988,MINNESOTA,3.469905530085815
1989,MINNESOTA,3.858993146245493
1990,MINNESOTA,3.467202834457117
1991,MINNESOTA,3.2659451036223253
1992,MINNESOTA,2.218168130549203
1993,MINNESOTA,2.7595960777956563
1994,MINNESOTA,2.4959564326061834
1995,MINNESOTA,2.38158410984024
1996,MINNESOTA,1.4384254734061797
1997,MINNESOTA,1.2080452261203467
1978,TENNESSEE,6.593004285945092
1979,TENNESSEE,7.108533259335714
1980,TENNESSEE,8.07464716942794
1981,TENNESSEE,8.713753219288645
1982,TENNESSEE,5.927226517510853
1983,TENNESSEE,3.988626101830106
1984,TENNESSEE,4.504276762335979
1985,TENNESSEE,3.0093127586274138
1986,TENNESSEE,3.7781978281240303
1987,TENNESSEE,2.8654389698100857
1988,TENNESSEE,3.3855451172754014
1989,TENNESSEE,3.7953025470362167
1990,TENNESSEE,3.2733591532781103
1991,TENNESSEE,3.8555812816211343
1992,TENNESSEE,2.353757029715231
1993,TENNESSEE,2.6028923659451086
1994,TENNESSEE,2.454178451422373
1995,TENNESSEE,2.1347943189521157
1996,TENNESSEE,1.163534658687726
1997,TENNESSEE,1.5566914822726208
1978,IOWA,7.757811043493179
1979,IOWA,6.611961452517523
1980,IOWA,6.034402018657592
1981,IOWA,7.41239570341794
1982,IOWA,4.343949084586685
1983,IOWA,4.772569866645249
1984,IOWA,4.377545972239916
1985,IOWA,0.779429839493706
1986,IOWA,3.250458039252968
1987,IOWA,2.397289777002354
1988,IOWA,3.0410441956882917
1989,IOWA,4.00821921811485
1990,IOWA,3.025678732490489
1991,IOWA,2.668425637284
1992,IOWA,1.9154523186796668
1993,IOWA,2.370449708177924
1994,IOWA,2.155163788348302
1995,IOWA,1.3538224445911684
1996,IOWA,1.9382993677786953
1997,IOWA,0.018904023385180047
1978,DELAWARE,6.760640785490657
1979,DELAWARE,7.582896598299516
1980,DELAWARE,10.103750439687364
1981,DELAWARE,9.66416994112722
1982,DELAWARE,6.271536278596446
1983,DELAWARE,3.5089879042985883
1984,DELAWARE,4.630273857016132
1985,DELAWARE,3.3499683443228623
1986,DELAWARE,5.035688392820603
1987,DELAWARE,2.816115321766688
1988,DELAWARE,3.7123308504874553
1989,DELAWARE,4.345809030278347
1990,DELAWARE,3.0958771627227044
1991,DELAWARE,4.898499412974289
1992,DELAWARE,4.377362274665364
1993,DELAWARE,3.50826993097455
1994,DELAWARE,2.215124125740364
1995,DELAWARE,3.8219190233895084
1996,DELAWARE,3.2419410441036467
1997,DELAWARE,4.618181194587834
1978,NEBRASKA,7.916053968973991
1979,NEBRASKA,6.959517886152589
1980,NEBRASKA,6.134809237605476
1981,NEBRASKA,7.919882024931524
1982,NEBRASKA,4.441022501036107
1983,NEBRASKA,5.149042274886151
1984,NEBRASKA,4.990254904214186
1985,NEBRASKA,0.9243319968592179
1986,NEBRASKA,3.100129925316608
1987,NEBRASKA,2.482011900893677
1988,NEBRASKA,3.4695969865048193
1989,NEBRASKA,3.9687851730845436
1990,NEBRASKA,3.1877653205595102
1991,NEBRASKA,2.3213196063134545
1992,NEBRASKA,2.2414727677522173
1993,NEBRASKA,2.635744538407625
1994,NEBRASKA,2.2897057855630454
1995,NEBRASKA,2.025626796693736
1996,NEBRASKA,2.637199483779651
1997,NEBRASKA,0.5497185090262757
1978,ARIZONA,7.468515623398364
1979,ARIZONA,7.95809701479786
1980,ARIZONA,8.520184190765967
1981,ARIZONA,8.376157772242587
1982,ARIZONA,6.966784095120726
1983,ARIZONA,5.1128004737574395
1984,ARIZONA,4.731523914581293
1985,ARIZONA,3.3320471818399477
1986,ARIZONA,4.057520060565012
1987,ARIZONA,3.1708893814133
1988,ARIZONA,3.2265899364720685
1989,ARIZONA,3.6234057162695565
1990,ARIZONA,3.22027694654774
1991,ARIZONA,3.43001493750017
1992,ARIZONA,2.3029820805248624
1993,ARIZONA,2.7302573141825714
1994,ARIZONA,2.4811011206229194
1995,ARIZONA,1.7591745430670214
1996,ARIZONA,0.7947534540758694
1997,ARIZONA,1.1196333646225076
1978,RHODE ISLAND,6.808735143451594
1979,RHODE ISLAND,7.3522095756803685
1980,RHODE ISLAND,9.377411423270177
1981,RHODE ISLAND,8.813417405859214
1982,RHODE ISLAND,6.758658976969056
1983,RHODE ISLAND,4.893620971648671
1984,RHODE ISLAND,4.664589475431424
1985,RHODE ISLAND,3.5482535764798318
1986,RHODE ISLAND,3.898442730054019
1987,RHODE ISLAND,3.086515014323443
1988,RHODE ISLAND,3.165717616519159
1989,RHODE ISLAND,3.894848301945464
1990,RHODE ISLAND,3.9759161573058144
1991,RHODE ISLAND,4.080718085868207
1992,RHODE ISLAND,2.7674177924652987
1993,RHODE ISLAND,2.8254607345749028
1994,RHODE ISLAND,2.4280269641531183
1995,RHODE ISLAND,2.26601302336622
1996,RHODE ISLAND,1.7941669546689187
1997,RHODE ISLAND,2.0889327390875234
1978,LOUISIANA,8.999632335129771
1979,LOUISIANA,15.733804917409898
1980,LOUISIANA,19.985605363882208
1981,LOUISIANA,17.611384201544332
1982,LOUISIANA,5.111004652576079
1983,LOUISIANA,-0.3862505268651839
1984,LOUISIANA,1.4403218658852968
1985,LOUISIANA,0.3474622799455984
1986,LOUISIANA,-8.44853595286864
1987,LOUISIANA,1.3864555039131865
1988,LOUISIANA,2.217330853485011
1989,LOUISIANA,5.286858969329145
1990,LOUISIANA,6.557475118417733
1991,LOUISIANA,1.109415379879386
1992,LOUISIANA,1.179356605678139
1993,LOUISIANA,3.1112044540949624
1994,LOUISIANA,1.1407686797455519
1995,LOUISIANA,1.866687604670303
1996,LOUISIANA,4.253712957751299
1997,LOUISIANA,2.257186433145475
1978,OKLAHOMA,8.265534295923448
1979,OKLAHOMA,11.18007943947006
1980,OKLAHOMA,13.896429800509292
1981,OKLAHOMA,14.12999971117921
1982,OKLAHOMA,5.491630706635764
1983,OKLAHOMA,1.5554505658014195
1984,OKLAHOMA,2.678911151573238
1985,OKLAHOMA,1.2050878617591687
1986,OKLAHOMA,-2.0789835765192444
1987,OKLAHOMA,1.8430606644677772
1988,OKLAHOMA,2.4371049399277256
1989,OKLAHOMA,4.157580801568739
1990,OKLAHOMA,4.520350556771535
1991,OKLAHOMA,2.640481782271409
1992,OKLAHOMA,1.899930923512505
1993,OKLAHOMA,2.790516069425708
1994,OKLAHOMA,1.7508513068101417
1995,OKLAHOMA,1.7378989626945396
1996,OKLAHOMA,2.633475051872458
1997,OKLAHOMA,1.6003134323860024
1978,CALIFORNIA,7.094884608152485
1979,CALIFORNIA,7.428423235405779
1980,CALIFORNIA,8.478029708732215
1981,CALIFORNIA,8.871767381156538
1982,CALIFORNIA,6.742429812837991
1983,CALIFORNIA,4.477915927171328
1984,CALIFORNIA,4.7375487564110585
1985,CALIFORNIA,3.361943310086013
1986,CALIFORNIA,3.5594894467584792
1987,CALIFORNIA,2.9338568879015314
1988,CALIFORNIA,3.2871634531662197
1989,CALIFORNIA,3.7366775837934796
1990,CALIFORNIA,3.936687363473834
1991,CALIFORNIA,3.6300716389072063
1992,CALIFORNIA,2.3611415494732224
1993,CALIFORNIA,2.774812672506144
1994,CALIFORNIA,2.2997614033904767
1995,CALIFORNIA,1.7995927130283418
1996,CALIFORNIA,1.6951290997023527
1997,CALIFORNIA,1.4638262035676863
1978,GEORGIA,6.719516429816541
1979,GEORGIA,6.558581440287092
1980,GEORGIA,7.832759008412538
1981,GEORGIA,8.769649285564896
1982,GEORGIA,5.768885072145458
1983,GEORGIA,5.256628806864638
1984,GEORGIA,5.059585889108731
1985,GEORGIA,3.2837699145814803
1986,GEORGIA,3.9795816300420617
1987,GEORGIA,3.0732810937124544
1988,GEORGIA,3.5299844635794164
1989,GEORGIA,3.6116470690373825
1990,GEORGIA,3.2776230658202232
1991,GEORGIA,3.708907844522691
1992,GEORGIA,2.489430958332095
1993,GEORGIA,2.5690132949561573
1994,GEORGIA,2.1449782224841396
1995,GEORGIA,2.4198995779967314
1996,GEORGIA,1.3692123551322766
1997,GEORGIA,1.5082117742250878
1978,NORTH CAROLINA,7.068688409770352
1979,NORTH CAROLINA,6.248669027489173
1980,NORTH CAROLINA,7.409339723672903
1981,NORTH CAROLINA,8.235524063673516
1982,NORTH CAROLINA,6.939486036565867
1983,NORTH CAROLINA,7.006422044872784
1984,NORTH CAROLINA,4.684307627953421
1985,NORTH CAROLINA,3.017339499329097
1986,NORTH CAROLINA,4.4862717486129355
1987,NORTH CAROLINA,3.216356189846392
1988,NORTH CAROLINA,3.7349079847563527
1989,NORTH CAROLINA,4.253441390191259
1990,NORTH CAROLINA,3.653733695862238
1991,NORTH CAROLINA,4.647930740606987
1992,NORTH CAROLINA,3.149275605699331
1993,NORTH CAROLINA,2.1846739240506396
1994,NORTH CAROLINA,0.4694116717089303
1995,NORTH CAROLINA,1.7315943825036095
1996,NORTH CAROLINA,1.4250420424307686
1997,NORTH CAROLINA,1.4435149522851631
1978,NEW MEXICO,8.297838215659969
1979,NEW MEXICO,12.79788848908825
1980,NEW MEXICO,15.939069627090085
1981,NEW MEXICO,16.01520399812195
1982,NEW MEXICO,5.681920165787124
1983,NEW MEXICO,1.6254435356686692
1984,NEW MEXICO,2.648684284791969
1985,NEW MEXICO,1.526900713430579
1986,NEW MEXICO,-2.3130836705715474
1987,NEW MEXICO,2.659560157369123
1988,NEW MEXICO,2.5565033140914295
1989,NEW MEXICO,4.023012860670749
1990,NEW MEXICO,4.265025745650486
1991,NEW MEXICO,2.2625927300757187
1992,NEW MEXICO,1.7650395856627865
1993,NEW MEXICO,2.103407873015284
1994,NEW MEXICO,0.7559514005192502
1995,NEW MEXICO,-0.555948550826002
1996,NEW MEXICO,1.2284415182993724
1997,NEW MEXICO,0.16257935287129488
1978,WEST VIRGINIA,8.225262584329208
1979,WEST VIRGINIA,8.044474027445435
1980,WEST VIRGINIA,7.454467949543808
1981,WEST VIRGINIA,9.082716662745982
1982,WEST VIRGINIA,6.376166762108837
1983,WEST VIRGINIA,2.2093023680275437
1984,WEST VIRGINIA,3.199438039200131
1985,WEST VIRGINIA,2.3173097298092804
1986,WEST VIRGINIA,1.18510527200677
1987,WEST VIRGINIA,2.1673666826397042
1988,WEST VIRGINIA,2.8352598368147186
1989,WEST VIRGINIA,3.2061373447531683
1990,WEST VIRGINIA,2.3207706412930573
1991,WEST VIRGINIA,2.7342834952366557
1992,WEST VIRGINIA,1.6870670008309219
1993,WEST VIRGINIA,1.8772668841610107
1994,WEST VIRGINIA,2.083127219810943
1995,WEST VIRGINIA,1.841647862671869
1996,WEST VIRGINIA,0.6633586517889922
1997,WEST VIRGINIA,1.4114473917505421
1978,WISCONSIN,6.780977042870107
1979,WISCONSIN,6.676637771819327
1980,WISCONSIN,7.13297611591992
1981,WISCONSIN,8.356480744588012
1982,WISCONSIN,5.652183292918722
1983,WISCONSIN,4.1559863495049365
1984,WISCONSIN,4.507281504480165
1985,WISCONSIN,1.9846140724598893
1986,WISCONSIN,3.7600237589171526
1987,WISCONSIN,2.405971368128146
1988,WISCONSIN,2.9747581936222067
1989,WISCONSIN,4.137776790410808
1990,WISCONSIN,3.260765962371437
1991,WISCONSIN,3.1635460543761873
1992,WISCONSIN,2.198660190498347
1993,WISCONSIN,2.29243892757105
1994,WISCONSIN,2.417781608231717
1995,WISCONSIN,2.4028962177630397
1996,WISCONSIN,1.2079456183366366
1997,WISCONSIN,0.7769593387793705
1978,UTAH,7.60277101868696
1979,UTAH,8.643854784049276
1980,UTAH,9.354861056774055
1981,UTAH,9.087972938860256
1982,UTAH,6.6959238638907514
1983,UTAH,3.975477196883248
1984,UTAH,4.058484380858096
1985,UTAH,2.8665313244102153
1986,UTAH,2.2907867699103024
1987,UTAH,2.6892501297858473
1988,UTAH,3.3861564224636043
1989,UTAH,3.6693151784775724
1990,UTAH,3.447652059316164
1991,UTAH,3.2451518830064696
1992,UTAH,2.3541350173439834
1993,UTAH,3.4232351690767437
1994,UTAH,1.7931437957189988
1995,UTAH,2.3477078694437603
1996,UTAH,1.2576197715795212
1997,UTAH,1.8538526607197792
1978,COLORADO,7.386636515095768
1979,COLORADO,7.932958634503184
1980,COLORADO,9.475651650252125
1981,COLORADO,9.944973501942522
1982,COLORADO,6.207242390440082
1983,COLORADO,5.049058105609694
1984,COLORADO,4.859061391004094
1985,COLORADO,3.415309258725796
1986,COLORADO,2.8682322050519016
1987,COLORADO,2.979847276872083
1988,COLORADO,2.846466920274815
1989,COLORADO,3.8199378903450265
1990,COLORADO,3.7401744134105686
1991,COLORADO,3.4037887256130883
1992,COLORADO,2.367787415393585
1993,COLORADO,2.795643622593369
1994,COLORADO,2.259209011814889
1995,COLORADO,2.0389196424133393
1996,COLORADO,1.9125066472486019
1997,COLORADO,1.7039832839173652
1998,NEW HAMPSHIRE,-0.403186585188553
1999,NEW HAMPSHIRE,0.4425725915363943
2000,NEW HAMPSHIRE,1.039644397042161
2001,NEW HAMPSHIRE,1.725570226368478
2002,NEW HAMPSHIRE,1.5441999330463974
2003,NEW HAMPSHIRE,1.1419893615040033
2004,NEW HAMPSHIRE,2.1988043035606086
2005,NEW HAMPSHIRE,2.70651246128375
2006,NEW HAMPSHIRE,2.8598259046735963
2007,NEW HAMPSHIRE,2.593929714038823
2008,NEW HAMPSHIRE,1.3831744482137198
2009,NEW HAMPSHIRE,2.6279576243842806
2010,NEW HAMPSHIRE,0.46347687339047816
2011,NEW HAMPSHIRE,1.3653112130713518
2012,NEW HAMPSHIRE,2.125218432366105
2013,NEW HAMPSHIRE,2.020691861500312
2014,NEW HAMPSHIRE,1.9023452070959568
2015,NEW HAMPSHIRE,2.111793959878261
2016,NEW HAMPSHIRE,1.2651550928341582
2017,NEW HAMPSHIRE,1.2559636407305508
2018,NEW HAMPSHIRE,1.9757862687829197
2019,NEW HAMPSHIRE,2.2153438280984705
2020,NEW HAMPSHIRE,2.2283269588702304
1998,PENNSYLVANIA,2.0461384562459495
1999,PENNSYLVANIA,1.5232253965250298
2000,PENNSYLVANIA,1.9802326933018088
2001,PENNSYLVANIA,2.7709852029656146
2002,PENNSYLVANIA,1.7958562196090044
2003,PENNSYLVANIA,1.9543132345949177
2004,PENNSYLVANIA,2.9592400415910713
2005,PENNSYLVANIA,3.1539705971713072
2006,PENNSYLVANIA,3.407968426263208
2007,PENNSYLVANIA,3.0384285425089086
2008,PENNSYLVANIA,1.859908529513321
2009,PENNSYLVANIA,2.190026170941395
2010,PENNSYLVANIA,0.971816904684597
2011,PENNSYLVANIA,1.7985267537218963
2012,PENNSYLVANIA,1.9676556292959502
2013,PENNSYLVANIA,1.927022001764822
2014,PENNSYLVANIA,1.698831808660417
2015,PENNSYLVANIA,0.9567184822772745
2016,PENNSYLVANIA,0.8595084444119383
2017,PENNSYLVANIA,1.6712220856330617
2018,PENNSYLVANIA,2.2742609123967528
2019,PENNSYLVANIA,1.737169029884078
2020,PENNSYLVANIA,1.0987823211144443
1998,MISSOURI,2.1188918175967464
1999,MISSOURI,1.8979922636910507
2000,MISSOURI,2.3302968895732468
2001,MISSOURI,2.83837864212384
2002,MISSOURI,1.786544216734831
2003,MISSOURI,1.9068660623294598
2004,MISSOURI,2.719866920628089
2005,MISSOURI,2.646516364770135
2006,MISSOURI,3.11450260750179
2007,MISSOURI,3.1796396459386367
2008,MISSOURI,1.7913790746454605
2009,MISSOURI,2.1802345765215003
2010,MISSOURI,1.0885854366510017
2011,MISSOURI,1.692405646287476
2012,MISSOURI,2.4675741441791077
2013,MISSOURI,2.174696002502552
2014,MISSOURI,1.9224316913637907
2015,MISSOURI,2.1888105262468205
2016,MISSOURI,1.3100403980515596
2017,MISSOURI,1.4802325801149596
2018,MISSOURI,2.0745814419857123
2019,MISSOURI,2.2986198162833205
2020,MISSOURI,1.9969312024807229
1998,KANSAS,1.4802247430254711
1999,KANSAS,1.811908846543453
2000,KANSAS,2.358423230941664
2001,KANSAS,2.9658219987862777
2002,KANSAS,1.3824883029139423
2003,KANSAS,2.3629403010927197
2004,KANSAS,2.860707490525316
2005,KANSAS,2.586332874176578
2006,KANSAS,2.797035061373787
2007,KANSAS,3.248556587733109
2008,KANSAS,1.9969704825370416
2009,KANSAS,1.3243701208060399
2010,KANSAS,1.4557937132060328
2011,KANSAS,3.11092093670573
2012,KANSAS,2.361782032562587
2013,KANSAS,1.9473142755536577
2014,KANSAS,1.3559653389081383
2015,KANSAS,0.7757139507258426
2016,KANSAS,0.25380256236384735
2017,KANSAS,1.6546110584592766
2018,KANSAS,2.1890937851475556
2019,KANSAS,1.7426786624070711
2020,KANSAS,1.2534742716770797
1998,MISSISSIPPI,1.9329983916540172
1999,MISSISSIPPI,1.8986289100597853
2000,MISSISSIPPI,2.2955842222829315
2001,MISSISSIPPI,3.185143124522316
2002,MISSISSIPPI,1.6385472052198757
2003,MISSISSIPPI,2.4120123064440113
2004,MISSISSIPPI,3.081937707489102
2005,MISSISSIPPI,3.1532485847512115
2006,MISSISSIPPI,3.309553346804517
2007,MISSISSIPPI,3.4379716326449428
2008,MISSISSIPPI,2.0495785142783163
2009,MISSISSIPPI,0.8627508592537803
2010,MISSISSIPPI,1.7199371316906076
2011,MISSISSIPPI,2.510254023620928
2012,MISSISSIPPI,2.3881186472385574
2013,MISSISSIPPI,2.0330664838056345
2014,MISSISSIPPI,1.9329756886678595
2015,MISSISSIPPI,1.3468346991376556
2016,MISSISSIPPI,0.5266746587155868
2017,MISSISSIPPI,2.0995500449110693
2018,MISSISSIPPI,2.7389587783199776
2019,MISSISSIPPI,1.6744463298200563
2020,MISSISSIPPI,1.0753177215776288
1998,HAWAII,2.3423414240385743
1999,HAWAII,2.790175861775146
2000,HAWAII,3.4424243822878786
2001,HAWAII,4.017845578552803
2002,HAWAII,2.4205461872460754
2003,HAWAII,2.5140564501944462
2004,HAWAII,2.961328148044129
2005,HAWAII,3.3678015147146745
2006,HAWAII,3.538299773935605
2007,HAWAII,3.463697683271083
2008,HAWAII,1.8079098510498826
2009,HAWAII,1.947111430095294
2010,HAWAII,1.0687782202116303
2011,HAWAII,1.8169231179569145
2012,HAWAII,2.2620321087836848
2013,HAWAII,2.0416570859201233
2014,HAWAII,2.346289996431894
2015,HAWAII,2.5182604217719007
2016,HAWAII,1.3874624832987958
2017,HAWAII,1.733712134461829
2018,HAWAII,2.3702512386768237
2019,HAWAII,2.539038925475734
2020,HAWAII,1.23977305323566
1998,IDAHO,0.4186479026749401
1999,IDAHO,0.6045808121527108
2000,IDAHO,-0.02852631463825528
2001,IDAHO,1.0265647657763166
2002,IDAHO,1.0272990799662152
2003,IDAHO,1.3879928590345258
2004,IDAHO,2.6707117332940067
2005,IDAHO,1.4556818872181854
2006,IDAHO,2.239133245083935
2007,IDAHO,3.5927964402022283
2008,IDAHO,1.370797463633111
2009,IDAHO,1.2013194347215261
2010,IDAHO,1.135126735960723
2011,IDAHO,2.532710285006745
2012,IDAHO,2.2568935268198143
2013,IDAHO,1.9867658895090345
2014,IDAHO,1.3821929376260034
2015,IDAHO,1.036736080481826
2016,IDAHO,0.6323492051626411
2017,IDAHO,1.8071036050641531
2018,IDAHO,1.8703276698077476
2019,IDAHO,2.275115244238024
2020,IDAHO,2.054737756149261
1998,VERMONT,0.8874674366084356
1999,VERMONT,1.1790631607869084
2000,VERMONT,1.2729269593448445
2001,VERMONT,2.091859912371885
2002,VERMONT,1.4237223898330376
2003,VERMONT,1.3416245470522004
2004,VERMONT,2.1484981511056933
2005,VERMONT,2.387350666733634
2006,VERMONT,2.555994403339179
2007,VERMONT,2.833732814417611
2008,VERMONT,1.553132771122856
2009,VERMONT,2.362277516125233
2010,VERMONT,0.6405678484167954
2011,VERMONT,1.5135091133664957
2012,VERMONT,2.092988067715962
2013,VERMONT,2.120181998849424
2014,VERMONT,1.9448095528819875
2015,VERMONT,2.040622194852637
2016,VERMONT,1.3469323319760251
2017,VERMONT,1.5295124604419508
2018,VERMONT,2.0373334701706103
2019,VERMONT,2.324778469605393
2020,VERMONT,2.2602430390874284
1998,INDIANA,2.0246767584561898
1999,INDIANA,1.2974259007670907
2000,INDIANA,1.5079376290841884
2001,INDIANA,2.6248883207465434
2002,INDIANA,1.2937271990863142
2003,INDIANA,1.4100736014347692
2004,INDIANA,2.460141037582786
2005,INDIANA,2.5621692451158307
2006,INDIANA,2.5631625443248485
2007,INDIANA,2.594500208996342
2008,INDIANA,1.7873146095624959
2009,INDIANA,2.8989661453454607
2010,INDIANA,0.8139782453461475
2011,INDIANA,2.5787522693173193
2012,INDIANA,2.6456971383128858
2013,INDIANA,1.5814287401909377
2014,INDIANA,1.9159847678171138
2015,INDIANA,2.193913231426081
2016,INDIANA,0.6995543249615155
2017,INDIANA,1.7287519619755942
2018,INDIANA,2.220131477878673
2019,INDIANA,1.6465057309345
2020,INDIANA,1.0427660291284946
1998,ALABAMA,1.5898867733722621
1999,ALABAMA,1.3484381845959126
2000,ALABAMA,2.076586530747848
2001,ALABAMA,2.79700302470387
2002,ALABAMA,1.425915722507476
2003,ALABAMA,2.211213870160189
2004,ALABAMA,2.9466596951085
2005,ALABAMA,3.0187747788437136
2006,ALABAMA,3.1748657691576643
2007,ALABAMA,2.9563144692531296
2008,ALABAMA,2.006250822728295
2009,ALABAMA,1.321601186925525
2010,ALABAMA,1.453403820033028
2011,ALABAMA,2.1557752067401514
2012,ALABAMA,2.0059092001483148
2013,ALABAMA,1.7856004447932783
2014,ALABAMA,2.1368250192978167
2015,ALABAMA,1.7390577451883216
2016,ALABAMA,0.9135722421235837
2017,ALABAMA,1.9981811846507158
2018,ALABAMA,2.4884368009006286
2019,ALABAMA,1.869693500207803
2020,ALABAMA,1.3795461248187868
1998,MARYLAND,1.7825599536147596
1999,MARYLAND,2.024710753635217
2000,MARYLAND,2.3500283972941682
2001,MARYLAND,2.8560223041165234
2002,MARYLAND,2.2620470626725897
2003,MARYLAND,2.136232382638581
2004,MARYLAND,2.6520379779166436
2005,MARYLAND,2.8929706738670236
2006,MARYLAND,3.1818409875696396
2007,MARYLAND,2.893788028486055
2008,MARYLAND,1.7404609637311053
2009,MARYLAND,2.364126234814501
2010,MARYLAND,0.6876826315976192
2011,MARYLAND,1.4667490762112045
2012,MARYLAND,1.8867161209410677
2013,MARYLAND,1.8873128789426596
2014,MARYLAND,1.950007404419818
2015,MARYLAND,2.236610788002702
2016,MARYLAND,1.3953379910769392
2017,MARYLAND,1.410041503921522
2018,MARYLAND,2.1239141217855417
2019,MARYLAND,2.284571363634158
2020,MARYLAND,1.9784283162453509
1998,KENTUCKY,1.6755193970620974
1999,KENTUCKY,1.9623530231389852
2000,KENTUCKY,1.8805029499604498
2001,KENTUCKY,2.8167604809739233
2002,KENTUCKY,1.5220216211192739
2003,KENTUCKY,1.69041416285578
2004,KENTUCKY,2.900236111129062
2005,KENTUCKY,2.914491170131872
2006,KENTUCKY,3.0942597632373614
2007,KENTUCKY,3.182402859743072
2008,KENTUCKY,2.080283268280403
2009,KENTUCKY,2.694896271105973
2010,KENTUCKY,1.3672517693416042
2011,KENTUCKY,1.9587314898169783
2012,KENTUCKY,2.4234950337117755
2013,KENTUCKY,1.6630313394771168
2014,KENTUCKY,1.8939086954292028
2015,KENTUCKY,2.075828294215687
2016,KENTUCKY,0.9266406019817097
2017,KENTUCKY,1.6137425900929037
2018,KENTUCKY,2.1038813728071704
2019,KENTUCKY,1.995761584309852
2020,KENTUCKY,1.4371279340582799
1998,OREGON,-0.5409901591005628
1999,OREGON,0.1371303316869854
2000,OREGON,0.4113109046470109
2001,OREGON,0.7421028087811754
2002,OREGON,1.1107980229251746
2003,OREGON,0.7216165447637257
2004,OREGON,2.014256445714513
2005,OREGON,1.673246774710302
2006,OREGON,1.9092801757594202
2007,OREGON,2.137835890455131
2008,OREGON,0.593907349613576
2009,OREGON,1.4943354677503295
2010,OREGON,0.5856481810371683
2011,OREGON,1.2067090374896061
2012,OREGON,1.8758618749593614
2013,OREGON,2.042756991550254
2014,OREGON,1.7294832074554511
2015,OREGON,1.765278274423654
2016,OREGON,0.9819805501588341
2017,OREGON,1.426323759431325
2018,OREGON,1.8089669312305823
2019,OREGON,2.02696190274565
2020,OREGON,1.9049144498888948
1998,NEVADA,2.6038994065510135
1999,NEVADA,2.664999849038696
2000,NEVADA,3.0068192445853237
2001,NEVADA,3.6988353707241295
2002,NEVADA,2.0446888041806277
2003,NEVADA,2.152602005295212
2004,NEVADA,3.1197402008366737
2005,NEVADA,4.196921507605178
2006,NEVADA,4.19861695273831
2007,NEVADA,3.759586437772078
2008,NEVADA,2.1761073745273585
2009,NEVADA,2.0458392807025216
2010,NEVADA,0.833776206200243
2011,NEVADA,1.7318534415857956
2012,NEVADA,2.3653271239580276
2013,NEVADA,1.8235303640353973
2014,NEVADA,2.044010483514991
2015,NEVADA,2.4312492889962067
2016,NEVADA,1.8449142574461064
2017,NEVADA,1.8072697047526676
2018,NEVADA,2.42750038337205
2019,NEVADA,2.5249908911254115
2020,NEVADA,1.5773837694980974
1998,WASHINGTON,1.8521605831865573
1999,WASHINGTON,2.2067059804370626
2000,WASHINGTON,2.548395441643292
2001,WASHINGTON,2.9308078042652674
2002,WASHINGTON,1.8595441998309648
2003,WASHINGTON,2.1662099292444337
2004,WASHINGTON,2.6976995914892
2005,WASHINGTON,2.8112517403699133
2006,WASHINGTON,3.1227158094877527
2007,WASHINGTON,3.024437561972193
2008,WASHINGTON,1.527410782455152
2009,WASHINGTON,1.9828234891145158
2010,WASHINGTON,1.0935950439795228
2011,WASHINGTON,2.042078354776744
2012,WASHINGTON,2.1524869004773572
2013,WASHINGTON,2.0002487381164835
2014,WASHINGTON,1.776151970519324
2015,WASHINGTON,1.7198606532772498
2016,WASHINGTON,0.6944776015901155
2017,WASHINGTON,1.276350997330855
2018,WASHINGTON,1.6586392519724047
2019,WASHINGTON,1.8942150418264303
2020,WASHINGTON,1.658615002370678
1998,MAINE,2.1720771001980888
1999,MAINE,1.9135143319204184
2000,MAINE,2.469828483505321
2001,MAINE,2.5752373717232935
2002,MAINE,1.855661137058262
2003,MAINE,1.9667210613685482
2004,MAINE,2.811658803465744
2005,MAINE,2.861012213337455
2006,MAINE,3.198107661645011
2007,MAINE,3.0473107642120523
2008,MAINE,1.801442772959816
2009,MAINE,2.7341099910758615
2010,MAINE,0.9446918863069032
2011,MAINE,1.57619353608629
2012,MAINE,2.3081092904489786
2013,MAINE,2.3122103867270427
2014,MAINE,2.0319831902290364
2015,MAINE,2.315497037618952
2016,MAINE,1.5264281405665603
2017,MAINE,1.5765697958556535
2018,MAINE,2.198604795873549
2019,MAINE,2.3139358713299085
2020,MAINE,2.3615890657596283
1998,MASSACHUSETTS,0.9632563978288156
1999,MASSACHUSETTS,0.8534479390155614
2000,MASSACHUSETTS,1.0434311739596414
2001,MASSACHUSETTS,1.509559508181768
2002,MASSACHUSETTS,1.6964161604856365
2003,MASSACHUSETTS,1.303103840117248
2004,MASSACHUSETTS,2.2049632543823305
2005,MASSACHUSETTS,2.580895503828473
2006,MASSACHUSETTS,2.732552932123733
2007,MASSACHUSETTS,2.5359804928538177
2008,MASSACHUSETTS,1.1241399113752104
2009,MASSACHUSETTS,1.819607294147385
2010,MASSACHUSETTS,0.6907781066828766
2011,MASSACHUSETTS,1.4264804086184357
2012,MASSACHUSETTS,2.1083466698627262
2013,MASSACHUSETTS,2.12356757194172
2014,MASSACHUSETTS,2.018879388193917
2015,MASSACHUSETTS,2.296839965320596
2016,MASSACHUSETTS,1.582800951693697
2017,MASSACHUSETTS,1.5068453861117215
2018,MASSACHUSETTS,2.04758694047964
2019,MASSACHUSETTS,2.1773780410239807
2020,MASSACHUSETTS,1.954086738283678
1998,FLORIDA,1.7548146640272044
1999,FLORIDA,2.0084949524676876
2000,FLORIDA,2.4908222905491106
2001,FLORIDA,2.961698017203518
2002,FLORIDA,2.0144724102301836
2003,FLORIDA,1.9869422182033691
2004,FLORIDA,2.850286742169872
2005,FLORIDA,2.920727051283345
2006,FLORIDA,3.2643656133914067
2007,FLORIDA,3.0515703168767283
2008,FLORIDA,1.5857617536248814
2009,FLORIDA,2.231286832694268
2010,FLORIDA,0.7813668538632079
2011,FLORIDA,1.5080008128077749
2012,FLORIDA,2.221982416185586
2013,FLORIDA,2.1274162503470695
2014,FLORIDA,2.045595935764233
2015,FLORIDA,2.2903574948452743
2016,FLORIDA,1.4473187753290206
2017,FLORIDA,1.5423715027397922
2018,FLORIDA,2.1045040636316514
2019,FLORIDA,2.4786575286539048
2020,FLORIDA,1.9668947704339468
1998,OHIO,1.8282310897188125
1999,OHIO,1.648083265277278
2000,OHIO,2.022654375013544
2001,OHIO,2.594393201216505
2002,OHIO,1.4819333119840294
2003,OHIO,1.7675739755583342
2004,OHIO,2.5114709182916473
2005,OHIO,2.7884480410985457
2006,OHIO,3.0407119406660854
2007,OHIO,2.8810518614835967
2008,OHIO,1.6160618273452165
2009,OHIO,2.000668400591965
2010,OHIO,1.2252396600698212
2011,OHIO,2.1750947432568113
2012,OHIO,2.4593995455043594
2013,OHIO,1.8557542513131242
2014,OHIO,1.8479916396102247
2015,OHIO,1.7534618320213635
2016,OHIO,1.1143352012183527
2017,OHIO,1.7811847964944283
2018,OHIO,2.511989306869955
2019,OHIO,1.8523743477940613
2020,OHIO,1.2648075406300752
1998,DISTRICT OF COLUMBIA,2.620302168893729
1999,DISTRICT OF COLUMBIA,2.8203034152071593
2000,DISTRICT OF COLUMBIA,3.1358278217379354
2001,DISTRICT OF COLUMBIA,3.3839615461327632
2002,DISTRICT OF COLUMBIA,3.6744588659794353
2003,DISTRICT OF COLUMBIA,3.748984920976084
2004,DISTRICT OF COLUMBIA,3.3098850815865166
2005,DISTRICT OF COLUMBIA,3.751697605702553
2006,DISTRICT OF COLUMBIA,3.5002900962494143
2007,DISTRICT OF COLUMBIA,3.3847575562951038
2008,DISTRICT OF COLUMBIA,2.084984333075779
2009,DISTRICT OF COLUMBIA,1.788489111636693
2010,DISTRICT OF COLUMBIA,1.7433960511262114
2011,DISTRICT OF COLUMBIA,1.8389507922585313
2012,DISTRICT OF COLUMBIA,1.7461888410139847
2013,DISTRICT OF COLUMBIA,1.965327901834213
2014,DISTRICT OF COLUMBIA,2.2341913166605387
2015,DISTRICT OF COLUMBIA,2.332047215131605
2016,DISTRICT OF COLUMBIA,1.58169835396047
2017,DISTRICT OF COLUMBIA,1.8190432326587125
2018,DISTRICT OF COLUMBIA,2.3075897068559836
2019,DISTRICT OF COLUMBIA,2.3517664651772296
2020,DISTRICT OF COLUMBIA,2.2700717493172373
1998,SOUTH CAROLINA,2.447413718586633
1999,SOUTH CAROLINA,1.761088066088723
2000,SOUTH CAROLINA,1.7842167869114967
2001,SOUTH CAROLINA,3.015502805146908
2002,SOUTH CAROLINA,1.641120842050281
2003,SOUTH CAROLINA,1.4515163672379927
2004,SOUTH CAROLINA,2.3305328640565115
2005,SOUTH CAROLINA,2.7628325903612083
2006,SOUTH CAROLINA,3.303476401102623
2007,SOUTH CAROLINA,2.8927670389290006
2008,SOUTH CAROLINA,1.7880196712434682
2009,SOUTH CAROLINA,3.2470580223324053
2010,SOUTH CAROLINA,0.5480175357902128
2011,SOUTH CAROLINA,1.418583197131107
2012,SOUTH CAROLINA,2.329273671786325
2013,SOUTH CAROLINA,2.281879417254151
2014,SOUTH CAROLINA,2.1667369915537638
2015,SOUTH CAROLINA,2.5713682408437633
2016,SOUTH CAROLINA,1.3605898285491858
2017,SOUTH CAROLINA,1.3855342734781173
2018,SOUTH CAROLINA,2.100118250880567
2019,SOUTH CAROLINA,2.3852826956506146
2020,SOUTH CAROLINA,2.0111440417946103
1998,NEW YORK,1.689606171813396
1999,NEW YORK,1.1827281971885206
2000,NEW YORK,1.8219876849575822
2001,NEW YORK,2.4846481067923643
2002,NEW YORK,1.964889376350798
2003,NEW YORK,2.0836985255614726
2004,NEW YORK,2.8876348005694608
2005,NEW YORK,2.828738827733601
2006,NEW YORK,3.137301315983043
2007,NEW YORK,3.313436350995347
2008,NEW YORK,1.2999852311975202
2009,NEW YORK,0.4681401450404854
2010,NEW YORK,1.6058920696013113
2011,NEW YORK,1.8035687906524878
2012,NEW YORK,2.5586046490005065
2013,NEW YORK,2.7195234336583107
2014,NEW YORK,2.928074928054114
2015,NEW YORK,2.431493233347437
2016,NEW YORK,2.084915153735478
2017,NEW YORK,2.196332947020019
2018,NEW YORK,2.89290003913778
2019,NEW YORK,2.3066523003101302
2020,NEW YORK,2.1152165705230264
1998,NEW JERSEY,2.100576652448849
1999,NEW JERSEY,1.7092993584573835
2000,NEW JERSEY,2.0540376854369935
2001,NEW JERSEY,2.38873562893287
2002,NEW JERSEY,1.6132306447261824
2003,NEW JERSEY,1.7374953061630727
2004,NEW JERSEY,2.72205199087856
2005,NEW JERSEY,3.0395501064901076
2006,NEW JERSEY,3.2300601423616015
2007,NEW JERSEY,2.9350390683038796
2008,NEW JERSEY,1.8384652256299594
2009,NEW JERSEY,2.52943235177856
2010,NEW JERSEY,0.7310927927232314
2011,NEW JERSEY,1.902039745388806
2012,NEW JERSEY,2.3465730903219573
2013,NEW JERSEY,1.9957008037412072
2014,NEW JERSEY,1.9256038140428755
2015,NEW JERSEY,2.2317090955315644
2016,NEW JERSEY,1.2037561953860632
2017,NEW JERSEY,1.511905244700107
2018,NEW JERSEY,2.151022242613365
2019,NEW JERSEY,2.041217230996395
2020,NEW JERSEY,1.4411276811999274
1998,SOUTH DAKOTA,0.30157923462084124
1999,SOUTH DAKOTA,0.3234479096122955
2000,SOUTH DAKOTA,0.8374854810593524
2001,SOUTH DAKOTA,2.6991541375065875
2002,SOUTH DAKOTA,1.0109084229080079
2003,SOUTH DAKOTA,2.787527874062956
2004,SOUTH DAKOTA,3.50131868232455
2005,SOUTH DAKOTA,1.250606475018845
2006,SOUTH DAKOTA,2.9495185828418924
2007,SOUTH DAKOTA,4.335754086188648
2008,SOUTH DAKOTA,0.8242844350708101
2009,SOUTH DAKOTA,-2.721150798424965
2010,SOUTH DAKOTA,2.912578823032619
2011,SOUTH DAKOTA,3.7824450036477053
2012,SOUTH DAKOTA,2.7628120815141877
2013,SOUTH DAKOTA,2.7489727594377067
2014,SOUTH DAKOTA,1.5323185347235313
2015,SOUTH DAKOTA,0.9056373861200839
2016,SOUTH DAKOTA,1.3360333846023975
2017,SOUTH DAKOTA,2.7768519958458304
2018,SOUTH DAKOTA,2.8931444092732406
2019,SOUTH DAKOTA,2.517831206600296
2020,SOUTH DAKOTA,1.4841676985823504
1998,TEXAS,-0.5301199378101917
1999,TEXAS,1.4420758068609985
2000,TEXAS,4.923356338097218
2001,TEXAS,2.145284217779131
2002,TEXAS,-0.12766654057867477
2003,TEXAS,4.803463003766439
2004,TEXAS,3.7962514277321224
2005,TEXAS,5.911119415820698
2006,TEXAS,2.980750884044836
2007,TEXAS,3.1283909768481832
2008,TEXAS,4.801037050910262
2009,TEXAS,-5.649626876088609
2010,TEXAS,3.8714490045534955
2011,TEXAS,4.184120045939688
2012,TEXAS,0.9144624934692036
2013,TEXAS,2.0539838314821868
2014,TEXAS,1.170012836595813
2015,TEXAS,-5.1001382009319585
2016,TEXAS,-0.5199158005808835
2017,TEXAS,3.3874786404062274
2018,TEXAS,3.8459849819765246
2019,TEXAS,-0.23494683885053602
2020,TEXAS,-1.9397355441679975
1998,MICHIGAN,1.9613247804186162
1999,MICHIGAN,2.1842060706463107
2000,MICHIGAN,2.066449290390482
2001,MICHIGAN,2.4790365640001033
2002,MICHIGAN,1.153224088546434
2003,MICHIGAN,1.3023515020199827
2004,MICHIGAN,1.857099242495508
2005,MICHIGAN,1.9253720976321054
2006,MICHIGAN,2.0254675333585936
2007,MICHIGAN,2.5913015382573956
2008,MICHIGAN,1.193785451741003
2009,MICHIGAN,3.7713714678231147
2010,MICHIGAN,0.2634582958691123
2011,MICHIGAN,1.0658579440667948
2012,MICHIGAN,2.540991366556855
2013,MICHIGAN,1.9911479655621678
2014,MICHIGAN,1.9893808229328291
2015,MICHIGAN,2.8828714084485174
2016,MICHIGAN,1.2788376564254467
2017,MICHIGAN,1.1269843158295156
2018,MICHIGAN,1.5636798202010915
2019,MICHIGAN,2.1572409688399574
2020,MICHIGAN,1.6316061655376801
1998,ARKANSAS,1.7965359590388141
1999,ARKANSAS,1.614796882136682
2000,ARKANSAS,1.9294564420782478
2001,ARKANSAS,2.9168391664323057
2002,ARKANSAS,1.3826533061667368
2003,ARKANSAS,1.8067514095472026
2004,ARKANSAS,3.168858736493707
2005,ARKANSAS,2.401909552177628
2006,ARKANSAS,3.074830471041734
2007,ARKANSAS,3.429199290470164
2008,ARKANSAS,2.3644985528416207
2009,ARKANSAS,1.1559544768926733
2010,ARKANSAS,1.4545765867730376
2011,ARKANSAS,2.0265069331399266
2012,ARKANSAS,2.0463636956700615
2013,ARKANSAS,2.234624260964102
2014,ARKANSAS,1.6703416512687586
2015,ARKANSAS,0.861957536273561
2016,ARKANSAS,0.7584154920487585
2017,ARKANSAS,1.7036137641066595
2018,ARKANSAS,2.2089384508863885
2019,ARKANSAS,2.0246059049227716
2020,ARKANSAS,1.5379537727809645
1998,ILLINOIS,1.7302441500969046
1999,ILLINOIS,1.5997813574198494
2000,ILLINOIS,2.0689925790744246
2001,ILLINOIS,2.733577715768698
2002,ILLINOIS,1.726147254753574
2003,ILLINOIS,1.9280859345942591
2004,ILLINOIS,2.749775887014194
2005,ILLINOIS,3.0906095625603536
2006,ILLINOIS,3.2667346930314034
2007,ILLINOIS,3.010564264064497
2008,ILLINOIS,1.5495253526100594
2009,ILLINOIS,1.9298020757197332
2010,ILLINOIS,1.073989284450505
2011,ILLINOIS,2.0574921723224726
2012,ILLINOIS,2.655954675032124
2013,ILLINOIS,2.0652780168703755
2014,ILLINOIS,1.9635623987166007
2015,ILLINOIS,2.2475628742477216
2016,ILLINOIS,1.2151784950940714
2017,ILLINOIS,1.6329336760861235
2018,ILLINOIS,2.3891007665436836
2019,ILLINOIS,2.1717946324794735
2020,ILLINOIS,1.6214850606678377
1998,VIRGINIA,2.0497155486648655
1999,VIRGINIA,2.346004150186398
2000,VIRGINIA,2.5514633528164854
2001,VIRGINIA,2.772202541039026
2002,VIRGINIA,2.175598408141366
2003,VIRGINIA,1.9487078448947148
2004,VIRGINIA,2.4345078356001526
2005,VIRGINIA,2.806421740643783
2006,VIRGINIA,3.1248545267566596
2007,VIRGINIA,2.8683350567423327
2008,VIRGINIA,1.7985329421008167
2009,VIRGINIA,2.412330019529585
2010,VIRGINIA,0.6984749751867803
2011,VIRGINIA,1.2189288150274757
2012,VIRGINIA,2.0928566849188757
2013,VIRGINIA,1.9099067883004528
2014,VIRGINIA,1.9624966059409665
2015,VIRGINIA,2.2893694159111133
2016,VIRGINIA,1.4582209907043842
2017,VIRGINIA,1.3079183656234505
2018,VIRGINIA,1.866445879856804
2019,VIRGINIA,2.222616700410751
2020,VIRGINIA,1.9503554458185857
1998,MONTANA,1.3816503338546449
1999,MONTANA,1.4776150744703065
2000,MONTANA,2.491048815498309
2001,MONTANA,3.4725878353132345
2002,MONTANA,1.659655662402204
2003,MONTANA,3.253268211526672
2004,MONTANA,4.2147091018582605
2005,MONTANA,4.228750817431415
2006,MONTANA,4.066129023207599
2007,MONTANA,4.2208476919776805
2008,MONTANA,2.6537288966799633
2009,MONTANA,-0.4298298243421983
2010,MONTANA,2.611739749354469
2011,MONTANA,4.172968226251772
2012,MONTANA,2.148061597605566
2013,MONTANA,1.674959621301353
2014,MONTANA,1.3777735908139022
2015,MONTANA,-0.4015338151673764
2016,MONTANA,-0.2822790625654492
2017,MONTANA,3.063734922943051
2018,MONTANA,3.501172895595528
2019,MONTANA,1.3614137712570695
2020,MONTANA,0.815648660869206
1998,WYOMING,-0.9941332103329814
1999,WYOMING,1.4171801634648817
2000,WYOMING,6.054425966832833
2001,WYOMING,2.722107976824617
2002,WYOMING,0.21982358803915858
2003,WYOMING,7.350884364976418
2004,WYOMING,6.983098586592362
2005,WYOMING,11.413506383806716
2006,WYOMING,5.1328079400638105
2007,WYOMING,5.03077794261888
2008,WYOMING,9.837542402168765
2009,WYOMING,-12.643694548076512
2010,WYOMING,7.806837254447485
2011,WYOMING,6.261243066621702
2012,WYOMING,0.04150797204627299
2013,WYOMING,1.1330875993575296
2014,WYOMING,0.7572486757751795
2015,WYOMING,-6.698459335628215
2016,WYOMING,-1.1794938667115562
2017,WYOMING,4.829637289960531
2018,WYOMING,4.325222186686006
2019,WYOMING,-0.22577052165231315
2020,WYOMING,-2.2757882088583314
1998,CONNECTICUT,2.0197119893399895
1999,CONNECTICUT,1.5989790887611877
2000,CONNECTICUT,1.805191156547692
2001,CONNECTICUT,2.445430917781777
2002,CONNECTICUT,1.86731228153858
2003,CONNECTICUT,1.967629511223068
2004,CONNECTICUT,2.649553031347085
2005,CONNECTICUT,2.791119069385406
2006,CONNECTICUT,2.914030221299857
2007,CONNECTICUT,2.7006762087026237
2008,CONNECTICUT,1.952205607795321
2009,CONNECTICUT,2.764657814033189
2010,CONNECTICUT,0.8264213090360739
2011,CONNECTICUT,1.7638778483731965
2012,CONNECTICUT,2.309028142634184
2013,CONNECTICUT,2.3159441238446377
2014,CONNECTICUT,2.219994124040925
2015,CONNECTICUT,2.2248233665515205
2016,CONNECTICUT,1.3695011338152652
2017,CONNECTICUT,1.3053210704421447
2018,CONNECTICUT,2.262928134285813
2019,CONNECTICUT,2.0314646459065555
2020,CONNECTICUT,2.2915167304746076
1998,NORTH DAKOTA,1.0121724996319914
1999,NORTH DAKOTA,1.0811713146884783
2000,NORTH DAKOTA,2.0371290075231308
2001,NORTH DAKOTA,3.5048605348869666
2002,NORTH DAKOTA,1.2964727010122745
2003,NORTH DAKOTA,3.0505601666041438
2004,NORTH DAKOTA,3.887839178898589
2005,NORTH DAKOTA,2.3555048846698456
2006,NORTH DAKOTA,2.92397947222931
2007,NORTH DAKOTA,4.808880827533746
2008,NORTH DAKOTA,2.476849407268822
2009,NORTH DAKOTA,-1.7311250701631975
2010,NORTH DAKOTA,2.9025292293367366
2011,NORTH DAKOTA,4.391109259044579
2012,NORTH DAKOTA,1.8108719645472338
2013,NORTH DAKOTA,2.6064236071722924
2014,NORTH DAKOTA,1.06254235978116
2015,NORTH DAKOTA,-4.495248963775045
2016,NORTH DAKOTA,-0.904096403158472
2017,NORTH DAKOTA,4.052445236714286
2018,NORTH DAKOTA,3.5494688880183256
2019,NORTH DAKOTA,-0.7934936282842586
2020,NORTH DAKOTA,-4.196399534879058
1998,ALASKA,-3.586606710882878
1999,ALASKA,3.404791925844197
2000,ALASKA,11.58915708565087
2001,ALASKA,2.2671167051731
2002,ALASKA,-0.47753151137318595
2003,ALASKA,9.251236187372026
2004,ALASKA,5.938238308321475
2005,ALASKA,10.305513670913324
2006,ALASKA,3.7134038514468504
2007,ALASKA,4.575724693193517
2008,ALASKA,12.187694498512002
2009,ALASKA,-17.370889773727704
2010,ALASKA,9.908105505247967
2011,ALASKA,5.374031062699625
2012,ALASKA,-2.840254990219049
2013,ALASKA,3.420511143669036
2014,ALASKA,0.7908155432872599
2015,ALASKA,-9.76153406799648
2016,ALASKA,-0.5846820565173161
2017,ALASKA,4.881848977149028
2018,ALASKA,4.758887081785845
2019,ALASKA,-0.4632873850812569
2020,ALASKA,-2.884089894011921
1998,MINNESOTA,1.367738190060841
1999,MINNESOTA,1.4872960608901087
2000,MINNESOTA,2.045549442047867
2001,MINNESOTA,2.429030825069889
2002,MINNESOTA,1.5218430366948033
2003,MINNESOTA,1.6103124389742485
2004,MINNESOTA,2.7732856731701228
2005,MINNESOTA,2.719128339520527
2006,MINNESOTA,2.9103943790592224
2007,MINNESOTA,3.175753876365639
2008,MINNESOTA,1.2937952122754615
2009,MINNESOTA,1.8653053739273284
2010,MINNESOTA,1.1179603302019059
2011,MINNESOTA,2.303673859242572
2012,MINNESOTA,2.3494692190233257
2013,MINNESOTA,1.846236035384874
2014,MINNESOTA,1.5196569761922074
2015,MINNESOTA,1.7569299105316016
2016,MINNESOTA,0.9230696698316665
2017,MINNESOTA,1.6243356328772274
2018,MINNESOTA,2.2255830933054943
2019,MINNESOTA,2.091912032531318
2020,MINNESOTA,1.6031156467936292
1998,TENNESSEE,2.092034242764984
1999,TENNESSEE,2.032503647383943
2000,TENNESSEE,2.12927571786532
2001,TENNESSEE,2.4633936773042597
2002,TENNESSEE,1.684884701827194
2003,TENNESSEE,1.4064479686304088
2004,TENNESSEE,2.179540198678298
2005,TENNESSEE,2.526308159461732
2006,TENNESSEE,2.6772936678308046
2007,TENNESSEE,2.7157323445476944
2008,TENNESSEE,1.7299437282001673
2009,TENNESSEE,2.9357959448249815
2010,TENNESSEE,0.7443028473708813
2011,TENNESSEE,1.4764153400587565
2012,TENNESSEE,2.625547506395143
2013,TENNESSEE,2.0939313568989926
2014,TENNESSEE,1.952824762091332
2015,TENNESSEE,2.638926375886541
2016,TENNESSEE,1.5314005286355403
2017,TENNESSEE,1.2897535047455166
2018,TENNESSEE,1.9433928020650137
2019,TENNESSEE,2.2505597116311282
2020,TENNESSEE,2.0154323824670195
1998,IOWA,1.6100534778669573
1999,IOWA,1.540032327527019
2000,IOWA,1.3724511071701917
2001,IOWA,3.100233092325988
2002,IOWA,1.520874773515568
2003,IOWA,1.9777619944395308
2004,IOWA,2.7043138359596597
2005,IOWA,1.7779307610406914
2006,IOWA,2.41838746261267
2007,IOWA,3.3960492755688243
2008,IOWA,1.7062685296767244
2009,IOWA,2.042695784133808
2010,IOWA,1.1561679371303368
2011,IOWA,2.8237087373699232
2012,IOWA,2.665452566582438
2013,IOWA,2.346971999131764
2014,IOWA,1.504836952739752
2015,IOWA,1.417998732585657
2016,IOWA,0.8294378124768631
2017,IOWA,1.5253248188088708
2018,IOWA,2.0861144625367922
2019,IOWA,2.072339361406317
2020,IOWA,2.028541819770391
1998,DELAWARE,1.4256833371066868
1999,DELAWARE,1.1065743790428684
2000,DELAWARE,3.2930473670568894
2001,DELAWARE,2.7745945208064615
2002,DELAWARE,1.9348423507297818
2003,DELAWARE,3.385617582085465
2004,DELAWARE,2.725354226618948
2005,DELAWARE,2.8151112326663563
2006,DELAWARE,3.542608462383301
2007,DELAWARE,2.8553888743620304
2008,DELAWARE,1.0066911729003758
2009,DELAWARE,-0.543552118725088
2010,DELAWARE,2.1034262143786453
2011,DELAWARE,1.5889502060921767
2012,DELAWARE,2.520848201628767
2013,DELAWARE,2.457674671872856
2014,DELAWARE,2.7332277702574848
2015,DELAWARE,2.2876525980963125
2016,DELAWARE,2.2467763635897198
2017,DELAWARE,2.735243031339407
2018,DELAWARE,3.8212476754316382
2019,DELAWARE,2.1028285314045547
2020,DELAWARE,1.8673334263743957
1998,NEBRASKA,1.6003975202211862
1999,NEBRASKA,1.4338118031859137
2000,NEBRASKA,1.513231839094309
2001,NEBRASKA,3.003092314108047
2002,NEBRASKA,1.7368446116577285
2003,NEBRASKA,2.1879933397170426
2004,NEBRASKA,3.3926932197073434
2005,NEBRASKA,1.875641891009261
2006,NEBRASKA,2.794177758416816
2007,NEBRASKA,4.016893253146603
2008,NEBRASKA,2.215485286611041
2009,NEBRASKA,1.3029247414112044
2010,NEBRASKA,1.6276396105730395
2011,NEBRASKA,3.682121040495745
2012,NEBRASKA,2.668405371838367
2013,NEBRASKA,2.465322888803967
2014,NEBRASKA,1.218929742092456
2015,NEBRASKA,0.8441375588278621
2016,NEBRASKA,0.31054768359493057
2017,NEBRASKA,1.5312378886779276
2018,NEBRASKA,1.9231534610056888
2019,NEBRASKA,2.2808635074919925
2020,NEBRASKA,2.1252229860692085
1998,ARIZONA,-0.3386564317237606
1999,ARIZONA,0.13528850514989976
2000,ARIZONA,1.0528616806841917
2001,ARIZONA,1.8090981930471983
2002,ARIZONA,1.4269187664845528
2003,ARIZONA,1.1370935578365549
2004,ARIZONA,2.189618480363742
2005,ARIZONA,2.773470268909284
2006,ARIZONA,3.2502421455609998
2007,ARIZONA,2.8719410379244303
2008,ARIZONA,1.4610868843650815
2009,ARIZONA,2.208736092295127
2010,ARIZONA,0.819265285024473
2011,ARIZONA,1.6249941554969727
2012,ARIZONA,1.987538503815589
2013,ARIZONA,1.868386902387309
2014,ARIZONA,1.964822300637259
2015,ARIZONA,2.003593370325074
2016,ARIZONA,1.4491682934232752
2017,ARIZONA,1.6356572534090397
2018,ARIZONA,2.129555811888406
2019,ARIZONA,2.384276825352205
2020,ARIZONA,2.061986210979283
1998,RHODE ISLAND,2.0416865759572023
1999,RHODE ISLAND,1.7100537376692815
2000,RHODE ISLAND,2.008504601031591
2001,RHODE ISLAND,2.7511755250484216
2002,RHODE ISLAND,2.1351251657054204
2003,RHODE ISLAND,1.9303872886149431
2004,RHODE ISLAND,2.766626350758017
2005,RHODE ISLAND,2.9998600204146353
2006,RHODE ISLAND,3.301723019858027
2007,RHODE ISLAND,3.0763246853342308
2008,RHODE ISLAND,1.6313924538598368
2009,RHODE ISLAND,2.0502710222581433
2010,RHODE ISLAND,1.018513861399306
2011,RHODE ISLAND,1.596752461404649
2012,RHODE ISLAND,2.138186395677022
2013,RHODE ISLAND,2.163904235727432
2014,RHODE ISLAND,2.1239519819390207
2015,RHODE ISLAND,2.3274531290260025
2016,RHODE ISLAND,1.5466615522363503
2017,RHODE ISLAND,1.588180630585101
2018,RHODE ISLAND,2.274279893006659
2019,RHODE ISLAND,2.2792606372000757
2020,RHODE ISLAND,2.232397362400018
1998,LOUISIANA,-0.01917599167007289
1999,LOUISIANA,2.5230012304853444
2000,LOUISIANA,8.624509834482573
2001,LOUISIANA,2.5230590519071727
2002,LOUISIANA,-0.7451315936163883
2003,LOUISIANA,6.588561611735444
2004,LOUISIANA,5.078103841297055
2005,LOUISIANA,9.62341932456221
2006,LOUISIANA,5.061659719529743
2007,LOUISIANA,4.141355211527831
2008,LOUISIANA,3.802261994430811
2009,LOUISIANA,-5.262934530660779
2010,LOUISIANA,5.3126624287187285
2011,LOUISIANA,7.2090686357845435
2012,LOUISIANA,2.1877840353127898
2013,LOUISIANA,1.0416593712136546
2014,LOUISIANA,1.2323460879206438
2015,LOUISIANA,-1.3556871022236794
2016,LOUISIANA,-1.4725512844853905
2017,LOUISIANA,4.001160386882208
2018,LOUISIANA,4.720157696830185
2019,LOUISIANA,-0.35386077668847493
2020,LOUISIANA,-1.8332909653378637
1998,OKLAHOMA,0.532786840797228
1999,OKLAHOMA,1.9171505369112385
2000,OKLAHOMA,4.202233743788875
2001,OKLAHOMA,2.6937538339419476
2002,OKLAHOMA,0.6177241034498238
2003,OKLAHOMA,4.575249660770897
2004,OKLAHOMA,4.069044795794641
2005,OKLAHOMA,5.727704124789423
2006,OKLAHOMA,3.130177747616436
2007,OKLAHOMA,3.7683261170986526
2008,OKLAHOMA,6.110205857242179
2009,OKLAHOMA,-7.481956414877922
2010,OKLAHOMA,4.910405536751661
2011,OKLAHOMA,4.011064338047143
2012,OKLAHOMA,0.05498213982788602
2013,OKLAHOMA,2.8113848763273275
2014,OKLAHOMA,1.0005779705873907
2015,OKLAHOMA,-8.709966342918218
2016,OKLAHOMA,-0.9481992574004727
2017,OKLAHOMA,4.5363576015502005
2018,OKLAHOMA,4.5152875650713575
2019,OKLAHOMA,-1.0714971260701756
2020,OKLAHOMA,-2.9317219180915344
1998,CALIFORNIA,0.535085543829239
1999,CALIFORNIA,0.9669381878859795
2000,CALIFORNIA,1.4155577249153284
2001,CALIFORNIA,1.614940448518598
2002,CALIFORNIA,1.2939152316833846
2003,CALIFORNIA,1.6231536476889685
2004,CALIFORNIA,2.5367209402880952
2005,CALIFORNIA,2.7353412149827783
2006,CALIFORNIA,2.6631785786028317
2007,CALIFORNIA,2.79431038725495
2008,CALIFORNIA,1.3958858340003877
2009,CALIFORNIA,0.4204885576529316
2010,CALIFORNIA,1.3217946474701758
2011,CALIFORNIA,2.1564105140136736
2012,CALIFORNIA,1.992957746478874
2013,CALIFORNIA,1.8887826841511357
2014,CALIFORNIA,1.5930900269746529
2015,CALIFORNIA,1.3650318942565187
2016,CALIFORNIA,0.8701661071963018
2017,CALIFORNIA,1.5172813793000506
2018,CALIFORNIA,1.9272835269073196
2019,CALIFORNIA,1.7555210875279892
2020,CALIFORNIA,1.3096775617302159
1998,GEORGIA,1.8440574643519003
1999,GEORGIA,1.8597283880235294
2000,GEORGIA,2.2493833207997582
2001,GEORGIA,2.686099225662053
2002,GEORGIA,1.7018526509793075
2003,GEORGIA,1.6244627107892873
2004,GEORGIA,2.2904572082629526
2005,GEORGIA,2.345043034039862
2006,GEORGIA,2.877476077390484
2007,GEORGIA,2.696313148329099
2008,GEORGIA,1.4876470553299548
2009,GEORGIA,2.2759917197233692
2010,GEORGIA,0.9018180391141106
2011,GEORGIA,1.3971795768256134
2012,GEORGIA,2.3103694881477788
2013,GEORGIA,2.163927766636342
2014,GEORGIA,2.061502344938315
2015,GEORGIA,2.144335094160188
2016,GEORGIA,1.4371067687765526
2017,GEORGIA,1.2958005453588495
2018,GEORGIA,2.058456583905577
2019,GEORGIA,2.2874955786329254
2020,GEORGIA,1.5474253372809388
1998,NORTH CAROLINA,1.940977696581525
1999,NORTH CAROLINA,1.677745057136204
2000,NORTH CAROLINA,1.3981228073295604
2001,NORTH CAROLINA,2.83968765116267
2002,NORTH CAROLINA,1.9052731419684
2003,NORTH CAROLINA,1.6705695501684659
2004,NORTH CAROLINA,2.122504504271494
2005,NORTH CAROLINA,2.5426891422160924
2006,NORTH CAROLINA,2.689387960532552
2007,NORTH CAROLINA,2.4825578028028428
2008,NORTH CAROLINA,1.629020964708383
2009,NORTH CAROLINA,2.399824431061326
2010,NORTH CAROLINA,0.7855456427048102
2011,NORTH CAROLINA,1.5201751624918547
2012,NORTH CAROLINA,2.6790344820876832
2013,NORTH CAROLINA,2.2591660063505437
2014,NORTH CAROLINA,2.2202708379815084
2015,NORTH CAROLINA,2.479204743372554
2016,NORTH CAROLINA,1.6754637001222594
2017,NORTH CAROLINA,1.600067560740004
2018,NORTH CAROLINA,2.188622587808542
2019,NORTH CAROLINA,2.3567678638895417
2020,NORTH CAROLINA,2.0166659601511983
1998,NEW MEXICO,-2.9703383542950768
1999,NEW MEXICO,-0.6058892897091384
2000,NEW MEXICO,2.2479962611584803
2001,NEW MEXICO,1.1328689100548628
2002,NEW MEXICO,0.5632216983020077
2003,NEW MEXICO,4.342672676927539
2004,NEW MEXICO,3.227842262424785
2005,NEW MEXICO,4.401363964813454
2006,NEW MEXICO,2.535045709881545
2007,NEW MEXICO,3.292840835493527
2008,NEW MEXICO,4.539772728319824
2009,NEW MEXICO,-3.850883166613739
2010,NEW MEXICO,3.145550856558277
2011,NEW MEXICO,2.917564039911369
2012,NEW MEXICO,0.6088708380617147
2013,NEW MEXICO,2.187859068856013
2014,NEW MEXICO,1.3718084724963164
2015,NEW MEXICO,-2.8486370712176856
2016,NEW MEXICO,0.05407067370313268
2017,NEW MEXICO,2.9692719022135883
2018,NEW MEXICO,3.0929621770563687
2019,NEW MEXICO,0.5547436792145755
2020,NEW MEXICO,-1.165064147990691
1998,WEST VIRGINIA,1.6158642331898454
1999,WEST VIRGINIA,0.9802517552567336
2000,WEST VIRGINIA,2.0682475920599908
2001,WEST VIRGINIA,3.221363980088965
2002,WEST VIRGINIA,1.980385928975248
2003,WEST VIRGINIA,2.69219550294999
2004,WEST VIRGINIA,4.0713096193409015
2005,WEST VIRGINIA,5.054661544926575
2006,WEST VIRGINIA,4.690010657865429
2007,WEST VIRGINIA,3.5711677579949086
2008,WEST VIRGINIA,3.664149496070168
2009,WEST VIRGINIA,1.8794764391249608
2010,WEST VIRGINIA,2.3272904150486884
2011,WEST VIRGINIA,3.101499213684411
2012,WEST VIRGINIA,1.6280994481043365
2013,WEST VIRGINIA,1.3201965695300188
2014,WEST VIRGINIA,1.6575308735535144
2015,WEST VIRGINIA,-2.0116266795680793
2016,WEST VIRGINIA,0.37297102695859063
2017,WEST VIRGINIA,3.3266671329575503
2018,WEST VIRGINIA,3.283808338633043
2019,WEST VIRGINIA,0.9085379970880991
2020,WEST VIRGINIA,-0.2576318047775472
1998,WISCONSIN,2.1497130390694563
1999,WISCONSIN,1.771792310188225
2000,WISCONSIN,1.7754249929612609
2001,WISCONSIN,2.663247011473713
2002,WISCONSIN,1.536343192996159
2003,WISCONSIN,1.4141251870893434
2004,WISCONSIN,2.5224436328516786
2005,WISCONSIN,2.444277702740294
2006,WISCONSIN,2.747327899810581
2007,WISCONSIN,2.834372282035713
2008,WISCONSIN,1.6417162911236627
2009,WISCONSIN,3.204865237364407
2010,WISCONSIN,0.5937289363010301
2011,WISCONSIN,1.5951591558471367
2012,WISCONSIN,2.4210442536615195
2013,WISCONSIN,2.250202327212558
2014,WISCONSIN,1.8337733819745239
2015,WISCONSIN,2.1613741362251693
2016,WISCONSIN,1.140240645021473
2017,WISCONSIN,1.2306553965020006
2018,WISCONSIN,1.8893664265899446
2019,WISCONSIN,2.2225646852137126
2020,WISCONSIN,2.0550990136459557
1998,UTAH,1.6134753104603883
1999,UTAH,1.7542661782159241
2000,UTAH,2.7753040154482767
2001,UTAH,2.753052290738167
2002,UTAH,1.7629068862831554
2003,UTAH,2.3994525450809823
2004,UTAH,2.8593646476523515
2005,UTAH,3.5253251366405003
2006,UTAH,3.7719849190301913
2007,UTAH,3.109791213036095
2008,UTAH,1.7397218509617174
2009,UTAH,-0.4870588655582764
2010,UTAH,2.033542967160562
2011,UTAH,2.4289890485072796
2012,UTAH,1.93326165730896
2013,UTAH,1.756028153544853
2014,UTAH,1.9732890433531214
2015,UTAH,1.427076511036729
2016,UTAH,1.351591236476879
2017,UTAH,2.064300402631569
2018,UTAH,2.71681802571786
2019,UTAH,1.9405319015199263
2020,UTAH,1.1287816301795761
1998,COLORADO,0.7854539063765431
1999,COLORADO,1.5409517738143697
2000,COLORADO,2.2167555814012863
2001,COLORADO,2.1878404262572593
2002,COLORADO,1.5906867920316259
2003,COLORADO,2.1875768253271977
2004,COLORADO,2.8175501940800096
2005,COLORADO,3.4913797345329067
2006,COLORADO,2.969645870769355
2007,COLORADO,3.0071204998138423
2008,COLORADO,2.621992847599186
2009,COLORADO,-0.7497092748514178
2010,COLORADO,1.7048773310020415
2011,COLORADO,2.103508465722781
2012,COLORADO,1.564204920750556
2013,COLORADO,2.054572238926222
2014,COLORADO,1.558840337818146
2015,COLORADO,-0.9503778678655594
2016,COLORADO,0.7551974999669087
2017,COLORADO,2.2270993700498565
2018,COLORADO,2.5482018254300964
2019,COLORADO,1.3841912175161397
2020,COLORADO,0.5778866048653519
