year,state,gdp_real_percent_change_year_ago
1978,NEW HAMPSHIRE,10.184365781710913
1979,NEW HAMPSHIRE,5.875778060370784
1980,NEW HAMPSHIRE,2.635455056925573
1981,NEW HAMPSHIRE,4.122987472129491
1982,NEW HAMPSHIRE,2.0171308236518914
1983,NEW HAMPSHIRE,6.365460217323227
1984,NEW HAMPSHIRE,12.068796336676858
1985,NEW HAMPSHIRE,9.132742157516095
1986,NEW HAMPSHIRE,6.676948037476493
1987,NEW HAMPSHIRE,11.431723031412178
1988,NEW HAMPSHIRE,6.186865846250766
1989,NEW HAMPSHIRE,-0.14689576756570233
1990,NEW HAMPSHIRE,-3.6017653424240903
1991,NEW HAMPSHIRE,0.5576078622708591
1992,NEW HAMPSHIRE,3.9217403041811316
1993,NEW HAMPSHIRE,1.2125126815346388
1994,NEW HAMPSHIRE,4.44267941189731
1995,NEW HAMPSHIRE,7.527081686735793
1996,NEW HAMPSHIRE,7.656458467164118
1997,NEW HAMPSHIRE,5.957548130574342
1978,PENNSYLVANIA,3.7521271812659185
1979,PENNSYLVANIA,1.9432470169058025
1980,PENNSYLVANIA,-2.3814288488833713
1981,PENNSYLVANIA,0.4311008933183924
1982,PENNSYLVANIA,-3.823160355466937
1983,PENNSYLVANIA,2.75066663330521
1984,PENNSYLVANIA,5.480904910476481
1985,PENNSYLVANIA,2.4416688172326673
1986,PENNSYLVANIA,1.8621330201944009
1987,PENNSYLVANIA,5.4793757474165705
1988,PENNSYLVANIA,4.862778351662245
1989,PENNSYLVANIA,1.6466850921476706
1990,PENNSYLVANIA,1.5355698773898308
1991,PENNSYLVANIA,0.26069812278664006
1992,PENNSYLVANIA,2.988282692723221
1993,PENNSYLVANIA,1.560334556106513
1994,PENNSYLVANIA,2.8233026753921475
1995,PENNSYLVANIA,3.2915222664632093
1996,PENNSYLVANIA,2.6377753845331586
1997,PENNSYLVANIA,3.736002252354531
1978,MISSOURI,4.824371814766959
1979,MISSOURI,2.4556523818900278
1980,MISSOURI,-3.8842776459081962
1981,MISSOURI,1.2750935906133076
1982,MISSOURI,-1.249529669093774
1983,MISSOURI,3.2233313374841366
1984,MISSOURI,8.57937611359394
1985,MISSOURI,1.4904115116030292
1986,MISSOURI,2.746650544001916
1987,MISSOURI,3.948443192932305
1988,MISSOURI,4.403925207715664
1989,MISSOURI,2.0772245573002834
1990,MISSOURI,-1.1348688598679102
1991,MISSOURI,1.5390327154850336
1992,MISSOURI,2.9722968978775244
1993,MISSOURI,0.3290389590887344
1994,MISSOURI,7.0951426551260965
1995,MISSOURI,5.0890453736149865
1996,MISSOURI,4.08462381909902
1997,MISSOURI,5.3506508717442225
1978,KANSAS,2.626841066354313
1979,KANSAS,6.229709164693942
1980,KANSAS,-1.2290238243990226
1981,KANSAS,2.898974048028191
1982,KANSAS,-0.8666661446179447
1983,KANSAS,0.6273932078810329
1984,KANSAS,4.483886034563289
1985,KANSAS,3.8066813672272826
1986,KANSAS,0.3600682501225805
1987,KANSAS,3.395755620980667
1988,KANSAS,2.603845174699826
1989,KANSAS,0.7525096400427644
1990,KANSAS,2.3373179794858423
1991,KANSAS,0.9946993321422237
1992,KANSAS,2.916192711231802
1993,KANSAS,0.720243569820167
1994,KANSAS,5.062173114890389
1995,KANSAS,1.1979350082045093
1996,KANSAS,4.191118436152941
1997,KANSAS,5.38023797206415
1978,MISSISSIPPI,2.9164556667307107
1979,MISSISSIPPI,3.823563512554329
1980,MISSISSIPPI,-1.8592160024404558
1981,MISSISSIPPI,3.4361314172481006
1982,MISSISSIPPI,-3.16475225315872
1983,MISSISSIPPI,2.125218894775349
1984,MISSISSIPPI,6.841773972119558
1985,MISSISSIPPI,2.779393129858221
1986,MISSISSIPPI,0.23521505376344898
1987,MISSISSIPPI,6.556269842834883
1988,MISSISSIPPI,2.367876822288939
1989,MISSISSIPPI,0.9418740763171174
1990,MISSISSIPPI,0.41079943585036194
1991,MISSISSIPPI,2.203444624045492
1992,MISSISSIPPI,5.402610774681071
1993,MISSISSIPPI,4.393241358185662
1994,MISSISSIPPI,6.764855739778475
1995,MISSISSIPPI,4.968032934526456
1996,MISSISSIPPI,3.0107363292686706
1997,MISSISSIPPI,2.8253671672139324
1978,HAWAII,3.907111094219129
1979,HAWAII,5.054236723280958
1980,HAWAII,3.525128923311427
1981,HAWAII,-0.39723616306489573
1982,HAWAII,0.8006423147342234
1983,HAWAII,3.963226262701447
1984,HAWAII,3.7484157841599863
1985,HAWAII,3.43078388339062
1986,HAWAII,3.3900510459413447
1987,HAWAII,4.474799203590951
1988,HAWAII,6.829792622884989
1989,HAWAII,5.9441408621736525
1990,HAWAII,6.912662480316789
1991,HAWAII,1.4799915254020801
1992,HAWAII,2.7133216117437353
1993,HAWAII,-1.6701604529514302
1994,HAWAII,-0.2256403104173077
1995,HAWAII,-1.2722843207244927
1996,HAWAII,-1.061132025859557
1997,HAWAII,-0.1745356788747987
1978,IDAHO,7.935479516771271
1979,IDAHO,2.024661097493885
1980,IDAHO,0.6000024514911217
1981,IDAHO,0.4800633586158565
1982,IDAHO,-4.056192514536205
1983,IDAHO,4.881732525293381
1984,IDAHO,1.7786561264822254
1985,IDAHO,2.2620175230878337
1986,IDAHO,-1.950318685199215
1987,IDAHO,2.4342866589518897
1988,IDAHO,5.386322372402663
1989,IDAHO,6.394661999562468
1990,IDAHO,3.640018094709352
1991,IDAHO,2.138750973399528
1992,IDAHO,6.941362146412544
1993,IDAHO,8.708149614701721
1994,IDAHO,7.96045046700864
1995,IDAHO,8.319501031135257
1996,IDAHO,3.3283920630101216
1997,IDAHO,4.785790585364014
1978,VERMONT,10.003870503994916
1979,VERMONT,4.467258950225572
1980,VERMONT,2.725719922053549
1981,VERMONT,3.2131147540983562
1982,VERMONT,-0.42090216010165493
1983,VERMONT,4.013762774429508
1984,VERMONT,5.039651244304255
1985,VERMONT,5.868796729824699
1986,VERMONT,4.380201920709181
1987,VERMONT,8.728720794172041
1988,VERMONT,8.668483449341258
1989,VERMONT,4.55554668157494
1990,VERMONT,1.6957697419680118
1991,VERMONT,-2.712304895819251
1992,VERMONT,4.709588258456021
1993,VERMONT,1.420850445720867
1994,VERMONT,3.0737913486005075
1995,VERMONT,0.23205292781673936
1996,VERMONT,4.420612636956656
1997,VERMONT,4.597375816266713
1978,INDIANA,4.675924166089174
1979,INDIANA,0.5868040780182993
1980,INDIANA,-5.349014815946241
1981,INDIANA,1.2192998928088006
1982,INDIANA,-5.486023813963914
1983,INDIANA,2.364332288516624
1984,INDIANA,9.088584814174538
1985,INDIANA,1.9205487177421432
1986,INDIANA,1.590629407062072
1987,INDIANA,3.8009581088226385
1988,INDIANA,4.979275379355119
1989,INDIANA,3.618325231394137
1990,INDIANA,0.388014540169479
1991,INDIANA,0.013884891132320831
1992,INDIANA,6.414085124404623
1993,INDIANA,3.0830007659128356
1994,INDIANA,6.052334638511603
1995,INDIANA,3.102833788781223
1996,INDIANA,4.054418725326814
1997,INDIANA,4.590602198219718
1978,ALABAMA,6.421827083445408
1979,ALABAMA,2.6692786501943067
1980,ALABAMA,-0.6236574361878189
1981,ALABAMA,1.840597191490545
1982,ALABAMA,-2.4887868513478573
1983,ALABAMA,4.94417166530754
1984,ALABAMA,4.719411633608184
1985,ALABAMA,4.7103207371022915
1986,ALABAMA,1.0253206921829294
1987,ALABAMA,5.5005499074546105
1988,ALABAMA,4.892504490898064
1989,ALABAMA,-0.12095870072418302
1990,ALABAMA,1.6487536965599014
1991,ALABAMA,2.8043463727700058
1992,ALABAMA,4.294697238011724
1993,ALABAMA,1.5072277231030107
1994,ALABAMA,3.987710546290568
1995,ALABAMA,3.397357259414502
1996,ALABAMA,3.4230427477380587
1997,ALABAMA,3.3792894604717016
1978,MARYLAND,4.299869134417644
1979,MARYLAND,3.0521200533747628
1980,MARYLAND,0.40788805464562206
1981,MARYLAND,1.9541650716117243
1982,MARYLAND,-0.9182375293274925
1983,MARYLAND,4.849465757455795
1984,MARYLAND,6.755576644472816
1985,MARYLAND,5.731159509376504
1986,MARYLAND,4.681525500588979
1987,MARYLAND,5.316847435093397
1988,MARYLAND,6.910021977914993
1989,MARYLAND,2.151203468880114
1990,MARYLAND,1.1532387109043585
1991,MARYLAND,-1.8379960724006161
1992,MARYLAND,0.8125726179262882
1993,MARYLAND,1.6734200136551136
1994,MARYLAND,3.7100674511269416
1995,MARYLAND,1.6456253897293216
1996,MARYLAND,2.3993934526117533
1997,MARYLAND,4.661324382494203
1978,KENTUCKY,4.378195352006786
1979,KENTUCKY,2.5207789272800207
1980,KENTUCKY,-3.4780159388652976
1981,KENTUCKY,2.7021883316469264
1982,KENTUCKY,-3.5531623129142487
1983,KENTUCKY,0.13849861101105088
1984,KENTUCKY,7.5603594384573425
1985,KENTUCKY,3.007860812482166
1986,KENTUCKY,-1.400846829009228
1987,KENTUCKY,3.657913648531741
1988,KENTUCKY,6.692524812100142
1989,KENTUCKY,2.2110290740993133
1990,KENTUCKY,1.2604748241679786
1991,KENTUCKY,0.8976258945890603
1992,KENTUCKY,5.550113232701759
1993,KENTUCKY,3.0280545289946392
1994,KENTUCKY,6.121794946497938
1995,KENTUCKY,3.5093325602413517
1996,KENTUCKY,3.73737780955794
1997,KENTUCKY,5.972301480649689
1978,OREGON,6.03252690214211
1979,OREGON,4.028666367171163
1980,OREGON,-0.7064026699973414
1981,OREGON,-2.6533741756243567
1982,OREGON,-5.300030811893386
1983,OREGON,1.1115223341562341
1984,OREGON,6.177497465930837
1985,OREGON,2.435504034549396
1986,OREGON,1.968017633201291
1987,OREGON,3.344147424656496
1988,OREGON,6.281300339368512
1989,OREGON,2.847387555763947
1990,OREGON,4.154920985545574
1991,OREGON,1.676926538903789
1992,OREGON,3.8654753928384133
1993,OREGON,5.880884898407146
1994,OREGON,6.031584562517822
1995,OREGON,6.493820516120485
1996,OREGON,14.12342893973575
1997,OREGON,7.35273668559937
1978,NEVADA,11.667186107420346
1979,NEVADA,6.295935405210873
1980,NEVADA,2.8348342815026406
1981,NEVADA,4.17444980491759
1982,NEVADA,-1.1261706757023981
1983,NEVADA,3.2356407568963963
1984,NEVADA,4.614561523976413
1985,NEVADA,4.2479251650002325
1986,NEVADA,5.649678231781263
1987,NEVADA,6.556298170437436
1988,NEVADA,8.775048037331867
1989,NEVADA,7.645403673023887
1990,NEVADA,8.105470753199251
1991,NEVADA,2.228992900726734
1992,NEVADA,7.558321445427896
1993,NEVADA,8.45604096253072
1994,NEVADA,9.711551575214795
1995,NEVADA,5.830544994975795
1996,NEVADA,9.091496396877874
1997,NEVADA,6.71605230714567
1978,WASHINGTON,7.518274218485543
1979,WASHINGTON,6.146351840034048
1980,WASHINGTON,0.7248584151312354
1981,WASHINGTON,3.077628623328965
1982,WASHINGTON,0.03512974360113663
1983,WASHINGTON,1.6271708394314466
1984,WASHINGTON,3.642529018244911
1985,WASHINGTON,0.9519500182732621
1986,WASHINGTON,4.514077913028336
1987,WASHINGTON,4.51660902297415
1988,WASHINGTON,6.045529187303922
1989,WASHINGTON,5.097848775960179
1990,WASHINGTON,5.787375167685194
1991,WASHINGTON,2.1867547756004857
1992,WASHINGTON,3.5817427843598093
1993,WASHINGTON,2.5590902314090336
1994,WASHINGTON,3.4916026184748095
1995,WASHINGTON,0.4468554880889819
1996,WASHINGTON,5.605668534328023
1997,WASHINGTON,6.19389247454214
1978,MAINE,2.9571470912253206
1979,MAINE,2.6647257874411245
1980,MAINE,1.8527630082268542
1981,MAINE,0.6892897770067075
1982,MAINE,1.1653700914137088
1983,MAINE,4.386470375261986
1984,MAINE,7.067731613785688
1985,MAINE,4.292043271753365
1986,MAINE,4.472832268789917
1987,MAINE,6.473928409909391
1988,MAINE,7.542554195639184
1989,MAINE,1.9682418940762503
1990,MAINE,-0.8535850572404136
1991,MAINE,-2.926089913327845
1992,MAINE,1.2673510834528834
1993,MAINE,0.5950190612166839
1994,MAINE,2.6377879307759144
1995,MAINE,2.531149317138537
1996,MAINE,2.9838087359134624
1997,MAINE,3.873831302528097
1978,MASSACHUSETTS,5.5560214980145295
1979,MASSACHUSETTS,3.8165203368571765
1980,MASSACHUSETTS,1.8876603507763656
1981,MASSACHUSETTS,2.439054302128163
1982,MASSACHUSETTS,0.44617670782496344
1983,MASSACHUSETTS,5.855281731845796
1984,MASSACHUSETTS,9.31154259721103
1985,MASSACHUSETTS,5.959949837512668
1986,MASSACHUSETTS,4.881431846170958
1987,MASSACHUSETTS,6.42075774673343
1988,MASSACHUSETTS,5.937404061583473
1989,MASSACHUSETTS,0.5084285063197802
1990,MASSACHUSETTS,-3.0055396280739832
1991,MASSACHUSETTS,-3.022141499195974
1992,MASSACHUSETTS,1.3231280279223823
1993,MASSACHUSETTS,0.708575805542333
1994,MASSACHUSETTS,4.623722978216405
1995,MASSACHUSETTS,3.439758410526994
1996,MASSACHUSETTS,5.4676134361471895
1997,MASSACHUSETTS,5.870681497049923
1978,FLORIDA,8.233597720846376
1979,FLORIDA,6.484611039886667
1980,FLORIDA,4.913140361807566
1981,FLORIDA,4.857145761453241
1982,FLORIDA,2.438301367905993
1983,FLORIDA,5.838765285381076
1984,FLORIDA,8.429582883321673
1985,FLORIDA,5.409126202383696
1986,FLORIDA,4.438919767332239
1987,FLORIDA,6.452850317385295
1988,FLORIDA,6.209724966891139
1989,FLORIDA,3.6364771198574175
1990,FLORIDA,2.392109138612586
1991,FLORIDA,0.5437289944545842
1992,FLORIDA,3.7379350419685764
1993,FLORIDA,3.7785697273360785
1994,FLORIDA,4.89969648784403
1995,FLORIDA,3.72405985467239
1996,FLORIDA,5.1427547885323
1997,FLORIDA,4.304906390158014
1978,OHIO,3.634047223244119
1979,OHIO,1.5357944865147743
1980,OHIO,-4.232449108168968
1981,OHIO,1.047636454140477
1982,OHIO,-5.017676068976861
1983,OHIO,4.042697355698599
1984,OHIO,8.714750888543632
1985,OHIO,3.602979273766138
1986,OHIO,0.902329706210625
1987,OHIO,2.907834444656676
1988,OHIO,3.8177159619647627
1989,OHIO,2.1264976494513865
1990,OHIO,1.0533719114554474
1991,OHIO,-0.7111573423353446
1992,OHIO,4.660421296398365
1993,OHIO,0.8636730311658347
1994,OHIO,6.0071947627312605
1995,OHIO,3.549716170132844
1996,OHIO,3.3968990981645852
1997,OHIO,5.48468092774872
1978,DISTRICT OF COLUMBIA,2.3191762034309837
1979,DISTRICT OF COLUMBIA,1.2700924003208103
1980,DISTRICT OF COLUMBIA,-0.935631909561363
1981,DISTRICT OF COLUMBIA,-1.751165801122756
1982,DISTRICT OF COLUMBIA,-2.9356292831696273
1983,DISTRICT OF COLUMBIA,0.9777440915041513
1984,DISTRICT OF COLUMBIA,2.0809877014968947
1985,DISTRICT OF COLUMBIA,1.5220723892369836
1986,DISTRICT OF COLUMBIA,0.6252921797874178
1987,DISTRICT OF COLUMBIA,2.8376621677034253
1988,DISTRICT OF COLUMBIA,4.3625897693674975
1989,DISTRICT OF COLUMBIA,1.9119813841948607
1990,DISTRICT OF COLUMBIA,2.0505999445622036
1991,DISTRICT OF COLUMBIA,-1.8253195921414056
1992,DISTRICT OF COLUMBIA,0.7107811427035982
1993,DISTRICT OF COLUMBIA,1.408169557449357
1994,DISTRICT OF COLUMBIA,-0.039368467416744934
1995,DISTRICT OF COLUMBIA,-2.7319218793563693
1996,DISTRICT OF COLUMBIA,-1.3161297047227127
1997,DISTRICT OF COLUMBIA,0.9540523357728148
1978,SOUTH CAROLINA,7.12145155894941
1979,SOUTH CAROLINA,4.280970163718356
1980,SOUTH CAROLINA,0.471074653251069
1981,SOUTH CAROLINA,3.4469149607496696
1982,SOUTH CAROLINA,-1.728125707881778
1983,SOUTH CAROLINA,6.4214006247914845
1984,SOUTH CAROLINA,9.618238230136233
1985,SOUTH CAROLINA,3.598603682147039
1986,SOUTH CAROLINA,4.744457159683324
1987,SOUTH CAROLINA,7.333092677129893
1988,SOUTH CAROLINA,5.158815195780786
1989,SOUTH CAROLINA,3.2821428672510367
1990,SOUTH CAROLINA,3.234018648050596
1991,SOUTH CAROLINA,0.8839479824484631
1992,SOUTH CAROLINA,3.2827345947496145
1993,SOUTH CAROLINA,3.561301827909058
1994,SOUTH CAROLINA,5.602650896424133
1995,SOUTH CAROLINA,3.7157652715366973
1996,SOUTH CAROLINA,2.9986748422163867
1997,SOUTH CAROLINA,5.177711244033234
1978,NEW YORK,4.48092135710334
1979,NEW YORK,2.139370189073442
1980,NEW YORK,0.0019505445920442455
1981,NEW YORK,1.8375072006200144
1982,NEW YORK,0.731542984295297
1983,NEW YORK,2.1137474180532356
1984,NEW YORK,6.0332089349977025
1985,NEW YORK,2.6896743750788987
1986,NEW YORK,2.57917141139985
1987,NEW YORK,4.257888771347917
1988,NEW YORK,5.770657926319767
1989,NEW YORK,-0.1778690518264292
1990,NEW YORK,0.2762059526471905
1991,NEW YORK,-3.098145502637062
1992,NEW YORK,1.3766482060660223
1993,NEW YORK,0.48129862311867555
1994,NEW YORK,1.3978782172237247
1995,NEW YORK,2.0961197138868792
1996,NEW YORK,4.133347697152456
1997,NEW YORK,4.821284865375208
1978,NEW JERSEY,4.1504926647977
1979,NEW JERSEY,3.95366544425364
1980,NEW JERSEY,-0.010783820150128687
1981,NEW JERSEY,2.6325659232097287
1982,NEW JERSEY,0.22681493271117237
1983,NEW JERSEY,7.006869156181139
1984,NEW JERSEY,7.966898076283702
1985,NEW JERSEY,5.2440928181843205
1986,NEW JERSEY,4.70342031260218
1987,NEW JERSEY,6.874691458269422
1988,NEW JERSEY,7.374354156881169
1989,NEW JERSEY,1.4047437618684766
1990,NEW JERSEY,0.7333155212885689
1991,NEW JERSEY,-0.25319743163472186
1992,NEW JERSEY,1.6803307717175864
1993,NEW JERSEY,1.1052884327257484
1994,NEW JERSEY,2.149151978716346
1995,NEW JERSEY,2.4022526983093373
1996,NEW JERSEY,4.358345135866193
1997,NEW JERSEY,3.1955716356479424
1978,SOUTH DAKOTA,6.8467249353514115
1979,SOUTH DAKOTA,4.5455334062006525
1980,SOUTH DAKOTA,-4.484807248709732
1981,SOUTH DAKOTA,5.98716044234795
1982,SOUTH DAKOTA,-2.880209827466085
1983,SOUTH DAKOTA,-0.6025774109425952
1984,SOUTH DAKOTA,7.781655161873702
1985,SOUTH DAKOTA,3.7773156244584216
1986,SOUTH DAKOTA,1.305631675231722
1987,SOUTH DAKOTA,2.0808200394134335
1988,SOUTH DAKOTA,0.802296049444351
1989,SOUTH DAKOTA,1.659542551719606
1990,SOUTH DAKOTA,5.26768190478919
1991,SOUTH DAKOTA,4.862547632008707
1992,SOUTH DAKOTA,5.637029057921161
1993,SOUTH DAKOTA,5.707247854637498
1994,SOUTH DAKOTA,5.417702982264472
1995,SOUTH DAKOTA,2.0908785217769843
1996,SOUTH DAKOTA,4.804535637149021
1997,SOUTH DAKOTA,1.8279425857041343
1978,TEXAS,5.502899365656866
1979,TEXAS,3.329530422343474
1980,TEXAS,3.5239256162718835
1981,TEXAS,6.314204303663806
1982,TEXAS,0.36171676362182215
1983,TEXAS,-0.15200402034223348
1984,TEXAS,5.8228185183026415
1985,TEXAS,4.475780768708693
1986,TEXAS,-2.2290183144691778
1987,TEXAS,-0.3928099751398295
1988,TEXAS,5.9885825471679865
1989,TEXAS,2.552833543324051
1990,TEXAS,3.217677588327983
1991,TEXAS,1.6159468876145944
1992,TEXAS,3.9287466412217142
1993,TEXAS,3.5955035742613273
1994,TEXAS,5.589583050719216
1995,TEXAS,5.048657658335354
1996,TEXAS,5.924933183006487
1997,TEXAS,7.983295010296065
1978,MICHIGAN,3.9878067505797476
1979,MICHIGAN,-0.860635294139922
1980,MICHIGAN,-8.998949297518744
1981,MICHIGAN,-0.04443208762616724
1982,MICHIGAN,-6.244249994620644
1983,MICHIGAN,6.847759218966298
1984,MICHIGAN,8.123858894532399
1985,MICHIGAN,4.183100338590173
1986,MICHIGAN,1.7865904561700452
1987,MICHIGAN,1.1433336379420567
1988,MICHIGAN,4.1564439834606
1989,MICHIGAN,1.5878950274350156
1990,MICHIGAN,-2.0026538675337657
1991,MICHIGAN,-1.7241927648905309
1992,MICHIGAN,4.284455919271513
1993,MICHIGAN,2.9475779265994095
1994,MICHIGAN,8.805799124185265
1995,MICHIGAN,0.2371917408697355
1996,MICHIGAN,3.5733094456448455
1997,MICHIGAN,4.695629414661129
1978,ARKANSAS,6.534163165620188
1979,ARKANSAS,1.5046569290156242
1980,ARKANSAS,-1.4605324680845078
1981,ARKANSAS,3.580353779214396
1982,ARKANSAS,-2.673933383493299
1983,ARKANSAS,3.206389958636424
1984,ARKANSAS,7.8390779181293
1985,ARKANSAS,0.995255683056051
1986,ARKANSAS,1.9635361415512254
1987,ARKANSAS,3.456944378763027
1988,ARKANSAS,3.8310157340133877
1989,ARKANSAS,1.9773670942389021
1990,ARKANSAS,1.1006139262652148
1991,ARKANSAS,4.498361657849448
1992,ARKANSAS,5.941141301308872
1993,ARKANSAS,3.036319307840185
1994,ARKANSAS,5.683071952084484
1995,ARKANSAS,4.093175865251064
1996,ARKANSAS,4.495657827104704
1997,ARKANSAS,3.4048431520079303
1978,ILLINOIS,4.257659606918396
1979,ILLINOIS,1.5946911844404
1980,ILLINOIS,-3.4463656616087968
1981,ILLINOIS,1.3197744792859734
1982,ILLINOIS,-3.506831889344475
1983,ILLINOIS,1.080412485205584
1984,ILLINOIS,7.1878585768153425
1985,ILLINOIS,2.9371085928125096
1986,ILLINOIS,2.2023664206797466
1987,ILLINOIS,3.2100341388985543
1988,ILLINOIS,5.638695283110451
1989,ILLINOIS,1.9356750696218672
1990,ILLINOIS,1.0730506719239363
1991,ILLINOIS,-0.11462541962193873
1992,ILLINOIS,3.910357325489233
1993,ILLINOIS,2.1331208221328835
1994,ILLINOIS,6.244075167059915
1995,ILLINOIS,2.724516676573052
1996,ILLINOIS,3.9603498175177165
1997,ILLINOIS,4.707111038121248
1978,VIRGINIA,4.719116674028978
1979,VIRGINIA,3.1441878148464886
1980,VIRGINIA,1.4819573491867466
1981,VIRGINIA,3.1715996800207424
1982,VIRGINIA,0.3467731322490675
1983,VIRGINIA,4.601983400382248
1984,VIRGINIA,6.865363176673878
1985,VIRGINIA,4.930436303147978
1986,VIRGINIA,5.127914785671606
1987,VIRGINIA,5.966405226455818
1988,VIRGINIA,5.198506383541823
1989,VIRGINIA,3.469364811691955
1990,VIRGINIA,1.618285676697595
1991,VIRGINIA,-0.3555617204748618
1992,VIRGINIA,1.9654097170181295
1993,VIRGINIA,2.8363670701093913
1994,VIRGINIA,4.038411009976128
1995,VIRGINIA,2.8284973272324487
1996,VIRGINIA,4.292042330460721
1997,VIRGINIA,4.292251478659215
1978,MONTANA,7.105136821891511
1979,MONTANA,0.18598178984057245
1980,MONTANA,0.2831291108811085
1981,MONTANA,3.912664220696649
1982,MONTANA,-4.421518054532059
1983,MONTANA,0.10794140323824308
1984,MONTANA,0.6107851804227238
1985,MONTANA,-2.580743935884111
1986,MONTANA,-0.7768993720575934
1987,MONTANA,0.7072320850606717
1988,MONTANA,-0.8718485240117313
1989,MONTANA,4.088544900183488
1990,MONTANA,1.76283856772681
1991,MONTANA,2.5001139671644523
1992,MONTANA,5.253125953034465
1993,MONTANA,4.337800313895923
1994,MONTANA,3.747844902398678
1995,MONTANA,0.5788405344516079
1996,MONTANA,1.6949246515341354
1997,MONTANA,3.2172239517171075
1978,WYOMING,8.856785059619954
1979,WYOMING,3.71713433034897
1980,WYOMING,8.881422956669915
1981,WYOMING,3.445119475591829
1982,WYOMING,-6.348209570839347
1983,WYOMING,-5.282006735853939
1984,WYOMING,4.804273325503194
1985,WYOMING,1.2488678057692049
1986,WYOMING,-4.620749782040101
1987,WYOMING,-2.458469120101736
1988,WYOMING,6.340604806180061
1989,WYOMING,-0.2390841238946062
1990,WYOMING,5.027422303473483
1991,WYOMING,3.2560282598679047
1992,WYOMING,1.476806697690236
1993,WYOMING,3.1988999637043936
1994,WYOMING,2.1643411272159074
1995,WYOMING,2.869891626007104
1996,WYOMING,2.763440721815358
1997,WYOMING,0.7252004008015955
1978,CONNECTICUT,5.521682527771143
1979,CONNECTICUT,3.9028417730810894
1980,CONNECTICUT,1.9450738622516894
1981,CONNECTICUT,2.334568009551896
1982,CONNECTICUT,2.5569053716384404
1983,CONNECTICUT,4.997704085032462
1984,CONNECTICUT,9.180514383894378
1985,CONNECTICUT,5.339519546814064
1986,CONNECTICUT,4.601529830081308
1987,CONNECTICUT,7.62802903577291
1988,CONNECTICUT,6.092305169574308
1989,CONNECTICUT,1.3106632192771528
1990,CONNECTICUT,0.4715318941121982
1991,CONNECTICUT,-2.4424884217614906
1992,CONNECTICUT,1.3669903963849261
1993,CONNECTICUT,-1.2661903883690262
1994,CONNECTICUT,2.2709792367129555
1995,CONNECTICUT,6.228517828291391
1996,CONNECTICUT,2.625447240934786
1997,CONNECTICUT,6.34267485793647
1978,NORTH DAKOTA,11.940852956899128
1979,NORTH DAKOTA,3.0425421698449195
1980,NORTH DAKOTA,-3.83011146284179
1981,NORTH DAKOTA,15.040308418619475
1982,NORTH DAKOTA,-3.830451915225963
1983,NORTH DAKOTA,-1.9409376153562197
1984,NORTH DAKOTA,2.3046054464278987
1985,NORTH DAKOTA,0.5880101853078301
1986,NORTH DAKOTA,-6.7683145426211455
1987,NORTH DAKOTA,2.5982892568469085
1988,NORTH DAKOTA,-8.039559128353002
1989,NORTH DAKOTA,5.906179822007829
1990,NORTH DAKOTA,3.3621034940430894
1991,NORTH DAKOTA,-0.32671792845637704
1992,NORTH DAKOTA,8.06284398774222
1993,NORTH DAKOTA,-1.3318378374565287
1994,NORTH DAKOTA,7.564112646652976
1995,NORTH DAKOTA,1.8630650510797597
1996,NORTH DAKOTA,7.71855873256162
1997,NORTH DAKOTA,-0.046037447829261335
1978,ALASKA,8.958679052517816
1979,ALASKA,4.935421104263904
1980,ALASKA,15.90266981390327
1981,ALASKA,15.26662447971907
1982,ALASKA,2.618149202028963
1983,ALASKA,-2.7152372771523714
1984,ALASKA,3.9950275151904746
1985,ALASKA,11.09753963141018
1986,ALASKA,-16.34723032265417
1987,ALASKA,18.306032824721118
1988,ALASKA,-5.696789882609554
1989,ALASKA,4.1018697429193285
1990,ALASKA,-0.7351951837987869
1991,ALASKA,-10.256356786364707
1992,ALASKA,1.2752987831798457
1993,ALASKA,-0.3934885108238029
1994,ALASKA,0.537857323843105
1995,ALASKA,5.424642678488922
1996,ALASKA,-1.2217251933281381
1997,ALASKA,1.1370970107659417
1978,MINNESOTA,5.285011032928066
1979,MINNESOTA,4.634292308646049
1980,MINNESOTA,-0.4459458689620943
1981,MINNESOTA,2.795927079291949
1982,MINNESOTA,-1.531617087934678
1983,MINNESOTA,3.3476398731858703
1984,MINNESOTA,10.451265354706308
1985,MINNESOTA,3.9620357732210065
1986,MINNESOTA,0.7915532088012212
1987,MINNESOTA,4.846250555350751
1988,MINNESOTA,4.041263733390554
1989,MINNESOTA,3.007065968100031
1990,MINNESOTA,1.0176809124047281
1991,MINNESOTA,-0.009493829011142374
1992,MINNESOTA,5.589148022847312
1993,MINNESOTA,0.2289053324215029
1994,MINNESOTA,6.018533456627395
1995,MINNESOTA,2.975538748069062
1996,MINNESOTA,6.429331418734807
1997,MINNESOTA,6.100475066139444
1978,TENNESSEE,6.613132108864095
1979,TENNESSEE,3.1745308741790046
1980,TENNESSEE,-1.3785145007069843
1981,TENNESSEE,2.8097418310325084
1982,TENNESSEE,-2.252666310271678
1983,TENNESSEE,5.455267622155158
1984,TENNESSEE,7.274297427665921
1985,TENNESSEE,3.8198230913189635
1986,TENNESSEE,3.2071893634505466
1987,TENNESSEE,7.065786599320956
1988,TENNESSEE,4.683364478852825
1989,TENNESSEE,1.0014016891310318
1990,TENNESSEE,-0.5183253438369118
1991,TENNESSEE,3.5758442650887234
1992,TENNESSEE,7.790089239378051
1993,TENNESSEE,4.36496434518634
1994,TENNESSEE,6.035164804388882
1995,TENNESSEE,3.3112718826186827
1996,TENNESSEE,3.250235771341581
1997,TENNESSEE,5.018254199703964
1978,IOWA,5.691114495165905
1979,IOWA,2.1298471349261883
1980,IOWA,-2.632474145805741
1981,IOWA,3.0324473103634064
1982,IOWA,-6.6241283928346935
1983,IOWA,-4.065012175496752
1984,IOWA,5.476422426796246
1985,IOWA,2.032856528677507
1986,IOWA,-1.3337118432540374
1987,IOWA,2.3059203323797073
1988,IOWA,5.204965296693809
1989,IOWA,3.625475166907366
1990,IOWA,2.9603069659530634
1991,IOWA,0.5642915784878966
1992,IOWA,4.768859040211115
1993,IOWA,0.0767256541871486
1994,IOWA,8.354143969249584
1995,IOWA,2.848713637661393
1996,IOWA,5.7206614607011375
1997,IOWA,5.4279810386622
1978,DELAWARE,4.363008442056793
1979,DELAWARE,0.622004877989002
1980,DELAWARE,-1.79053210472786
1981,DELAWARE,2.047042919067077
1982,DELAWARE,1.1217929240754154
1983,DELAWARE,7.925290257445727
1984,DELAWARE,7.411800080181741
1985,DELAWARE,6.229037391849812
1986,DELAWARE,2.8098907373157234
1987,DELAWARE,7.097120236190957
1988,DELAWARE,4.592937964534705
1989,DELAWARE,7.258296891420035
1990,DELAWARE,2.272826039720144
1991,DELAWARE,4.025510480001859
1992,DELAWARE,0.921665831151719
1993,DELAWARE,-0.8525371904171464
1994,DELAWARE,6.694128998738225
1995,DELAWARE,4.144376656533266
1996,DELAWARE,1.876004047920432
1997,DELAWARE,3.1052683342622123
1978,NEBRASKA,5.867500259058422
1979,NEBRASKA,2.7647905199724487
1980,NEBRASKA,-1.0721621990595898
1981,NEBRASKA,5.678543232539779
1982,NEBRASKA,-2.4100483467359934
1983,NEBRASKA,-2.4138639249172256
1984,NEBRASKA,7.515107064844773
1985,NEBRASKA,3.4541259098000543
1986,NEBRASKA,-1.7694548290176915
1987,NEBRASKA,0.25537304894991397
1988,NEBRASKA,5.685698565693675
1989,NEBRASKA,2.98698222244258
1990,NEBRASKA,4.340092969514786
1991,NEBRASKA,3.1749775065173402
1992,NEBRASKA,4.949080618833834
1993,NEBRASKA,0.33805297583677785
1994,NEBRASKA,8.07319622410918
1995,NEBRASKA,1.635139117810791
1996,NEBRASKA,5.844207451321548
1997,NEBRASKA,2.09370427568627
1978,ARIZONA,10.462245087903032
1979,ARIZONA,9.408188996201329
1980,ARIZONA,3.1042276730540053
1981,ARIZONA,2.7816474264136914
1982,ARIZONA,-2.352463221967538
1983,ARIZONA,5.715110638473386
1984,ARIZONA,10.752575081086224
1985,ARIZONA,6.369451141247584
1986,ARIZONA,5.902800277047016
1987,ARIZONA,4.152231256628514
1988,ARIZONA,4.7761221308671775
1989,ARIZONA,0.8881324423766879
1990,ARIZONA,0.7844774246613895
1991,ARIZONA,0.41602180223829777
1992,ARIZONA,10.17282154790118
1993,ARIZONA,5.133249152655006
1994,ARIZONA,9.680097433109559
1995,ARIZONA,7.603040793664828
1996,ARIZONA,7.899517494721908
1997,ARIZONA,6.958471396600441
1978,RHODE ISLAND,3.059427305067941
1979,RHODE ISLAND,3.313791620453177
1980,RHODE ISLAND,-0.4940516618101354
1981,RHODE ISLAND,2.433533329663673
1982,RHODE ISLAND,-0.3009280405822934
1983,RHODE ISLAND,2.872835267421614
1984,RHODE ISLAND,6.997762769764404
1985,RHODE ISLAND,6.523452993629331
1986,RHODE ISLAND,5.093339585085888
1987,RHODE ISLAND,4.412581631447954
1988,RHODE ISLAND,6.942821115426012
1989,RHODE ISLAND,2.6884205578188602
1990,RHODE ISLAND,-1.0589640005645773
1991,RHODE ISLAND,-3.5929782894508655
1992,RHODE ISLAND,1.4585199641668822
1993,RHODE ISLAND,1.1190602889296297
1994,RHODE ISLAND,0.8911099503379649
1995,RHODE ISLAND,2.5867398191793622
1996,RHODE ISLAND,1.7128975764081122
1997,RHODE ISLAND,6.33592902396849
1978,LOUISIANA,4.559659840714603
1979,LOUISIANA,-1.2851883943593378
1980,LOUISIANA,3.144898932600504
1981,LOUISIANA,2.682809598737168
1982,LOUISIANA,-3.795153177869226
1983,LOUISIANA,-1.137611446178055
1984,LOUISIANA,5.942806817593116
1985,LOUISIANA,1.7867848337468573
1986,LOUISIANA,-0.19917811404364105
1987,LOUISIANA,0.3983810594741177
1988,LOUISIANA,3.699026314628684
1989,LOUISIANA,-0.02311781671640034
1990,LOUISIANA,1.9935865597081825
1991,LOUISIANA,-0.19723937423881122
1992,LOUISIANA,-6.46887999229474
1993,LOUISIANA,2.2929937543291867
1994,LOUISIANA,8.414691592051327
1995,LOUISIANA,5.411371641763596
1996,LOUISIANA,0.9603326759924258
1997,LOUISIANA,3.7158950323856743
1978,OKLAHOMA,4.218881926854201
1979,OKLAHOMA,4.682006264468597
1980,OKLAHOMA,4.670151558866942
1981,OKLAHOMA,5.842617560119789
1982,OKLAHOMA,2.905508915987509
1983,OKLAHOMA,-4.75878557626176
1984,OKLAHOMA,4.721301738151817
1985,OKLAHOMA,1.6484443217182898
1986,OKLAHOMA,-5.169975727193021
1987,OKLAHOMA,-1.692471829557407
1988,OKLAHOMA,4.808220882667502
1989,OKLAHOMA,0.2736712068133862
1990,OKLAHOMA,0.5418019298040422
1991,OKLAHOMA,0.5072797551700647
1992,OKLAHOMA,2.3754293748776245
1993,OKLAHOMA,2.5141542509112824
1994,OKLAHOMA,2.3251640036969556
1995,OKLAHOMA,2.0487280732647495
1996,OKLAHOMA,4.937521400256872
1997,OKLAHOMA,4.601767400590151
1978,CALIFORNIA,6.8819033382302885
1979,CALIFORNIA,3.955272428357559
1980,CALIFORNIA,3.010554035759294
1981,CALIFORNIA,3.291988799461687
1982,CALIFORNIA,0.028615602350368086
1983,CALIFORNIA,3.578332497604997
1984,CALIFORNIA,8.028589210434745
1985,CALIFORNIA,5.122545267610534
1986,CALIFORNIA,3.783535250528769
1987,CALIFORNIA,6.169334820485117
1988,CALIFORNIA,5.662105473207957
1989,CALIFORNIA,3.7764397643445857
1990,CALIFORNIA,2.9303299871522137
1991,CALIFORNIA,-1.4336892642105026
1992,CALIFORNIA,-0.16585822027735952
1993,CALIFORNIA,-0.39941415220132725
1994,CALIFORNIA,1.8814516339710208
1995,CALIFORNIA,3.9591029049992787
1996,CALIFORNIA,4.008104194846829
1997,CALIFORNIA,6.0095809105493725
1978,GEORGIA,6.037845464353886
1979,GEORGIA,4.817026325058138
1980,GEORGIA,1.152794098574561
1981,GEORGIA,4.236533300437761
1982,GEORGIA,1.5168613140726706
1983,GEORGIA,6.506886723608529
1984,GEORGIA,9.732293833846706
1985,GEORGIA,7.498040410736184
1986,GEORGIA,5.833229219408609
1987,GEORGIA,5.046212303214559
1988,GEORGIA,4.457725541328106
1989,GEORGIA,2.026602779060549
1990,GEORGIA,1.7853200712845574
1991,GEORGIA,1.300721788513659
1992,GEORGIA,5.694483317903543
1993,GEORGIA,4.5592479866282565
1994,GEORGIA,7.217169899642029
1995,GEORGIA,5.636189274447956
1996,GEORGIA,6.696491069641075
1997,GEORGIA,5.325943802005217
1978,NORTH CAROLINA,6.280865166892502
1979,NORTH CAROLINA,2.891706420124862
1980,NORTH CAROLINA,0.40427838496530644
1981,NORTH CAROLINA,3.514701649014751
1982,NORTH CAROLINA,-2.0845560207981895
1983,NORTH CAROLINA,5.066366825098889
1984,NORTH CAROLINA,8.593553470516134
1985,NORTH CAROLINA,6.303176598723637
1986,NORTH CAROLINA,3.88583315235298
1987,NORTH CAROLINA,4.721468888790925
1988,NORTH CAROLINA,5.796263025024073
1989,NORTH CAROLINA,3.3001605795754507
1990,NORTH CAROLINA,0.649321601514985
1991,NORTH CAROLINA,0.14907619058788235
1992,NORTH CAROLINA,5.537256100868326
1993,NORTH CAROLINA,3.1861995014682565
1994,NORTH CAROLINA,7.401588084105404
1995,NORTH CAROLINA,4.901523172211797
1996,NORTH CAROLINA,3.8687064256225145
1997,NORTH CAROLINA,7.013882473685307
1978,NEW MEXICO,5.442639072033617
1979,NEW MEXICO,0.98647256571891
1980,NEW MEXICO,3.2558412882317977
1981,NEW MEXICO,1.4298259165602678
1982,NEW MEXICO,-1.641341771847482
1983,NEW MEXICO,1.6744364211315643
1984,NEW MEXICO,4.839983166670003
1985,NEW MEXICO,3.7342161701346965
1986,NEW MEXICO,-0.9360638882030203
1987,NEW MEXICO,0.18860975636976196
1988,NEW MEXICO,1.9753746528242022
1989,NEW MEXICO,2.1577651873752934
1990,NEW MEXICO,2.3460055174970185
1991,NEW MEXICO,11.370949767364102
1992,NEW MEXICO,5.865632670929832
1993,NEW MEXICO,10.656234031303802
1994,NEW MEXICO,12.191228678963228
1995,NEW MEXICO,1.6721309915251448
1996,NEW MEXICO,4.379519341024496
1997,NEW MEXICO,9.143023685950968
1978,WEST VIRGINIA,2.113775988337796
1979,WEST VIRGINIA,1.0632222977566164
1980,WEST VIRGINIA,-1.6813081849001654
1981,WEST VIRGINIA,-1.2150693225783327
1982,WEST VIRGINIA,-2.799391918331451
1983,WEST VIRGINIA,-2.673383376144034
1984,WEST VIRGINIA,5.297797495506762
1985,WEST VIRGINIA,1.1065069421751783
1986,WEST VIRGINIA,-1.4138114803417645
1987,WEST VIRGINIA,0.2113464442530244
1988,WEST VIRGINIA,7.417023098152353
1989,WEST VIRGINIA,-0.16037531062591537
1990,WEST VIRGINIA,1.7315904931268555
1991,WEST VIRGINIA,2.0303548415908645
1992,WEST VIRGINIA,2.7968748534501486
1993,WEST VIRGINIA,2.905691249775688
1994,WEST VIRGINIA,6.28832859967432
1995,WEST VIRGINIA,2.6101536562171512
1996,WEST VIRGINIA,2.2966172656840644
1997,WEST VIRGINIA,2.1732680611185273
1978,WISCONSIN,4.553510342943468
1979,WISCONSIN,3.394087063721063
1980,WISCONSIN,-1.4451525666821174
1981,WISCONSIN,0.3055201842764532
1982,WISCONSIN,-2.067014082352814
1983,WISCONSIN,1.9513392309322697
1984,WISCONSIN,6.053056016947123
1985,WISCONSIN,3.386018255898282
1986,WISCONSIN,1.603131215451703
1987,WISCONSIN,2.9068768091244257
1988,WISCONSIN,6.117984380995289
1989,WISCONSIN,2.0236626143645076
1990,WISCONSIN,1.947200684125372
1991,WISCONSIN,1.3220544768078435
1992,WISCONSIN,5.504963001527741
1993,WISCONSIN,3.8611194253217684
1994,WISCONSIN,5.296596308123669
1995,WISCONSIN,2.0855786250936648
1996,WISCONSIN,4.744952894649512
1997,WISCONSIN,4.48054521947201
1978,UTAH,7.407265644270922
1979,UTAH,5.167669104458117
1980,UTAH,2.134396578339004
1981,UTAH,3.69482915608379
1982,UTAH,-0.6164368952057298
1983,UTAH,3.436829303190736
1984,UTAH,7.753278371050731
1985,UTAH,5.710425305210731
1986,UTAH,-1.4308657755001009
1987,UTAH,0.6612909187231342
1988,UTAH,5.2977984486636265
1989,UTAH,1.2033278218342547
1990,UTAH,5.3705458408706
1991,UTAH,3.835966580738681
1992,UTAH,3.8280965015181856
1993,UTAH,4.916615694144633
1994,UTAH,8.307836854658035
1995,UTAH,7.238614246788644
1996,UTAH,9.890732144412784
1997,UTAH,4.212131679133568
1978,COLORADO,7.658912478972235
1979,COLORADO,6.474772788181693
1980,COLORADO,3.639968559291362
1981,COLORADO,4.341410276621471
1982,COLORADO,2.0347883610486894
1983,COLORADO,1.313465489181187
1984,COLORADO,5.731263809044762
1985,COLORADO,2.562786973236375
1986,COLORADO,-0.6220464027431705
1987,COLORADO,1.8049994562886695
1988,COLORADO,3.069770121288218
1989,COLORADO,1.1850256171402007
1990,COLORADO,2.341603978010931
1991,COLORADO,2.0775307114946795
1992,COLORADO,6.915943031567484
1993,COLORADO,6.592113614071549
1994,COLORADO,6.836006596002564
1995,COLORADO,5.692447857528671
1996,COLORADO,5.412996155647076
1997,COLORADO,8.168959642435446
1998,NEW HAMPSHIRE,6.573655336985129
1999,NEW HAMPSHIRE,2.999299555479684
2000,NEW HAMPSHIRE,6.960412173044861
2001,NEW HAMPSHIRE,1.5026576540083214
2002,NEW HAMPSHIRE,3.196107758456157
2003,NEW HAMPSHIRE,4.065769252756635
2004,NEW HAMPSHIRE,4.064938191418377
2005,NEW HAMPSHIRE,0.9716093813559201
2006,NEW HAMPSHIRE,2.4507030125594964
2007,NEW HAMPSHIRE,0.33829519632828653
2008,NEW HAMPSHIRE,-1.4950578577668239
2009,NEW HAMPSHIRE,-1.261424877114714
2010,NEW HAMPSHIRE,3.2332975513430506
2011,NEW HAMPSHIRE,0.6455044111206121
2012,NEW HAMPSHIRE,1.389894181538831
2013,NEW HAMPSHIRE,0.8499505825708908
2014,NEW HAMPSHIRE,1.6406993021165217
2015,NEW HAMPSHIRE,2.604477473769351
2016,NEW HAMPSHIRE,2.1234717333125985
2017,NEW HAMPSHIRE,0.7273127621574504
2018,NEW HAMPSHIRE,1.92599109669358
2019,NEW HAMPSHIRE,2.107510994961248
2020,NEW HAMPSHIRE,-2.0529908656557683
1998,PENNSYLVANIA,2.595725154628248
1999,PENNSYLVANIA,3.0242519489715347
2000,PENNSYLVANIA,2.634348577198775
2001,PENNSYLVANIA,1.5721703921118158
2002,PENNSYLVANIA,1.4243663305746779
2003,PENNSYLVANIA,2.3757066630586188
2004,PENNSYLVANIA,2.8308165670143604
2005,PENNSYLVANIA,1.8015215076866875
2006,PENNSYLVANIA,0.39742451565094594
2007,PENNSYLVANIA,3.3640412096597183
2008,PENNSYLVANIA,2.024590890248157
2009,PENNSYLVANIA,-3.1215867568507805
2010,PENNSYLVANIA,2.881006392056751
2011,PENNSYLVANIA,1.4955084724026957
2012,PENNSYLVANIA,1.6970118377558796
2013,PENNSYLVANIA,1.2352184100064445
2014,PENNSYLVANIA,2.090759185595026
2015,PENNSYLVANIA,1.9149006388627043
2016,PENNSYLVANIA,0.8635300713105032
2017,PENNSYLVANIA,0.8537836484836303
2018,PENNSYLVANIA,1.3985867928292484
2019,PENNSYLVANIA,1.7369798251570367
2020,PENNSYLVANIA,-4.523974221885374
1998,MISSOURI,1.7105156876654926
1999,MISSOURI,2.91708910011641
2000,MISSOURI,2.6227081341318126
2001,MISSOURI,-0.672439855352891
2002,MISSOURI,1.8006635387747272
2003,MISSOURI,2.117790743586956
2004,MISSOURI,2.795700286491898
2005,MISSOURI,2.307564369792403
2006,MISSOURI,0.5592035075532076
2007,MISSOURI,0.17592173671916456
2008,MISSOURI,2.146129570191335
2009,MISSOURI,-2.4142011920879503
2010,MISSOURI,1.4608283998832183
2011,MISSOURI,-0.8122766017724659
2012,MISSOURI,1.1176619107166275
2013,MISSOURI,1.1284728935596178
2014,MISSOURI,0.5394769760884488
2015,MISSOURI,1.0649422433368194
2016,MISSOURI,0.03168222584124525
2017,MISSOURI,1.0981364999792298
2018,MISSOURI,1.354092613711666
2019,MISSOURI,1.6947493156351356
2020,MISSOURI,-2.815205506769991
1998,KANSAS,3.450729141764297
1999,KANSAS,2.608436029120864
2000,KANSAS,2.7250901982334153
2001,KANSAS,0.26063202388835194
2002,KANSAS,1.6332874710153433
2003,KANSAS,1.7190929041697167
2004,KANSAS,1.0145313788946009
2005,KANSAS,3.8178565326203895
2006,KANSAS,5.175240298895201
2007,KANSAS,5.161757993932392
2008,KANSAS,1.7821400853139657
2009,KANSAS,-3.8053044071527986
2010,KANSAS,1.1146788649079697
2011,KANSAS,2.8412239027667985
2012,KANSAS,1.603961616112426
2013,KANSAS,-0.06684614527614485
2014,KANSAS,2.554765127000902
2015,KANSAS,2.38496093064664
2016,KANSAS,3.282564066379723
2017,KANSAS,1.1142826098130554
2018,KANSAS,2.2511082126455584
2019,KANSAS,0.8029889312129335
2020,KANSAS,-2.130197905761111
1998,MISSISSIPPI,2.4541478309287212
1999,MISSISSIPPI,2.8689881188537214
2000,MISSISSIPPI,0.5014947853670737
2001,MISSISSIPPI,-0.8719593539780357
2002,MISSISSIPPI,1.4430273910628122
2003,MISSISSIPPI,4.273823690800671
2004,MISSISSIPPI,2.3040516616912976
2005,MISSISSIPPI,2.4746355413589383
2006,MISSISSIPPI,2.2568520987763963
2007,MISSISSIPPI,1.2181104541350019
2008,MISSISSIPPI,1.562490644814285
2009,MISSISSIPPI,-3.711032683026516
2010,MISSISSIPPI,0.6127513505019389
2011,MISSISSIPPI,-0.08651019106278302
2012,MISSISSIPPI,1.9617157856912204
2013,MISSISSIPPI,-0.11667682113403188
2014,MISSISSIPPI,-0.04744286921714025
2015,MISSISSIPPI,0.19823779760597127
2016,MISSISSIPPI,0.769189430188777
2017,MISSISSIPPI,0.3820046950628875
2018,MISSISSIPPI,-0.5023508959378087
2019,MISSISSIPPI,0.3891962444935615
2020,MISSISSIPPI,-1.8296953167246333
1998,HAWAII,-2.507696553306016
1999,HAWAII,0.8221701026379868
2000,HAWAII,1.8941845435270555
2001,HAWAII,-0.3803825653816095
2002,HAWAII,2.356924126907156
2003,HAWAII,5.24295149392533
2004,HAWAII,5.567467171733997
2005,HAWAII,6.010603603077147
2006,HAWAII,2.4363900190543353
2007,HAWAII,1.921340095085311
2008,HAWAII,0.5428051209753537
2009,HAWAII,-3.595332440165311
2010,HAWAII,2.5035515807294573
2011,HAWAII,1.4627714959908333
2012,HAWAII,1.781685176639769
2013,HAWAII,1.6103124526286594
2014,HAWAII,0.6148101917244242
2015,HAWAII,3.2063978322024678
2016,HAWAII,1.8906148056860639
2017,HAWAII,2.1185218339566436
2018,HAWAII,1.1566778479280782
2019,HAWAII,-0.8506700294409808
2020,HAWAII,-10.799061324603343
1998,IDAHO,4.859530669722734
1999,IDAHO,9.576159998762733
2000,IDAHO,11.256069103090072
2001,IDAHO,-2.5602912756843232
2002,IDAHO,2.1098200045568616
2003,IDAHO,3.2660529402764205
2004,IDAHO,6.629254409522223
2005,IDAHO,8.159590544069207
2006,IDAHO,2.802669378869793
2007,IDAHO,1.8349802217181077
2008,IDAHO,2.7928666510996125
2009,IDAHO,-4.943831403012789
2010,IDAHO,1.6639367567973018
2011,IDAHO,-0.09539856353099063
2012,IDAHO,0.16779387973111515
2013,IDAHO,3.9560111720923885
2014,IDAHO,3.0063729564976605
2015,IDAHO,1.004259134723151
2016,IDAHO,3.801132508576255
2017,IDAHO,2.2931016050947717
2018,IDAHO,6.113570367495003
2019,IDAHO,3.990972966736739
2020,IDAHO,-0.3471696071003394
1998,VERMONT,3.1352559178828177
1999,VERMONT,5.57210561949899
2000,VERMONT,5.435589229599347
2001,VERMONT,3.1959264537207765
2002,VERMONT,3.4425994846836394
2003,VERMONT,3.6418248195978054
2004,VERMONT,5.459671940592736
2005,VERMONT,0.5228037772945227
2006,VERMONT,0.49341374149862727
2007,VERMONT,-0.8924095426262824
2008,VERMONT,3.2421234290560097
2009,VERMONT,-1.9323880338924515
2010,VERMONT,4.3409742120343875
2011,VERMONT,2.1469033963885
2012,VERMONT,0.7851517397073682
2013,VERMONT,-1.9144155697592091
2014,VERMONT,0.8043512368600014
2015,VERMONT,0.7152689867945039
2016,VERMONT,0.9928225557196191
2017,VERMONT,0.31555931869111653
2018,VERMONT,0.3915134792497943
2019,VERMONT,0.96703177968962
2020,VERMONT,-4.194590473132953
1998,INDIANA,6.025447761226244
1999,INDIANA,3.424636624623445
2000,INDIANA,3.9484165403330884
2001,INDIANA,-1.7593783471785973
2002,INDIANA,2.2623776952521046
2003,INDIANA,4.449488609361918
2004,INDIANA,3.7900917764862374
2005,INDIANA,0.9289918962204435
2006,INDIANA,1.992400324873711
2007,INDIANA,2.6925559086118156
2008,INDIANA,-1.0270459939418553
2009,INDIANA,-7.124440046703462
2010,INDIANA,6.4383782667974065
2011,INDIANA,0.5200369860845155
2012,INDIANA,0.48464461679671444
2013,INDIANA,2.2512103433484976
2014,INDIANA,3.092953604719617
2015,INDIANA,-0.957090198309174
2016,INDIANA,1.8646303185454016
2017,INDIANA,1.9524939651409667
2018,INDIANA,3.4703661317750267
2019,INDIANA,0.3560733870068278
2020,INDIANA,-2.508289490678439
1998,ALABAMA,3.5065452743645142
1999,ALABAMA,3.564928908685139
2000,ALABAMA,1.498448678568498
2001,ALABAMA,-0.23412858181428575
2002,ALABAMA,2.2755034643857863
2003,ALABAMA,2.9374326777308113
2004,ALABAMA,6.95813781113237
2005,ALABAMA,4.384713375796179
2006,ALABAMA,1.5736333829619253
2007,ALABAMA,0.9247036911253614
2008,ALABAMA,-1.0877104800200987
2009,ALABAMA,-3.3375823162430818
2010,ALABAMA,2.2108692957446996
2011,ALABAMA,1.5719340950631988
2012,ALABAMA,0.874013489988057
2013,ALABAMA,1.1225101785775626
2014,ALABAMA,-0.7752006847475457
2015,ALABAMA,0.7630355639137942
2016,ALABAMA,1.5410651045913104
2017,ALABAMA,1.6896931190351516
2018,ALABAMA,1.637068208897663
2019,ALABAMA,1.2863488161656722
2020,ALABAMA,-3.1850112029516486
1998,MARYLAND,4.789441421697593
1999,MARYLAND,3.94285921355062
2000,MARYLAND,4.077881286361862
2001,MARYLAND,4.291233819446116
2002,MARYLAND,3.416587358607659
2003,MARYLAND,2.9074006427368237
2004,MARYLAND,4.29436787721138
2005,MARYLAND,3.918912680865616
2006,MARYLAND,1.3702485508548357
2007,MARYLAND,0.31449266025733724
2008,MARYLAND,2.6085244353977854
2009,MARYLAND,-1.0850889700518618
2010,MARYLAND,4.505492670123101
2011,MARYLAND,2.1721444867177198
2012,MARYLAND,0.02595979030024509
2013,MARYLAND,0.524895232968503
2014,MARYLAND,1.5962298616472914
2015,MARYLAND,2.5168092540560405
2016,MARYLAND,3.4267236303244797
2017,MARYLAND,1.8324992640565307
2018,MARYLAND,0.535452526109248
2019,MARYLAND,0.26583920146243667
2020,MARYLAND,-4.483313984837023
1998,KENTUCKY,2.9016644508568
1999,KENTUCKY,3.2081706178237246
2000,KENTUCKY,-2.6453057775292943
2001,KENTUCKY,0.22390163114185402
2002,KENTUCKY,2.5090509851858345
2003,KENTUCKY,2.7928495752162386
2004,KENTUCKY,2.912292456816279
2005,KENTUCKY,3.966044377717104
2006,KENTUCKY,2.6156047161969065
2007,KENTUCKY,-0.7118389914020362
2008,KENTUCKY,-0.3424168598447297
2009,KENTUCKY,-4.088312474361377
2010,KENTUCKY,4.244584119656247
2011,KENTUCKY,1.1308544534155418
2012,KENTUCKY,1.3647022139425813
2013,KENTUCKY,1.8873527382669009
2014,KENTUCKY,-0.01878726807228448
2015,KENTUCKY,0.7958261283571355
2016,KENTUCKY,0.6554921384679391
2017,KENTUCKY,0.951307606658891
2018,KENTUCKY,1.1928454024797475
2019,KENTUCKY,1.739598774162121
2020,KENTUCKY,-3.041668517497531
1998,OREGON,4.760379958482686
1999,OREGON,2.2134010566580598
2000,OREGON,8.412077715497656
2001,OREGON,-0.8984676922808243
2002,OREGON,2.0316363617669753
2003,OREGON,4.225289259172604
2004,OREGON,4.971105531108533
2005,OREGON,4.0541153978490785
2006,OREGON,5.022527335654159
2007,OREGON,1.7265356348189487
2008,OREGON,2.7361427808002547
2009,OREGON,-4.649406532890543
2010,OREGON,2.239390263352492
2011,OREGON,2.7167708616471886
2012,OREGON,0.44830718447785856
2013,OREGON,0.757569683467807
2014,OREGON,3.0049939238509182
2015,OREGON,4.815070692846168
2016,OREGON,4.281626668561933
2017,OREGON,3.8699147260718325
2018,OREGON,4.599873241024799
2019,OREGON,1.9745475092096676
2020,OREGON,-3.01127959675237
1998,NEVADA,5.314750192168427
1999,NEVADA,7.100138582570703
2000,NEVADA,4.18236850644067
2001,NEVADA,0.9465576880477666
2002,NEVADA,3.57602032347637
2003,NEVADA,4.370177621083471
2004,NEVADA,10.45340115931066
2005,NEVADA,7.997763214938702
2006,NEVADA,3.969418684476933
2007,NEVADA,0.7973862518019903
2008,NEVADA,-2.8818149834394013
2009,NEVADA,-8.369095032517782
2010,NEVADA,1.2375888266884294
2011,NEVADA,0.6697301977071302
2012,NEVADA,-1.0596956798846757
2013,NEVADA,0.3155137654480056
2014,NEVADA,0.9069471457567646
2015,NEVADA,4.16356627404364
2016,NEVADA,2.7384460576439507
2017,NEVADA,4.011030745025024
2018,NEVADA,3.4397415509550777
2019,NEVADA,4.058878016025291
2020,NEVADA,-7.4027857128282415
1998,WASHINGTON,6.243283922664711
1999,WASHINGTON,7.19712123477958
2000,WASHINGTON,0.7316406079310722
2001,WASHINGTON,-2.421548928874062
2002,WASHINGTON,1.287368222085683
2003,WASHINGTON,1.616863339740271
2004,WASHINGTON,2.3331789078707033
2005,WASHINGTON,6.434006807589454
2006,WASHINGTON,3.770400789594275
2007,WASHINGTON,5.63802940298106
2008,WASHINGTON,2.173022927772794
2009,WASHINGTON,-2.9251496040152203
2010,WASHINGTON,2.932133704151396
2011,WASHINGTON,1.7731984739737028
2012,WASHINGTON,3.2973715728782604
2013,WASHINGTON,2.5823994471333878
2014,WASHINGTON,3.3084846713310245
2015,WASHINGTON,4.119160096082708
2016,WASHINGTON,3.69082984332465
2017,WASHINGTON,5.359423982431077
2018,WASHINGTON,6.794565557104559
2019,WASHINGTON,3.9467455242607086
2020,WASHINGTON,-0.5818495262420842
1998,MAINE,2.7897965171788996
1999,MAINE,5.009492480777178
2000,MAINE,4.614315856694717
2001,MAINE,2.022676747054053
2002,MAINE,2.909583392290438
2003,MAINE,2.5523272258713314
2004,MAINE,3.91918758547245
2005,MAINE,1.2365452668829269
2006,MAINE,0.9494437151923663
2007,MAINE,-0.15960785162421054
2008,MAINE,-1.2752913209742034
2009,MAINE,-1.8732423486704564
2010,MAINE,1.2584350952170587
2011,MAINE,-0.9501887487340044
2012,MAINE,-0.20320139805537485
2013,MAINE,-0.8207944530241429
2014,MAINE,1.5004010210540875
2015,MAINE,0.717829523353064
2016,MAINE,2.0938598973281097
2017,MAINE,1.9746100990904347
2018,MAINE,2.6758390896287843
2019,MAINE,2.1573150357174775
2020,MAINE,-1.1384075418237716
1998,MASSACHUSETTS,4.068457053799146
1999,MASSACHUSETTS,5.257105202096368
2000,MASSACHUSETTS,7.9972907304925345
2001,MASSACHUSETTS,1.2683684168641074
2002,MASSACHUSETTS,-0.02266562033487185
2003,MASSACHUSETTS,1.772235546425982
2004,MASSACHUSETTS,2.7313002395073838
2005,MASSACHUSETTS,2.035790813749183
2006,MASSACHUSETTS,2.2575545464299074
2007,MASSACHUSETTS,2.752064414902522
2008,MASSACHUSETTS,2.091106467871273
2009,MASSACHUSETTS,-1.8558521777335968
2010,MASSACHUSETTS,4.560954335203915
2011,MASSACHUSETTS,2.043670546723786
2012,MASSACHUSETTS,1.938436504950003
2013,MASSACHUSETTS,0.4418661830243975
2014,MASSACHUSETTS,1.5048980160674796
2015,MASSACHUSETTS,3.652155850413963
2016,MASSACHUSETTS,1.55708370427865
2017,MASSACHUSETTS,1.9069778205066168
2018,MASSACHUSETTS,3.8274095411815257
2019,MASSACHUSETTS,2.9372052291828377
2020,MASSACHUSETTS,-3.6988791971677704
1998,FLORIDA,5.031284984261486
1999,FLORIDA,4.637561021323
2000,FLORIDA,4.464937320211915
2001,FLORIDA,2.7930715680926532
2002,FLORIDA,4.437157113460111
2003,FLORIDA,4.695901584697393
2004,FLORIDA,6.4739273050197665
2005,FLORIDA,6.0607002231712
2006,FLORIDA,2.9675547510664257
2007,FLORIDA,1.200623169712789
2008,FLORIDA,-3.9972302760100997
2009,FLORIDA,-5.760423551797378
2010,FLORIDA,0.7773634630590553
2011,FLORIDA,-0.3894253131614511
2012,FLORIDA,0.8450155455555386
2013,FLORIDA,2.0932765607639903
2014,FLORIDA,2.8170878215937556
2015,FLORIDA,4.283830753389339
2016,FLORIDA,3.43761352403964
2017,FLORIDA,3.565014465607419
2018,FLORIDA,3.3404522533254877
2019,FLORIDA,2.9843023057386064
2020,FLORIDA,-2.842512786902518
1998,OHIO,3.411150556717568
1999,OHIO,2.4121453982173024
2000,OHIO,2.1342987521550505
2001,OHIO,-1.369077547332176
2002,OHIO,2.0374871065253597
2003,OHIO,1.3101513886466742
2004,OHIO,2.716701215564732
2005,OHIO,2.2289625637048394
2006,OHIO,-0.08509645333147908
2007,OHIO,0.2245995951267954
2008,OHIO,-1.75684749290006
2009,OHIO,-4.849456578098055
2010,OHIO,2.524651397589217
2011,OHIO,3.2827244735193606
2012,OHIO,0.8425844108856939
2013,OHIO,1.9185689305220688
2014,OHIO,3.2303237713060096
2015,OHIO,0.8141205016772624
2016,OHIO,0.8800170820748132
2017,OHIO,1.163206075078116
2018,OHIO,1.3844018059416596
2019,OHIO,2.041801778576713
2020,OHIO,-3.476764464388049
1998,DISTRICT OF COLUMBIA,1.7371163142618329
1999,DISTRICT OF COLUMBIA,4.361049272050277
2000,DISTRICT OF COLUMBIA,0.7075588570511604
2001,DISTRICT OF COLUMBIA,3.6140442547029528
2002,DISTRICT OF COLUMBIA,3.0537976293719904
2003,DISTRICT OF COLUMBIA,1.9524585397431515
2004,DISTRICT OF COLUMBIA,4.888561250955115
2005,DISTRICT OF COLUMBIA,2.069697886901256
2006,DISTRICT OF COLUMBIA,0.32649549108521025
2007,DISTRICT OF COLUMBIA,2.9389161919934237
2008,DISTRICT OF COLUMBIA,3.9227671753681914
2009,DISTRICT OF COLUMBIA,-0.8195270345578209
2010,DISTRICT OF COLUMBIA,3.8648118541294796
2011,DISTRICT OF COLUMBIA,1.5092761384351672
2012,DISTRICT OF COLUMBIA,0.4572467565037819
2013,DISTRICT OF COLUMBIA,0.15638792050429728
2014,DISTRICT OF COLUMBIA,1.9773458058405247
2015,DISTRICT OF COLUMBIA,1.968336219900535
2016,DISTRICT OF COLUMBIA,2.4278219717075222
2017,DISTRICT OF COLUMBIA,1.0486082496198978
2018,DISTRICT OF COLUMBIA,2.429467927334339
2019,DISTRICT OF COLUMBIA,0.9320383959120049
2020,DISTRICT OF COLUMBIA,-2.11872441301445
1998,SOUTH CAROLINA,3.653871726696578
1999,SOUTH CAROLINA,4.714595026170687
2000,SOUTH CAROLINA,2.773359323880742
2001,SOUTH CAROLINA,0.5724031742902813
2002,SOUTH CAROLINA,2.8203652727957884
2003,SOUTH CAROLINA,3.860374264772637
2004,SOUTH CAROLINA,1.7449694393167237
2005,SOUTH CAROLINA,3.2941175036597325
2006,SOUTH CAROLINA,2.2906568882254508
2007,SOUTH CAROLINA,2.9438042947230514
2008,SOUTH CAROLINA,-1.0684993831054923
2009,SOUTH CAROLINA,-4.369884395551626
2010,SOUTH CAROLINA,1.942058065119845
2011,SOUTH CAROLINA,2.296041968035989
2012,SOUTH CAROLINA,0.8716902009958893
2013,SOUTH CAROLINA,1.8373690519153163
2014,SOUTH CAROLINA,2.82245402517447
2015,SOUTH CAROLINA,3.2437768466488714
2016,SOUTH CAROLINA,3.117281073472089
2017,SOUTH CAROLINA,2.266904437599515
2018,SOUTH CAROLINA,2.606690657465438
2019,SOUTH CAROLINA,2.2669484489540537
2020,SOUTH CAROLINA,-1.88358775392643
1998,NEW YORK,1.989572691861996
1999,NEW YORK,5.423474249585292
2000,NEW YORK,3.8855834700480374
2001,NEW YORK,1.8866894917927146
2002,NEW YORK,-0.5970195392787647
2003,NEW YORK,0.40340792593560604
2004,NEW YORK,3.0174324433954514
2005,NEW YORK,2.1646234314761648
2006,NEW YORK,2.5995407099942636
2007,NEW YORK,0.7744416656403796
2008,NEW YORK,-1.5293928020066239
2009,NEW YORK,3.410810139041831
2010,NEW YORK,3.8023525840306993
2011,NEW YORK,0.1612801209393444
2012,NEW YORK,3.806593857996443
2013,NEW YORK,0.08603908875961519
2014,NEW YORK,1.8079230087071574
2015,NEW YORK,1.4949345741690934
2016,NEW YORK,2.1539439286626827
2017,NEW YORK,1.1653894353066185
2018,NEW YORK,2.70587797717583
2019,NEW YORK,2.519938671976951
2020,NEW YORK,-4.990538800018507
1998,NEW JERSEY,1.7749179113376812
1999,NEW JERSEY,3.300112555470469
2000,NEW JERSEY,5.259269331579275
2001,NEW JERSEY,1.1008705697532317
2002,NEW JERSEY,1.6869740401458833
2003,NEW JERSEY,2.0728882337636367
2004,NEW JERSEY,0.7159237806079854
2005,NEW JERSEY,1.9366970319031562
2006,NEW JERSEY,1.7300239596908629
2007,NEW JERSEY,0.8161509200834249
2008,NEW JERSEY,2.611469455745974
2009,NEW JERSEY,-5.1731763471526975
2010,NEW JERSEY,1.3943356495315085
2011,NEW JERSEY,-1.228581452407096
2012,NEW JERSEY,1.8896423196034684
2013,NEW JERSEY,1.2625583458801604
2014,NEW JERSEY,-0.2977512278371508
2015,NEW JERSEY,1.4913445215930965
2016,NEW JERSEY,0.9626501333984683
2017,NEW JERSEY,0.37188679375756983
2018,NEW JERSEY,2.4242656715423028
2019,NEW JERSEY,2.141257979746025
2020,NEW JERSEY,-4.636154454591212
1998,SOUTH DAKOTA,5.968450415210502
1999,SOUTH DAKOTA,3.8690791364729638
2000,SOUTH DAKOTA,7.000953996955928
2001,SOUTH DAKOTA,0.2351451876907884
2002,SOUTH DAKOTA,11.304285830685256
2003,SOUTH DAKOTA,0.592345866542221
2004,SOUTH DAKOTA,3.913084347359397
2005,SOUTH DAKOTA,4.588906786189506
2006,SOUTH DAKOTA,1.4189977177740287
2007,SOUTH DAKOTA,3.8653894824873136
2008,SOUTH DAKOTA,3.509120428860135
2009,SOUTH DAKOTA,2.3195533356533238
2010,SOUTH DAKOTA,0.9560535470011677
2011,SOUTH DAKOTA,6.638411081605966
2012,SOUTH DAKOTA,1.979117062915936
2013,SOUTH DAKOTA,0.5601175358473043
2014,SOUTH DAKOTA,1.5835587146694863
2015,SOUTH DAKOTA,1.8239996432274586
2016,SOUTH DAKOTA,0.9011376452167541
2017,SOUTH DAKOTA,-0.4292907370431531
2018,SOUTH DAKOTA,1.2552802856258483
2019,SOUTH DAKOTA,0.40233262510736
2020,SOUTH DAKOTA,0.08940631633111984
1998,TEXAS,6.297319794874245
1999,TEXAS,3.8848511387794993
2000,TEXAS,3.5514853046219264
2001,TEXAS,2.4985004939431343
2002,TEXAS,2.256565116941278
2003,TEXAS,0.6748489243957323
2004,TEXAS,5.603186112745617
2005,TEXAS,2.8749311612588535
2006,TEXAS,7.637603705079243
2007,TEXAS,4.692159593692469
2008,TEXAS,-0.31908126985948915
2009,TEXAS,-0.3738664883326748
2010,TEXAS,2.5575133207244027
2011,TEXAS,3.3312406524034666
2012,TEXAS,4.992588654672403
2013,TEXAS,4.469525009532571
2014,TEXAS,3.0253247777110026
2015,TEXAS,4.9871696648788655
2016,TEXAS,0.8750535602521703
2017,TEXAS,2.7324414480359938
2018,TEXAS,3.9098291480355485
2019,TEXAS,3.240139604389447
2020,TEXAS,-2.856454864424973
1998,MICHIGAN,2.2865700441715875
1999,MICHIGAN,5.882158819223959
2000,MICHIGAN,1.9834570803761054
2001,MICHIGAN,-3.0471386691444002
2002,MICHIGAN,2.7520376228642895
2003,MICHIGAN,1.568215544701923
2004,MICHIGAN,1.1802263124131906
2005,MICHIGAN,1.8377400346589523
2006,MICHIGAN,-1.593436725958064
2007,MICHIGAN,-0.646943949530232
2008,MICHIGAN,-5.810402753638499
2009,MICHIGAN,-8.987229615130632
2010,MICHIGAN,5.501068669136977
2011,MICHIGAN,2.6266838422638994
2012,MICHIGAN,1.893960578004128
2013,MICHIGAN,1.4304532481395293
2014,MICHIGAN,1.3004690981150313
2015,MICHIGAN,2.1915060375784057
2016,MICHIGAN,1.9137906483365663
2017,MICHIGAN,1.2026082119678483
2018,MICHIGAN,2.1988361274531965
2019,MICHIGAN,-0.11333166891249746
2020,MICHIGAN,-4.626062646666973
1998,ARKANSAS,2.421543562957096
1999,ARKANSAS,5.373485884016693
2000,ARKANSAS,0.848901197551033
2001,ARKANSAS,-0.09202006860891121
2002,ARKANSAS,3.521032643196831
2003,ARKANSAS,4.296910721297897
2004,ARKANSAS,4.940043014301998
2005,ARKANSAS,4.174038862283447
2006,ARKANSAS,2.340630307605207
2007,ARKANSAS,-0.7878436962362345
2008,ARKANSAS,-0.9939956935526961
2009,ARKANSAS,-3.3227109957620127
2010,ARKANSAS,2.5878524145457105
2011,ARKANSAS,2.1488330714921178
2012,ARKANSAS,0.5184721932689484
2013,ARKANSAS,2.083377499375527
2014,ARKANSAS,0.8867527927160168
2015,ARKANSAS,0.5517543820395598
2016,ARKANSAS,0.3979492839405241
2017,ARKANSAS,0.9637573682535372
2018,ARKANSAS,1.8021656896594296
2019,ARKANSAS,0.7359993651757435
2020,ARKANSAS,-1.581801321849552
1998,ILLINOIS,3.2745987638587604
1999,ILLINOIS,3.7830762716502875
2000,ILLINOIS,3.652035660045394
2001,ILLINOIS,0.24489506704452602
2002,ILLINOIS,0.8135390028686462
2003,ILLINOIS,1.667830598633735
2004,ILLINOIS,2.8084633352336352
2005,ILLINOIS,1.6106094819799743
2006,ILLINOIS,2.489579131565689
2007,ILLINOIS,1.1055469450969468
2008,ILLINOIS,-0.8424267751190762
2009,ILLINOIS,-2.6118127725576756
2010,ILLINOIS,1.4558511743617997
2011,ILLINOIS,1.8768523170829
2012,ILLINOIS,2.125130433242206
2013,ILLINOIS,-0.03773407758902447
2014,ILLINOIS,2.0752625236701627
2015,ILLINOIS,1.4248496345086403
2016,ILLINOIS,-0.3220996630683759
2017,ILLINOIS,0.8355692091705391
2018,ILLINOIS,2.444471884199295
2019,ILLINOIS,0.463630315283603
2020,ILLINOIS,-5.144988682624585
1998,VIRGINIA,5.408997589005571
1999,VIRGINIA,5.484859929353747
2000,VIRGINIA,4.799934290750785
2001,VIRGINIA,3.523729139572862
2002,VIRGINIA,1.2011333298761473
2003,VIRGINIA,3.505142322249255
2004,VIRGINIA,4.028737400185012
2005,VIRGINIA,4.871796372638859
2006,VIRGINIA,1.8894178525477479
2007,VIRGINIA,1.2072529012510103
2008,VIRGINIA,1.4771985188479775
2009,VIRGINIA,-0.827379830141084
2010,VIRGINIA,3.178658941949819
2011,VIRGINIA,0.6902328516026568
2012,VIRGINIA,0.37939354652838375
2013,VIRGINIA,0.6929109705148484
2014,VIRGINIA,-0.30857530711672077
2015,VIRGINIA,1.6718039144644425
2016,VIRGINIA,1.0553156411865272
2017,VIRGINIA,1.4694570770261706
2018,VIRGINIA,2.377203868318123
2019,VIRGINIA,1.9739240609116582
2020,VIRGINIA,-2.757117678012755
1998,MONTANA,4.459668812614037
1999,MONTANA,0.3918608943260793
2000,MONTANA,2.5599695351150364
2001,MONTANA,0.9330657371219298
2002,MONTANA,3.079669928898987
2003,MONTANA,4.020465362404901
2004,MONTANA,5.081557504325573
2005,MONTANA,5.193843832855793
2006,MONTANA,3.220696796427447
2007,MONTANA,4.823265314586722
2008,MONTANA,0.08111122376557311
2009,MONTANA,-2.366379960020848
2010,MONTANA,3.240166627017649
2011,MONTANA,2.652370341498811
2012,MONTANA,1.1109068027519653
2013,MONTANA,1.4815462118188183
2014,MONTANA,2.0035747366657253
2015,MONTANA,3.5743375976234892
2016,MONTANA,-2.1123146024843664
2017,MONTANA,3.3163954200122303
2018,MONTANA,1.5325470208340075
2019,MONTANA,0.37306308606195326
2020,MONTANA,-1.3462853723176904
1998,WYOMING,2.2840270349314906
1999,WYOMING,4.180506376711679
2000,WYOMING,3.1480165578226638
2001,WYOMING,6.180061964643713
2002,WYOMING,2.219666672388043
2003,WYOMING,3.0093595413925645
2004,WYOMING,3.333528943833697
2005,WYOMING,5.642090251990006
2006,WYOMING,12.929757496117556
2007,WYOMING,7.454500256522811
2008,WYOMING,5.503024694700254
2009,WYOMING,-3.0834044816437256
2010,WYOMING,-3.5858702559066535
2011,WYOMING,-0.7207301668139543
2012,WYOMING,-2.294564208821692
2013,WYOMING,-0.014927140114384674
2014,WYOMING,1.8270458383097932
2015,WYOMING,2.1709126023144787
2016,WYOMING,-5.516079389977779
2017,WYOMING,-1.9890700652287152
2018,WYOMING,1.4929560155066524
2019,WYOMING,1.6860631938064419
2020,WYOMING,-6.139783164718193
1998,CONNECTICUT,3.0822138905903795
1999,CONNECTICUT,3.0350662530022943
2000,CONNECTICUT,6.822724988225937
2001,CONNECTICUT,0.9149342886856537
2002,CONNECTICUT,-0.668209134422526
2003,CONNECTICUT,1.1576179736078052
2004,CONNECTICUT,6.496993421112651
2005,CONNECTICUT,2.1946951181635255
2006,CONNECTICUT,4.059660573591639
2007,CONNECTICUT,3.9153411018161055
2008,CONNECTICUT,-0.07637050160300696
2009,CONNECTICUT,-4.989718959015499
2010,CONNECTICUT,-0.22050293452655634
2011,CONNECTICUT,-2.3786323733490766
2012,CONNECTICUT,0.993324457203415
2013,CONNECTICUT,-2.017874584028434
2014,CONNECTICUT,-0.11425516393519519
2015,CONNECTICUT,2.937303233637678
2016,CONNECTICUT,0.23905416624607767
2017,CONNECTICUT,1.6736632129910944
2018,CONNECTICUT,1.0671151385539535
2019,CONNECTICUT,0.598804550914589
2020,CONNECTICUT,-6.205488695405991
1998,NORTH DAKOTA,5.629743319754987
1999,NORTH DAKOTA,0.4046479604982389
2000,NORTH DAKOTA,3.9346758824939876
2001,NORTH DAKOTA,0.8253055937828879
2002,NORTH DAKOTA,5.543579058928372
2003,NORTH DAKOTA,6.008185372830055
2004,NORTH DAKOTA,1.4843705149549136
2005,NORTH DAKOTA,3.7515777415579876
2006,NORTH DAKOTA,4.242261085288224
2007,NORTH DAKOTA,4.68157998829688
2008,NORTH DAKOTA,6.977034682189243
2009,NORTH DAKOTA,2.8841326000397016
2010,NORTH DAKOTA,7.583616120575165
2011,NORTH DAKOTA,11.666473262793687
2012,NORTH DAKOTA,22.417620829082097
2013,NORTH DAKOTA,2.0446591527339963
2014,NORTH DAKOTA,9.259553357382156
2015,NORTH DAKOTA,-2.158851012285856
2016,NORTH DAKOTA,-6.309955007215828
2017,NORTH DAKOTA,2.092512260592816
2018,NORTH DAKOTA,3.3298756912972793
2019,NORTH DAKOTA,0.6495598024479188
2020,NORTH DAKOTA,-2.9617579604245603
1998,ALASKA,-2.6424203945389024
1999,ALASKA,-1.2298063797118508
2000,ALASKA,-2.9166923294859703
2001,ALASKA,3.9386803225855527
2002,ALASKA,4.932529596886637
2003,ALASKA,-1.4511738290793108
2004,ALASKA,4.0129570561417305
2005,ALASKA,3.636590625354663
2006,ALASKA,7.7383364252219256
2007,ALASKA,5.144927241605046
2008,ALASKA,-0.9065950000966772
2009,ALASKA,9.683505651475755
2010,ALASKA,-2.870403147908651
2011,ALASKA,1.2431892896715313
2012,ALASKA,5.4328576364455206
2013,ALASKA,-5.025942117508175
2014,ALASKA,-2.1066114104956735
2015,ALASKA,1.0197792139248207
2016,ALASKA,-0.9028001052231671
2017,ALASKA,-0.21586606349521809
2018,ALASKA,-1.6255461439695584
2019,ALASKA,0.16319371413118233
2020,ALASKA,-5.953708998528217
1998,MINNESOTA,5.309438247957421
1999,MINNESOTA,3.7618737830001248
2000,MINNESOTA,6.780121869399536
2001,MINNESOTA,-0.08200075382582828
2002,MINNESOTA,2.374399937964311
2003,MINNESOTA,4.216335593091958
2004,MINNESOTA,4.313274347673168
2005,MINNESOTA,3.2939456764604413
2006,MINNESOTA,-0.08955268976018615
2007,MINNESOTA,0.6741636249832927
2008,MINNESOTA,0.7409730799107894
2009,MINNESOTA,-3.7883909817814643
2010,MINNESOTA,3.4761099425177022
2011,MINNESOTA,2.3135396275198117
2012,MINNESOTA,1.5470932306544283
2013,MINNESOTA,2.399403610049755
2014,MINNESOTA,2.8167866065395897
2015,MINNESOTA,1.5351905640175412
2016,MINNESOTA,1.6045431797742982
2017,MINNESOTA,1.4399270685488297
2018,MINNESOTA,2.990117619284205
2019,MINNESOTA,0.47438220867324077
2020,MINNESOTA,-3.967537156337697
1998,TENNESSEE,6.206877889148799
1999,TENNESSEE,3.2114157845401614
2000,TENNESSEE,1.2285205954552625
2001,TENNESSEE,-0.15817247259898304
2002,TENNESSEE,3.260678129519534
2003,TENNESSEE,3.32906312235004
2004,TENNESSEE,4.642565397210707
2005,TENNESSEE,3.008288125087555
2006,TENNESSEE,2.4171760900206785
2007,TENNESSEE,-0.6021554195443035
2008,TENNESSEE,0.4930386788861707
2009,TENNESSEE,-3.581585971720991
2010,TENNESSEE,1.4024101646501475
2011,TENNESSEE,3.147143339276104
2012,TENNESSEE,3.4103495759995717
2013,TENNESSEE,1.2059376653401621
2014,TENNESSEE,1.4960596229191214
2015,TENNESSEE,3.5202449528286994
2016,TENNESSEE,1.8585529232715503
2017,TENNESSEE,2.666123261770692
2018,TENNESSEE,1.3305089004183257
2019,TENNESSEE,2.003139639576812
2020,TENNESSEE,-3.8850955116744523
1998,IOWA,0.7040351382030741
1999,IOWA,2.1348545062820357
2000,IOWA,4.635308050771081
2001,IOWA,-1.2092759271744247
2002,IOWA,2.36480259826084
2003,IOWA,4.593822132034364
2004,IOWA,8.54187619172424
2005,IOWA,3.285656827746619
2006,IOWA,1.3681262549515072
2007,IOWA,4.303153826576045
2008,IOWA,-1.9497349893825677
2009,IOWA,-2.467684449171148
2010,IOWA,2.7127678495691754
2011,IOWA,1.5230265523975106
2012,IOWA,4.003799647325534
2013,IOWA,-0.036331891831886676
2014,IOWA,5.135259286929417
2015,IOWA,2.7051504268415627
2016,IOWA,-0.43090929809234124
2017,IOWA,-0.1211345091910232
2018,IOWA,1.6139713378621856
2019,IOWA,-0.01353153367790183
2020,IOWA,-2.015950863474958
1998,DELAWARE,9.68723426003859
1999,DELAWARE,7.539313522741464
2000,DELAWARE,4.26556187968663
2001,DELAWARE,3.222800273031745
2002,DELAWARE,-3.1490748243613864
2003,DELAWARE,1.3540404531746209
2004,DELAWARE,4.834031413612561
2005,DELAWARE,-1.2232415902140747
2006,DELAWARE,2.1727442946923636
2007,DELAWARE,-0.24148732438972198
2008,DELAWARE,-3.0130014435025054
2009,DELAWARE,4.879321191290864
2010,DELAWARE,-1.5288282884438176
2011,DELAWARE,3.86630613498149
2012,DELAWARE,-0.8974988596503808
2013,DELAWARE,-3.397985072472598
2014,DELAWARE,7.8098074566951725
2015,DELAWARE,2.8540146997001914
2016,DELAWARE,-5.677498558991512
2017,DELAWARE,-3.4921501619807893
2018,DELAWARE,1.53598942126143
2019,DELAWARE,4.093781333471558
2020,DELAWARE,-3.4331117418583856
1998,NEBRASKA,2.381821409550877
1999,NEBRASKA,2.1308205344460207
2000,NEBRASKA,3.724786317821094
2001,NEBRASKA,2.373766009629663
2002,NEBRASKA,1.277677795983423
2003,NEBRASKA,5.801353375482132
2004,NEBRASKA,2.642608086347331
2005,NEBRASKA,3.8633702032049078
2006,NEBRASKA,2.8256918947789034
2007,NEBRASKA,2.26291941759309
2008,NEBRASKA,-0.07485826976236787
2009,NEBRASKA,0.14609896579835802
2010,NEBRASKA,3.712054787523833
2011,NEBRASKA,5.254442313789087
2012,NEBRASKA,0.13500683319784823
2013,NEBRASKA,1.902246658340312
2014,NEBRASKA,3.1111960259839533
2015,NEBRASKA,3.2099339613551603
2016,NEBRASKA,1.086161317396983
2017,NEBRASKA,1.6600436012307762
2018,NEBRASKA,2.1169470191097384
2019,NEBRASKA,1.1822480590978568
2020,NEBRASKA,-0.5255037557117759
1998,ARIZONA,8.70007980580587
1999,ARIZONA,8.54329579565225
2000,ARIZONA,4.90166326203485
2001,ARIZONA,2.26766040026003
2002,ARIZONA,3.5326895164430328
2003,ARIZONA,6.057725376047762
2004,ARIZONA,4.379706740708489
2005,ARIZONA,7.371029394971207
2006,ARIZONA,4.518576122839524
2007,ARIZONA,3.3085271905912705
2008,ARIZONA,-0.8616395299288038
2009,ARIZONA,-8.301553256097261
2010,ARIZONA,1.0907248003386494
2011,ARIZONA,2.2259861525098623
2012,ARIZONA,2.006189367590938
2013,ARIZONA,0.7522472737990116
2014,ARIZONA,1.2677255789139918
2015,ARIZONA,2.0321799436646915
2016,ARIZONA,3.078169843971734
2017,ARIZONA,3.8383631699506315
2018,ARIZONA,3.690891285128317
2019,ARIZONA,3.276462787454948
2020,ARIZONA,-1.0323429587986044
1998,RHODE ISLAND,4.400709414185289
1999,RHODE ISLAND,2.9404115717268198
2000,RHODE ISLAND,4.71365097612928
2001,RHODE ISLAND,1.264315405966543
2002,RHODE ISLAND,3.223402069517234
2003,RHODE ISLAND,2.851485987146507
2004,RHODE ISLAND,3.9997035274062176
2005,RHODE ISLAND,1.6943884641424711
2006,RHODE ISLAND,2.978214784201594
2007,RHODE ISLAND,-2.704179237650195
2008,RHODE ISLAND,-1.736770217470296
2009,RHODE ISLAND,-1.12881412233663
2010,RHODE ISLAND,2.656771517649492
2011,RHODE ISLAND,-0.10363744038900391
2012,RHODE ISLAND,0.5916582812658389
2013,RHODE ISLAND,0.6354806816199154
2014,RHODE ISLAND,0.7370335267420147
2015,RHODE ISLAND,1.0052893864235246
2016,RHODE ISLAND,0.1580867527087637
2017,RHODE ISLAND,-0.5553602280417125
2018,RHODE ISLAND,-0.2185946077462364
2019,RHODE ISLAND,1.3929264027370714
2020,RHODE ISLAND,-3.4004697040864285
1998,LOUISIANA,3.3598539103040004
1999,LOUISIANA,2.090875461679409
2000,LOUISIANA,-2.939290642950654
2001,LOUISIANA,1.4073320092201635
2002,LOUISIANA,2.138647804741489
2003,LOUISIANA,4.080638484996668
2004,LOUISIANA,4.932219408552108
2005,LOUISIANA,6.471668081858861
2006,LOUISIANA,-0.9173712088312969
2007,LOUISIANA,-6.163946098618245
2008,LOUISIANA,0.7739800327910551
2009,LOUISIANA,1.8351441542067137
2010,LOUISIANA,4.409777886815758
2011,LOUISIANA,-4.805008341564165
2012,LOUISIANA,0.17406055179323143
2013,LOUISIANA,-2.944923777968589
2014,LOUISIANA,3.021324317320695
2015,LOUISIANA,-0.9938599163561768
2016,LOUISIANA,-1.968748927112296
2017,LOUISIANA,2.340294665508025
2018,LOUISIANA,1.0656427735457719
2019,LOUISIANA,-0.1345942871073924
2020,LOUISIANA,-5.785521870110156
1998,OKLAHOMA,2.178758086168475
1999,OKLAHOMA,1.7767611143236106
2000,OKLAHOMA,3.7951161962946234
2001,OKLAHOMA,3.7540771937959017
2002,OKLAHOMA,1.8636648584232196
2003,OKLAHOMA,1.6176758448451123
2004,OKLAHOMA,3.5074937864083333
2005,OKLAHOMA,3.8916904663975016
2006,OKLAHOMA,6.542502287917218
2007,OKLAHOMA,2.1993003950733225
2008,OKLAHOMA,3.9479706438696915
2009,OKLAHOMA,-1.4135367978963753
2010,OKLAHOMA,0.29520599456811514
2011,OKLAHOMA,3.589218518200199
2012,OKLAHOMA,5.13878668071126
2013,OKLAHOMA,1.6151592228479394
2014,OKLAHOMA,6.562280351763583
2015,OKLAHOMA,4.072613012251791
2016,OKLAHOMA,-2.0534637358243346
2017,OKLAHOMA,0.6376890881030439
2018,OKLAHOMA,1.5970163083765643
2019,OKLAHOMA,1.6987377779399182
2020,OKLAHOMA,-4.891164356295552
1998,CALIFORNIA,6.562855856571592
1999,CALIFORNIA,7.188185881306497
2000,CALIFORNIA,7.740966987419662
2001,CALIFORNIA,-0.22688141842184262
2002,CALIFORNIA,1.7844276991623387
2003,CALIFORNIA,3.917284326752446
2004,CALIFORNIA,3.4025726837201287
2005,CALIFORNIA,4.102729233193836
2006,CALIFORNIA,3.9232742527267606
2007,CALIFORNIA,1.9353813507478446
2008,CALIFORNIA,1.0016989090983142
2009,CALIFORNIA,-3.21099408878025
2010,CALIFORNIA,2.03340146033979
2011,CALIFORNIA,1.3660262817317248
2012,CALIFORNIA,2.387258625054667
2013,CALIFORNIA,3.1296537157509796
2014,CALIFORNIA,3.5253614925278676
2015,CALIFORNIA,4.494492088334545
2016,CALIFORNIA,2.9880427303552892
2017,CALIFORNIA,4.690265384667014
2018,CALIFORNIA,4.005359573742595
2019,CALIFORNIA,3.6226342322708938
2020,CALIFORNIA,-2.7626145739887864
1998,GEORGIA,7.4221920298964905
1999,GEORGIA,6.994904280421488
2000,GEORGIA,3.3410195069358384
2001,GEORGIA,1.1777465935796538
2002,GEORGIA,1.2923855991101574
2003,GEORGIA,3.072555903232077
2004,GEORGIA,4.097690081946048
2005,GEORGIA,4.339627660567413
2006,GEORGIA,1.3148075300417172
2007,GEORGIA,0.6339285891661994
2008,GEORGIA,-2.2240208464940014
2009,GEORGIA,-3.819033633446889
2010,GEORGIA,1.1630572978026166
2011,GEORGIA,1.8213061113068196
2012,GEORGIA,1.389861618421162
2013,GEORGIA,1.595525507035278
2014,GEORGIA,3.319521776777723
2015,GEORGIA,4.079192408156684
2016,GEORGIA,3.604770655029843
2017,GEORGIA,3.5631260405645904
2018,GEORGIA,2.7483892822420364
2019,GEORGIA,3.5188187360548406
2020,GEORGIA,-3.8662327843170474
1998,NORTH CAROLINA,3.5286119166844543
1999,NORTH CAROLINA,5.713643966605675
2000,NORTH CAROLINA,3.315862786055379
2001,NORTH CAROLINA,0.7577487479424327
2002,NORTH CAROLINA,1.4608319406479664
2003,NORTH CAROLINA,2.4987502411815132
2004,NORTH CAROLINA,4.070322117631697
2005,NORTH CAROLINA,5.0856336975839245
2006,NORTH CAROLINA,6.1626062734364995
2007,NORTH CAROLINA,1.0941500087976008
2008,NORTH CAROLINA,2.63757457682372
2009,NORTH CAROLINA,-4.1245577509555265
2010,NORTH CAROLINA,1.3615297693997608
2011,NORTH CAROLINA,1.2452593605147166
2012,NORTH CAROLINA,0.4075447896596529
2013,NORTH CAROLINA,1.5639122677772566
2014,NORTH CAROLINA,2.2556708657020863
2015,NORTH CAROLINA,2.778456218032943
2016,NORTH CAROLINA,1.6569893364844157
2017,NORTH CAROLINA,2.8485478050449986
2018,NORTH CAROLINA,1.474251927368475
2019,NORTH CAROLINA,2.098087588619779
2020,NORTH CAROLINA,-2.935613881100585
1998,NEW MEXICO,-0.5070951710034244
1999,NEW MEXICO,5.293827676864238
2000,NEW MEXICO,1.6526240673931492
2001,NEW MEXICO,0.10843958645021523
2002,NEW MEXICO,3.037898801764949
2003,NEW MEXICO,3.8667507333282725
2004,NEW MEXICO,8.169081968280834
2005,NEW MEXICO,1.1990794653577108
2006,NEW MEXICO,2.4085374560894213
2007,NEW MEXICO,0.7906259005512561
2008,NEW MEXICO,0.26101352566556546
2009,NEW MEXICO,1.2702782262330237
2010,NEW MEXICO,-0.5218582058115095
2011,NEW MEXICO,-0.01986067848187556
2012,NEW MEXICO,0.37936864745886645
2013,NEW MEXICO,-1.2153512303639813
2014,NEW MEXICO,2.457614044298295
2015,NEW MEXICO,0.7979440663796078
2016,NEW MEXICO,-0.6130345937015558
2017,NEW MEXICO,-0.13392947278448863
2018,NEW MEXICO,2.2097672746877572
2019,NEW MEXICO,4.255962127222834
2020,NEW MEXICO,-2.2933986000128637
1998,WEST VIRGINIA,1.549352414468319
1999,WEST VIRGINIA,3.2357295387936746
2000,WEST VIRGINIA,-0.1913119760973414
2001,WEST VIRGINIA,0.24794983272711235
2002,WEST VIRGINIA,1.6427094757888394
2003,WEST VIRGINIA,0.4955907699800033
2004,WEST VIRGINIA,1.6062902344585073
2005,WEST VIRGINIA,2.3669026399708137
2006,WEST VIRGINIA,1.801201003678532
2007,WEST VIRGINIA,0.3854241759819743
2008,WEST VIRGINIA,2.033400328669477
2009,WEST VIRGINIA,-0.4265236062782507
2010,WEST VIRGINIA,1.4102868673359525
2011,WEST VIRGINIA,1.7465493431279677
2012,WEST VIRGINIA,-0.055570320616593616
2013,WEST VIRGINIA,0.3240797358444514
2014,WEST VIRGINIA,-0.0249468108479034
2015,WEST VIRGINIA,0.18502108956863772
2016,WEST VIRGINIA,-0.9221233177193255
2017,WEST VIRGINIA,2.0682346017934172
2018,WEST VIRGINIA,2.315720535017096
2019,WEST VIRGINIA,-0.7813803611336878
2020,WEST VIRGINIA,-3.9029319202843915
1998,WISCONSIN,3.75120091319614
1999,WISCONSIN,4.068937512185666
2000,WISCONSIN,2.9355529207821363
2001,WISCONSIN,1.5821062364760552
2002,WISCONSIN,1.8868332114158726
2003,WISCONSIN,3.002702631916998
2004,WISCONSIN,3.390819002276735
2005,WISCONSIN,2.9399525466550225
2006,WISCONSIN,1.724620456839765
2007,WISCONSIN,0.6289739582711951
2008,WISCONSIN,-1.2250049641837624
2009,WISCONSIN,-2.9500774302967936
2010,WISCONSIN,3.1185510037826214
2011,WISCONSIN,2.242020036667447
2012,WISCONSIN,1.5739341058277123
2013,WISCONSIN,0.32763505518265124
2014,WISCONSIN,2.145963347301394
2015,WISCONSIN,1.7944504053262866
2016,WISCONSIN,0.983578769670368
2017,WISCONSIN,0.13390641212687182
2018,WISCONSIN,2.4305603069605164
2019,WISCONSIN,1.4946429048547927
2020,WISCONSIN,-4.006499694627563
1998,UTAH,6.280646029142489
1999,UTAH,4.149557654261082
2000,UTAH,3.602517864743171
2001,UTAH,1.1441278984285264
2002,UTAH,1.9521851454786354
2003,UTAH,1.713301412933732
2004,UTAH,6.008619081339095
2005,UTAH,7.000419070325048
2006,UTAH,7.665766440337896
2007,UTAH,4.517974414743797
2008,UTAH,0.3150959379110807
2009,UTAH,-2.2492161432234203
2010,UTAH,2.034729073369812
2011,UTAH,3.3012327464726265
2012,UTAH,1.1875695841553124
2013,UTAH,2.779963324003476
2014,UTAH,2.9154199179794116
2015,UTAH,3.4503776451033863
2016,UTAH,4.404302835510743
2017,UTAH,4.328805378126721
2018,UTAH,5.804143753243074
2019,UTAH,4.7804098526269545
2020,UTAH,0.13755246598148307
1998,COLORADO,8.955329225513676
1999,COLORADO,7.282699744916887
2000,COLORADO,7.568791785767037
2001,COLORADO,1.463622318426805
2002,COLORADO,0.18635676148632818
2003,COLORADO,1.004599067273304
2004,COLORADO,1.24706506750083
2005,COLORADO,4.490512054948836
2006,COLORADO,2.3341697196356925
2007,COLORADO,3.6737336955803945
2008,COLORADO,1.5339422041122264
2009,COLORADO,-2.21974644754217
2010,COLORADO,1.091685999313885
2011,COLORADO,1.4342252581489578
2012,COLORADO,1.8853473271682075
2013,COLORADO,3.4086750708304248
2014,COLORADO,4.330412552823648
2015,COLORADO,4.6054431312620325
2016,COLORADO,2.0945892525104037
2017,COLORADO,3.451037048045258
2018,COLORADO,3.811151998147677
2019,COLORADO,4.156557020738538
2020,COLORADO,-3.016562884697749
