year,state,gdp_4,gdp_3,gdp_2,gdp_1
1984,ALABAMA,4.719411633608184,4.94417166530754,-2.4887868513478573,1.840597191490545
1984,ALASKA,3.9950275151904746,-2.7152372771523714,2.618149202028963,15.26662447971907
1984,ARIZONA,10.752575081086224,5.715110638473386,-2.352463221967538,2.7816474264136914
1984,ARKANSAS,7.8390779181293,3.206389958636424,-2.673933383493299,3.580353779214396
1984,CALIFORNIA,8.028589210434745,3.578332497604997,0.028615602350368086,3.291988799461687
1984,COLORADO,5.731263809044762,1.313465489181187,2.0347883610486894,4.341410276621471
1984,CONNECTICUT,9.180514383894378,4.997704085032462,2.5569053716384404,2.334568009551896
1984,DELAWARE,7.411800080181741,7.925290257445727,1.1217929240754154,2.047042919067077
1984,DISTRICT OF COLUMBIA,2.0809877014968947,0.9777440915041513,-2.9356292831696273,-1.751165801122756
1984,FLORIDA,8.429582883321673,5.838765285381076,2.438301367905993,4.857145761453241
1984,GEORGIA,9.732293833846706,6.506886723608529,1.5168613140726706,4.236533300437761
1984,HAWAII,3.7484157841599863,3.963226262701447,0.8006423147342234,-0.39723616306489573
1984,IDAHO,1.7786561264822254,4.881732525293381,-4.056192514536205,0.4800633586158565
1984,ILLINOIS,7.1878585768153425,1.080412485205584,-3.506831889344475,1.3197744792859734
1984,INDIANA,9.088584814174538,2.364332288516624,-5.486023813963914,1.2192998928088006
1984,IOWA,5.476422426796246,-4.065012175496752,-6.6241283928346935,3.0324473103634064
1984,KANSAS,4.483886034563289,0.6273932078810329,-0.8666661446179447,2.898974048028191
1984,KENTUCKY,7.5603594384573425,0.13849861101105088,-3.5531623129142487,2.7021883316469264
1984,LOUISIANA,5.942806817593116,-1.137611446178055,-3.795153177869226,2.682809598737168
1984,MAINE,7.067731613785688,4.386470375261986,1.1653700914137088,0.6892897770067075
1984,MARYLAND,6.755576644472816,4.849465757455795,-0.9182375293274925,1.9541650716117243
1984,MASSACHUSETTS,9.31154259721103,5.855281731845796,0.44617670782496344,2.439054302128163
1984,MICHIGAN,8.123858894532399,6.847759218966298,-6.244249994620644,-0.04443208762616724
1984,MINNESOTA,10.451265354706308,3.3476398731858703,-1.531617087934678,2.795927079291949
1984,MISSISSIPPI,6.841773972119558,2.125218894775349,-3.16475225315872,3.4361314172481006
1984,MISSOURI,8.57937611359394,3.2233313374841366,-1.249529669093774,1.2750935906133076
1984,MONTANA,0.6107851804227238,0.10794140323824308,-4.421518054532059,3.912664220696649
1984,NEBRASKA,7.515107064844773,-2.4138639249172256,-2.4100483467359934,5.678543232539779
1984,NEVADA,4.614561523976413,3.2356407568963963,-1.1261706757023981,4.17444980491759
1984,NEW HAMPSHIRE,12.068796336676858,6.365460217323227,2.0171308236518914,4.122987472129491
1984,NEW JERSEY,7.966898076283702,7.006869156181139,0.22681493271117237,2.6325659232097287
1984,NEW MEXICO,4.839983166670003,1.6744364211315643,-1.641341771847482,1.4298259165602678
1984,NEW YORK,6.0332089349977025,2.1137474180532356,0.731542984295297,1.8375072006200144
1984,NORTH CAROLINA,8.593553470516134,5.066366825098889,-2.0845560207981895,3.514701649014751
1984,NORTH DAKOTA,2.3046054464278987,-1.9409376153562197,-3.830451915225963,15.040308418619475
1984,OHIO,8.714750888543632,4.042697355698599,-5.017676068976861,1.047636454140477
1984,OKLAHOMA,4.721301738151817,-4.75878557626176,2.905508915987509,5.842617560119789
1984,OREGON,6.177497465930837,1.1115223341562341,-5.300030811893386,-2.6533741756243567
1984,PENNSYLVANIA,5.480904910476481,2.75066663330521,-3.823160355466937,0.4311008933183924
1984,RHODE ISLAND,6.997762769764404,2.872835267421614,-0.3009280405822934,2.433533329663673
1984,SOUTH CAROLINA,9.618238230136233,6.4214006247914845,-1.728125707881778,3.4469149607496696
1984,SOUTH DAKOTA,7.781655161873702,-0.6025774109425952,-2.880209827466085,5.98716044234795
1984,TENNESSEE,7.274297427665921,5.455267622155158,-2.252666310271678,2.8097418310325084
1984,TEXAS,5.8228185183026415,-0.15200402034223348,0.36171676362182215,6.314204303663806
1984,UTAH,7.753278371050731,3.436829303190736,-0.6164368952057298,3.69482915608379
1984,VERMONT,5.039651244304255,4.013762774429508,-0.42090216010165493,3.2131147540983562
1984,VIRGINIA,6.865363176673878,4.601983400382248,0.3467731322490675,3.1715996800207424
1984,WASHINGTON,3.642529018244911,1.6271708394314466,0.03512974360113663,3.077628623328965
1984,WEST VIRGINIA,5.297797495506762,-2.673383376144034,-2.799391918331451,-1.2150693225783327
1984,WISCONSIN,6.053056016947123,1.9513392309322697,-2.067014082352814,0.3055201842764532
1984,WYOMING,4.804273325503194,-5.282006735853939,-6.348209570839347,3.445119475591829
1988,ALABAMA,4.892504490898064,5.5005499074546105,1.0253206921829294,4.7103207371022915
1988,ALASKA,-5.696789882609554,18.306032824721118,-16.34723032265417,11.09753963141018
1988,ARIZONA,4.7761221308671775,4.152231256628514,5.902800277047016,6.369451141247584
1988,ARKANSAS,3.8310157340133877,3.456944378763027,1.9635361415512254,0.995255683056051
1988,CALIFORNIA,5.662105473207957,6.169334820485117,3.783535250528769,5.122545267610534
1988,COLORADO,3.069770121288218,1.8049994562886695,-0.6220464027431705,2.562786973236375
1988,CONNECTICUT,6.092305169574308,7.62802903577291,4.601529830081308,5.339519546814064
1988,DELAWARE,4.592937964534705,7.097120236190957,2.8098907373157234,6.229037391849812
1988,DISTRICT OF COLUMBIA,4.3625897693674975,2.8376621677034253,0.6252921797874178,1.5220723892369836
1988,FLORIDA,6.209724966891139,6.452850317385295,4.438919767332239,5.409126202383696
1988,GEORGIA,4.457725541328106,5.046212303214559,5.833229219408609,7.498040410736184
1988,HAWAII,6.829792622884989,4.474799203590951,3.3900510459413447,3.43078388339062
1988,IDAHO,5.386322372402663,2.4342866589518897,-1.950318685199215,2.2620175230878337
1988,ILLINOIS,5.638695283110451,3.2100341388985543,2.2023664206797466,2.9371085928125096
1988,INDIANA,4.979275379355119,3.8009581088226385,1.590629407062072,1.9205487177421432
1988,IOWA,5.204965296693809,2.3059203323797073,-1.3337118432540374,2.032856528677507
1988,KANSAS,2.603845174699826,3.395755620980667,0.3600682501225805,3.8066813672272826
1988,KENTUCKY,6.692524812100142,3.657913648531741,-1.400846829009228,3.007860812482166
1988,LOUISIANA,3.699026314628684,0.3983810594741177,-0.19917811404364105,1.7867848337468573
1988,MAINE,7.542554195639184,6.473928409909391,4.472832268789917,4.292043271753365
1988,MARYLAND,6.910021977914993,5.316847435093397,4.681525500588979,5.731159509376504
1988,MASSACHUSETTS,5.937404061583473,6.42075774673343,4.881431846170958,5.959949837512668
1988,MICHIGAN,4.1564439834606,1.1433336379420567,1.7865904561700452,4.183100338590173
1988,MINNESOTA,4.041263733390554,4.846250555350751,0.7915532088012212,3.9620357732210065
1988,MISSISSIPPI,2.367876822288939,6.556269842834883,0.23521505376344898,2.779393129858221
1988,MISSOURI,4.403925207715664,3.948443192932305,2.746650544001916,1.4904115116030292
1988,MONTANA,-0.8718485240117313,0.7072320850606717,-0.7768993720575934,-2.580743935884111
1988,NEBRASKA,5.685698565693675,0.25537304894991397,-1.7694548290176915,3.4541259098000543
1988,NEVADA,8.775048037331867,6.556298170437436,5.649678231781263,4.2479251650002325
1988,NEW HAMPSHIRE,6.186865846250766,11.431723031412178,6.676948037476493,9.132742157516095
1988,NEW JERSEY,7.374354156881169,6.874691458269422,4.70342031260218,5.2440928181843205
1988,NEW MEXICO,1.9753746528242022,0.18860975636976196,-0.9360638882030203,3.7342161701346965
1988,NEW YORK,5.770657926319767,4.257888771347917,2.57917141139985,2.6896743750788987
1988,NORTH CAROLINA,5.796263025024073,4.721468888790925,3.88583315235298,6.303176598723637
1988,NORTH DAKOTA,-8.039559128353002,2.5982892568469085,-6.7683145426211455,0.5880101853078301
1988,OHIO,3.8177159619647627,2.907834444656676,0.902329706210625,3.602979273766138
1988,OKLAHOMA,4.808220882667502,-1.692471829557407,-5.169975727193021,1.6484443217182898
1988,OREGON,6.281300339368512,3.344147424656496,1.968017633201291,2.435504034549396
1988,PENNSYLVANIA,4.862778351662245,5.4793757474165705,1.8621330201944009,2.4416688172326673
1988,RHODE ISLAND,6.942821115426012,4.412581631447954,5.093339585085888,6.523452993629331
1988,SOUTH CAROLINA,5.158815195780786,7.333092677129893,4.744457159683324,3.598603682147039
1988,SOUTH DAKOTA,0.802296049444351,2.0808200394134335,1.305631675231722,3.7773156244584216
1988,TENNESSEE,4.683364478852825,7.065786599320956,3.2071893634505466,3.8198230913189635
1988,TEXAS,5.9885825471679865,-0.3928099751398295,-2.2290183144691778,4.475780768708693
1988,UTAH,5.2977984486636265,0.6612909187231342,-1.4308657755001009,5.710425305210731
1988,VERMONT,8.668483449341258,8.728720794172041,4.380201920709181,5.868796729824699
1988,VIRGINIA,5.198506383541823,5.966405226455818,5.127914785671606,4.930436303147978
1988,WASHINGTON,6.045529187303922,4.51660902297415,4.514077913028336,0.9519500182732621
1988,WEST VIRGINIA,7.417023098152353,0.2113464442530244,-1.4138114803417645,1.1065069421751783
1988,WISCONSIN,6.117984380995289,2.9068768091244257,1.603131215451703,3.386018255898282
1988,WYOMING,6.340604806180061,-2.458469120101736,-4.620749782040101,1.2488678057692049
1992,ALABAMA,4.294697238011724,2.8043463727700058,1.6487536965599014,-0.12095870072418302
1992,ALASKA,1.2752987831798457,-10.256356786364707,-0.7351951837987869,4.1018697429193285
1992,ARIZONA,10.17282154790118,0.41602180223829777,0.7844774246613895,0.8881324423766879
1992,ARKANSAS,5.941141301308872,4.498361657849448,1.1006139262652148,1.9773670942389021
1992,CALIFORNIA,-0.16585822027735952,-1.4336892642105026,2.9303299871522137,3.7764397643445857
1992,COLORADO,6.915943031567484,2.0775307114946795,2.341603978010931,1.1850256171402007
1992,CONNECTICUT,1.3669903963849261,-2.4424884217614906,0.4715318941121982,1.3106632192771528
1992,DELAWARE,0.921665831151719,4.025510480001859,2.272826039720144,7.258296891420035
1992,DISTRICT OF COLUMBIA,0.7107811427035982,-1.8253195921414056,2.0505999445622036,1.9119813841948607
1992,FLORIDA,3.7379350419685764,0.5437289944545842,2.392109138612586,3.6364771198574175
1992,GEORGIA,5.694483317903543,1.300721788513659,1.7853200712845574,2.026602779060549
1992,HAWAII,2.7133216117437353,1.4799915254020801,6.912662480316789,5.9441408621736525
1992,IDAHO,6.941362146412544,2.138750973399528,3.640018094709352,6.394661999562468
1992,ILLINOIS,3.910357325489233,-0.11462541962193873,1.0730506719239363,1.9356750696218672
1992,INDIANA,6.414085124404623,0.013884891132320831,0.388014540169479,3.618325231394137
1992,IOWA,4.768859040211115,0.5642915784878966,2.9603069659530634,3.625475166907366
1992,KANSAS,2.916192711231802,0.9946993321422237,2.3373179794858423,0.7525096400427644
1992,KENTUCKY,5.550113232701759,0.8976258945890603,1.2604748241679786,2.2110290740993133
1992,LOUISIANA,-6.46887999229474,-0.19723937423881122,1.9935865597081825,-0.02311781671640034
1992,MAINE,1.2673510834528834,-2.926089913327845,-0.8535850572404136,1.9682418940762503
1992,MARYLAND,0.8125726179262882,-1.8379960724006161,1.1532387109043585,2.151203468880114
1992,MASSACHUSETTS,1.3231280279223823,-3.022141499195974,-3.0055396280739832,0.5084285063197802
1992,MICHIGAN,4.284455919271513,-1.7241927648905309,-2.0026538675337657,1.5878950274350156
1992,MINNESOTA,5.589148022847312,-0.009493829011142374,1.0176809124047281,3.007065968100031
1992,MISSISSIPPI,5.402610774681071,2.203444624045492,0.41079943585036194,0.9418740763171174
1992,MISSOURI,2.9722968978775244,1.5390327154850336,-1.1348688598679102,2.0772245573002834
1992,MONTANA,5.253125953034465,2.5001139671644523,1.76283856772681,4.088544900183488
1992,NEBRASKA,4.949080618833834,3.1749775065173402,4.340092969514786,2.98698222244258
1992,NEVADA,7.558321445427896,2.228992900726734,8.105470753199251,7.645403673023887
1992,NEW HAMPSHIRE,3.9217403041811316,0.5576078622708591,-3.6017653424240903,-0.14689576756570233
1992,NEW JERSEY,1.6803307717175864,-0.25319743163472186,0.7333155212885689,1.4047437618684766
1992,NEW MEXICO,5.865632670929832,11.370949767364102,2.3460055174970185,2.1577651873752934
1992,NEW YORK,1.3766482060660223,-3.098145502637062,0.2762059526471905,-0.1778690518264292
1992,NORTH CAROLINA,5.537256100868326,0.14907619058788235,0.649321601514985,3.3001605795754507
1992,NORTH DAKOTA,8.06284398774222,-0.32671792845637704,3.3621034940430894,5.906179822007829
1992,OHIO,4.660421296398365,-0.7111573423353446,1.0533719114554474,2.1264976494513865
1992,OKLAHOMA,2.3754293748776245,0.5072797551700647,0.5418019298040422,0.2736712068133862
1992,OREGON,3.8654753928384133,1.676926538903789,4.154920985545574,2.847387555763947
1992,PENNSYLVANIA,2.988282692723221,0.26069812278664006,1.5355698773898308,1.6466850921476706
1992,RHODE ISLAND,1.4585199641668822,-3.5929782894508655,-1.0589640005645773,2.6884205578188602
1992,SOUTH CAROLINA,3.2827345947496145,0.8839479824484631,3.234018648050596,3.2821428672510367
1992,SOUTH DAKOTA,5.637029057921161,4.862547632008707,5.26768190478919,1.659542551719606
1992,TENNESSEE,7.790089239378051,3.5758442650887234,-0.5183253438369118,1.0014016891310318
1992,TEXAS,3.9287466412217142,1.6159468876145944,3.217677588327983,2.552833543324051
1992,UTAH,3.8280965015181856,3.835966580738681,5.3705458408706,1.2033278218342547
1992,VERMONT,4.709588258456021,-2.712304895819251,1.6957697419680118,4.55554668157494
1992,VIRGINIA,1.9654097170181295,-0.3555617204748618,1.618285676697595,3.469364811691955
1992,WASHINGTON,3.5817427843598093,2.1867547756004857,5.787375167685194,5.097848775960179
1992,WEST VIRGINIA,2.7968748534501486,2.0303548415908645,1.7315904931268555,-0.16037531062591537
1992,WISCONSIN,5.504963001527741,1.3220544768078435,1.947200684125372,2.0236626143645076
1992,WYOMING,1.476806697690236,3.2560282598679047,5.027422303473483,-0.2390841238946062
1996,ALABAMA,3.4230427477380587,3.397357259414502,3.987710546290568,1.5072277231030107
1996,ALASKA,-1.2217251933281381,5.424642678488922,0.537857323843105,-0.3934885108238029
1996,ARIZONA,7.899517494721908,7.603040793664828,9.680097433109559,5.133249152655006
1996,ARKANSAS,4.495657827104704,4.093175865251064,5.683071952084484,3.036319307840185
1996,CALIFORNIA,4.008104194846829,3.9591029049992787,1.8814516339710208,-0.39941415220132725
1996,COLORADO,5.412996155647076,5.692447857528671,6.836006596002564,6.592113614071549
1996,CONNECTICUT,2.625447240934786,6.228517828291391,2.2709792367129555,-1.2661903883690262
1996,DELAWARE,1.876004047920432,4.144376656533266,6.694128998738225,-0.8525371904171464
1996,DISTRICT OF COLUMBIA,-1.3161297047227127,-2.7319218793563693,-0.039368467416744934,1.408169557449357
1996,FLORIDA,5.1427547885323,3.72405985467239,4.89969648784403,3.7785697273360785
1996,GEORGIA,6.696491069641075,5.636189274447956,7.217169899642029,4.5592479866282565
1996,HAWAII,-1.061132025859557,-1.2722843207244927,-0.2256403104173077,-1.6701604529514302
1996,IDAHO,3.3283920630101216,8.319501031135257,7.96045046700864,8.708149614701721
1996,ILLINOIS,3.9603498175177165,2.724516676573052,6.244075167059915,2.1331208221328835
1996,INDIANA,4.054418725326814,3.102833788781223,6.052334638511603,3.0830007659128356
1996,IOWA,5.7206614607011375,2.848713637661393,8.354143969249584,0.0767256541871486
1996,KANSAS,4.191118436152941,1.1979350082045093,5.062173114890389,0.720243569820167
1996,KENTUCKY,3.73737780955794,3.5093325602413517,6.121794946497938,3.0280545289946392
1996,LOUISIANA,0.9603326759924258,5.411371641763596,8.414691592051327,2.2929937543291867
1996,MAINE,2.9838087359134624,2.531149317138537,2.6377879307759144,0.5950190612166839
1996,MARYLAND,2.3993934526117533,1.6456253897293216,3.7100674511269416,1.6734200136551136
1996,MASSACHUSETTS,5.4676134361471895,3.439758410526994,4.623722978216405,0.708575805542333
1996,MICHIGAN,3.5733094456448455,0.2371917408697355,8.805799124185265,2.9475779265994095
1996,MINNESOTA,6.429331418734807,2.975538748069062,6.018533456627395,0.2289053324215029
1996,MISSISSIPPI,3.0107363292686706,4.968032934526456,6.764855739778475,4.393241358185662
1996,MISSOURI,4.08462381909902,5.0890453736149865,7.0951426551260965,0.3290389590887344
1996,MONTANA,1.6949246515341354,0.5788405344516079,3.747844902398678,4.337800313895923
1996,NEBRASKA,5.844207451321548,1.635139117810791,8.07319622410918,0.33805297583677785
1996,NEVADA,9.091496396877874,5.830544994975795,9.711551575214795,8.45604096253072
1996,NEW HAMPSHIRE,7.656458467164118,7.527081686735793,4.44267941189731,1.2125126815346388
1996,NEW JERSEY,4.358345135866193,2.4022526983093373,2.149151978716346,1.1052884327257484
1996,NEW MEXICO,4.379519341024496,1.6721309915251448,12.191228678963228,10.656234031303802
1996,NEW YORK,4.133347697152456,2.0961197138868792,1.3978782172237247,0.48129862311867555
1996,NORTH CAROLINA,3.8687064256225145,4.901523172211797,7.401588084105404,3.1861995014682565
1996,NORTH DAKOTA,7.71855873256162,1.8630650510797597,7.564112646652976,-1.3318378374565287
1996,OHIO,3.3968990981645852,3.549716170132844,6.0071947627312605,0.8636730311658347
1996,OKLAHOMA,4.937521400256872,2.0487280732647495,2.3251640036969556,2.5141542509112824
1996,OREGON,14.12342893973575,6.493820516120485,6.031584562517822,5.880884898407146
1996,PENNSYLVANIA,2.6377753845331586,3.2915222664632093,2.8233026753921475,1.560334556106513
1996,RHODE ISLAND,1.7128975764081122,2.5867398191793622,0.8911099503379649,1.1190602889296297
1996,SOUTH CAROLINA,2.9986748422163867,3.7157652715366973,5.602650896424133,3.561301827909058
1996,SOUTH DAKOTA,4.804535637149021,2.0908785217769843,5.417702982264472,5.707247854637498
1996,TENNESSEE,3.250235771341581,3.3112718826186827,6.035164804388882,4.36496434518634
1996,TEXAS,5.924933183006487,5.048657658335354,5.589583050719216,3.5955035742613273
1996,UTAH,9.890732144412784,7.238614246788644,8.307836854658035,4.916615694144633
1996,VERMONT,4.420612636956656,0.23205292781673936,3.0737913486005075,1.420850445720867
1996,VIRGINIA,4.292042330460721,2.8284973272324487,4.038411009976128,2.8363670701093913
1996,WASHINGTON,5.605668534328023,0.4468554880889819,3.4916026184748095,2.5590902314090336
1996,WEST VIRGINIA,2.2966172656840644,2.6101536562171512,6.28832859967432,2.905691249775688
1996,WISCONSIN,4.744952894649512,2.0855786250936648,5.296596308123669,3.8611194253217684
1996,WYOMING,2.763440721815358,2.869891626007104,2.1643411272159074,3.1988999637043936
2000,ALABAMA,1.498448678568498,3.564928908685139,3.5065452743645142,3.3792894604717016
2000,ALASKA,-2.9166923294859703,-1.2298063797118508,-2.6424203945389024,1.1370970107659417
2000,ARIZONA,4.90166326203485,8.54329579565225,8.70007980580587,6.958471396600441
2000,ARKANSAS,0.848901197551033,5.373485884016693,2.421543562957096,3.4048431520079303
2000,CALIFORNIA,7.740966987419662,7.188185881306497,6.562855856571592,6.0095809105493725
2000,COLORADO,7.568791785767037,7.282699744916887,8.955329225513676,8.168959642435446
2000,CONNECTICUT,6.822724988225937,3.0350662530022943,3.0822138905903795,6.34267485793647
2000,DELAWARE,4.26556187968663,7.539313522741464,9.68723426003859,3.1052683342622123
2000,DISTRICT OF COLUMBIA,0.7075588570511604,4.361049272050277,1.7371163142618329,0.9540523357728148
2000,FLORIDA,4.464937320211915,4.637561021323,5.031284984261486,4.304906390158014
2000,GEORGIA,3.3410195069358384,6.994904280421488,7.4221920298964905,5.325943802005217
2000,HAWAII,1.8941845435270555,0.8221701026379868,-2.507696553306016,-0.1745356788747987
2000,IDAHO,11.256069103090072,9.576159998762733,4.859530669722734,4.785790585364014
2000,ILLINOIS,3.652035660045394,3.7830762716502875,3.2745987638587604,4.707111038121248
2000,INDIANA,3.9484165403330884,3.424636624623445,6.025447761226244,4.590602198219718
2000,IOWA,4.635308050771081,2.1348545062820357,0.7040351382030741,5.4279810386622
2000,KANSAS,2.7250901982334153,2.608436029120864,3.450729141764297,5.38023797206415
2000,KENTUCKY,-2.6453057775292943,3.2081706178237246,2.9016644508568,5.972301480649689
2000,LOUISIANA,-2.939290642950654,2.090875461679409,3.3598539103040004,3.7158950323856743
2000,MAINE,4.614315856694717,5.009492480777178,2.7897965171788996,3.873831302528097
2000,MARYLAND,4.077881286361862,3.94285921355062,4.789441421697593,4.661324382494203
2000,MASSACHUSETTS,7.9972907304925345,5.257105202096368,4.068457053799146,5.870681497049923
2000,MICHIGAN,1.9834570803761054,5.882158819223959,2.2865700441715875,4.695629414661129
2000,MINNESOTA,6.780121869399536,3.7618737830001248,5.309438247957421,6.100475066139444
2000,MISSISSIPPI,0.5014947853670737,2.8689881188537214,2.4541478309287212,2.8253671672139324
2000,MISSOURI,2.6227081341318126,2.91708910011641,1.7105156876654926,5.3506508717442225
2000,MONTANA,2.5599695351150364,0.3918608943260793,4.459668812614037,3.2172239517171075
2000,NEBRASKA,3.724786317821094,2.1308205344460207,2.381821409550877,2.09370427568627
2000,NEVADA,4.18236850644067,7.100138582570703,5.314750192168427,6.71605230714567
2000,NEW HAMPSHIRE,6.960412173044861,2.999299555479684,6.573655336985129,5.957548130574342
2000,NEW JERSEY,5.259269331579275,3.300112555470469,1.7749179113376812,3.1955716356479424
2000,NEW MEXICO,1.6526240673931492,5.293827676864238,-0.5070951710034244,9.143023685950968
2000,NEW YORK,3.8855834700480374,5.423474249585292,1.989572691861996,4.821284865375208
2000,NORTH CAROLINA,3.315862786055379,5.713643966605675,3.5286119166844543,7.013882473685307
2000,NORTH DAKOTA,3.9346758824939876,0.4046479604982389,5.629743319754987,-0.046037447829261335
2000,OHIO,2.1342987521550505,2.4121453982173024,3.411150556717568,5.48468092774872
2000,OKLAHOMA,3.7951161962946234,1.7767611143236106,2.178758086168475,4.601767400590151
2000,OREGON,8.412077715497656,2.2134010566580598,4.760379958482686,7.35273668559937
2000,PENNSYLVANIA,2.634348577198775,3.0242519489715347,2.595725154628248,3.736002252354531
2000,RHODE ISLAND,4.71365097612928,2.9404115717268198,4.400709414185289,6.33592902396849
2000,SOUTH CAROLINA,2.773359323880742,4.714595026170687,3.653871726696578,5.177711244033234
2000,SOUTH DAKOTA,7.000953996955928,3.8690791364729638,5.968450415210502,1.8279425857041343
2000,TENNESSEE,1.2285205954552625,3.2114157845401614,6.206877889148799,5.018254199703964
2000,TEXAS,3.5514853046219264,3.8848511387794993,6.297319794874245,7.983295010296065
2000,UTAH,3.602517864743171,4.149557654261082,6.280646029142489,4.212131679133568
2000,VERMONT,5.435589229599347,5.57210561949899,3.1352559178828177,4.597375816266713
2000,VIRGINIA,4.799934290750785,5.484859929353747,5.408997589005571,4.292251478659215
2000,WASHINGTON,0.7316406079310722,7.19712123477958,6.243283922664711,6.19389247454214
2000,WEST VIRGINIA,-0.1913119760973414,3.2357295387936746,1.549352414468319,2.1732680611185273
2000,WISCONSIN,2.9355529207821363,4.068937512185666,3.75120091319614,4.48054521947201
2000,WYOMING,3.1480165578226638,4.180506376711679,2.2840270349314906,0.7252004008015955
2004,ALABAMA,6.95813781113237,2.9374326777308113,2.2755034643857863,-0.23412858181428575
2004,ALASKA,4.0129570561417305,-1.4511738290793108,4.932529596886637,3.9386803225855527
2004,ARIZONA,4.379706740708489,6.057725376047762,3.5326895164430328,2.26766040026003
2004,ARKANSAS,4.940043014301998,4.296910721297897,3.521032643196831,-0.09202006860891121
2004,CALIFORNIA,3.4025726837201287,3.917284326752446,1.7844276991623387,-0.22688141842184262
2004,COLORADO,1.24706506750083,1.004599067273304,0.18635676148632818,1.463622318426805
2004,CONNECTICUT,6.496993421112651,1.1576179736078052,-0.668209134422526,0.9149342886856537
2004,DELAWARE,4.834031413612561,1.3540404531746209,-3.1490748243613864,3.222800273031745
2004,DISTRICT OF COLUMBIA,4.888561250955115,1.9524585397431515,3.0537976293719904,3.6140442547029528
2004,FLORIDA,6.4739273050197665,4.695901584697393,4.437157113460111,2.7930715680926532
2004,GEORGIA,4.097690081946048,3.072555903232077,1.2923855991101574,1.1777465935796538
2004,HAWAII,5.567467171733997,5.24295149392533,2.356924126907156,-0.3803825653816095
2004,IDAHO,6.629254409522223,3.2660529402764205,2.1098200045568616,-2.5602912756843232
2004,ILLINOIS,2.8084633352336352,1.667830598633735,0.8135390028686462,0.24489506704452602
2004,INDIANA,3.7900917764862374,4.449488609361918,2.2623776952521046,-1.7593783471785973
2004,IOWA,8.54187619172424,4.593822132034364,2.36480259826084,-1.2092759271744247
2004,KANSAS,1.0145313788946009,1.7190929041697167,1.6332874710153433,0.26063202388835194
2004,KENTUCKY,2.912292456816279,2.7928495752162386,2.5090509851858345,0.22390163114185402
2004,LOUISIANA,4.932219408552108,4.080638484996668,2.138647804741489,1.4073320092201635
2004,MAINE,3.91918758547245,2.5523272258713314,2.909583392290438,2.022676747054053
2004,MARYLAND,4.29436787721138,2.9074006427368237,3.416587358607659,4.291233819446116
2004,MASSACHUSETTS,2.7313002395073838,1.772235546425982,-0.02266562033487185,1.2683684168641074
2004,MICHIGAN,1.1802263124131906,1.568215544701923,2.7520376228642895,-3.0471386691444002
2004,MINNESOTA,4.313274347673168,4.216335593091958,2.374399937964311,-0.08200075382582828
2004,MISSISSIPPI,2.3040516616912976,4.273823690800671,1.4430273910628122,-0.8719593539780357
2004,MISSOURI,2.795700286491898,2.117790743586956,1.8006635387747272,-0.672439855352891
2004,MONTANA,5.081557504325573,4.020465362404901,3.079669928898987,0.9330657371219298
2004,NEBRASKA,2.642608086347331,5.801353375482132,1.277677795983423,2.373766009629663
2004,NEVADA,10.45340115931066,4.370177621083471,3.57602032347637,0.9465576880477666
2004,NEW HAMPSHIRE,4.064938191418377,4.065769252756635,3.196107758456157,1.5026576540083214
2004,NEW JERSEY,0.7159237806079854,2.0728882337636367,1.6869740401458833,1.1008705697532317
2004,NEW MEXICO,8.169081968280834,3.8667507333282725,3.037898801764949,0.10843958645021523
2004,NEW YORK,3.0174324433954514,0.40340792593560604,-0.5970195392787647,1.8866894917927146
2004,NORTH CAROLINA,4.070322117631697,2.4987502411815132,1.4608319406479664,0.7577487479424327
2004,NORTH DAKOTA,1.4843705149549136,6.008185372830055,5.543579058928372,0.8253055937828879
2004,OHIO,2.716701215564732,1.3101513886466742,2.0374871065253597,-1.369077547332176
2004,OKLAHOMA,3.5074937864083333,1.6176758448451123,1.8636648584232196,3.7540771937959017
2004,OREGON,4.971105531108533,4.225289259172604,2.0316363617669753,-0.8984676922808243
2004,PENNSYLVANIA,2.8308165670143604,2.3757066630586188,1.4243663305746779,1.5721703921118158
2004,RHODE ISLAND,3.9997035274062176,2.851485987146507,3.223402069517234,1.264315405966543
2004,SOUTH CAROLINA,1.7449694393167237,3.860374264772637,2.8203652727957884,0.5724031742902813
2004,SOUTH DAKOTA,3.913084347359397,0.592345866542221,11.304285830685256,0.2351451876907884
2004,TENNESSEE,4.642565397210707,3.32906312235004,3.260678129519534,-0.15817247259898304
2004,TEXAS,5.603186112745617,0.6748489243957323,2.256565116941278,2.4985004939431343
2004,UTAH,6.008619081339095,1.713301412933732,1.9521851454786354,1.1441278984285264
2004,VERMONT,5.459671940592736,3.6418248195978054,3.4425994846836394,3.1959264537207765
2004,VIRGINIA,4.028737400185012,3.505142322249255,1.2011333298761473,3.523729139572862
2004,WASHINGTON,2.3331789078707033,1.616863339740271,1.287368222085683,-2.421548928874062
2004,WEST VIRGINIA,1.6062902344585073,0.4955907699800033,1.6427094757888394,0.24794983272711235
2004,WISCONSIN,3.390819002276735,3.002702631916998,1.8868332114158726,1.5821062364760552
2004,WYOMING,3.333528943833697,3.0093595413925645,2.219666672388043,6.180061964643713
2008,ALABAMA,-1.0877104800200987,0.9247036911253614,1.5736333829619253,4.384713375796179
2008,ALASKA,-0.9065950000966772,5.144927241605046,7.7383364252219256,3.636590625354663
2008,ARIZONA,-0.8616395299288038,3.3085271905912705,4.518576122839524,7.371029394971207
2008,ARKANSAS,-0.9939956935526961,-0.7878436962362345,2.340630307605207,4.174038862283447
2008,CALIFORNIA,1.0016989090983142,1.9353813507478446,3.9232742527267606,4.102729233193836
2008,COLORADO,1.5339422041122264,3.6737336955803945,2.3341697196356925,4.490512054948836
2008,CONNECTICUT,-0.07637050160300696,3.9153411018161055,4.059660573591639,2.1946951181635255
2008,DELAWARE,-3.0130014435025054,-0.24148732438972198,2.1727442946923636,-1.2232415902140747
2008,DISTRICT OF COLUMBIA,3.9227671753681914,2.9389161919934237,0.32649549108521025,2.069697886901256
2008,FLORIDA,-3.9972302760100997,1.200623169712789,2.9675547510664257,6.0607002231712
2008,GEORGIA,-2.2240208464940014,0.6339285891661994,1.3148075300417172,4.339627660567413
2008,HAWAII,0.5428051209753537,1.921340095085311,2.4363900190543353,6.010603603077147
2008,IDAHO,2.7928666510996125,1.8349802217181077,2.802669378869793,8.159590544069207
2008,ILLINOIS,-0.8424267751190762,1.1055469450969468,2.489579131565689,1.6106094819799743
2008,INDIANA,-1.0270459939418553,2.6925559086118156,1.992400324873711,0.9289918962204435
2008,IOWA,-1.9497349893825677,4.303153826576045,1.3681262549515072,3.285656827746619
2008,KANSAS,1.7821400853139657,5.161757993932392,5.175240298895201,3.8178565326203895
2008,KENTUCKY,-0.3424168598447297,-0.7118389914020362,2.6156047161969065,3.966044377717104
2008,LOUISIANA,0.7739800327910551,-6.163946098618245,-0.9173712088312969,6.471668081858861
2008,MAINE,-1.2752913209742034,-0.15960785162421054,0.9494437151923663,1.2365452668829269
2008,MARYLAND,2.6085244353977854,0.31449266025733724,1.3702485508548357,3.918912680865616
2008,MASSACHUSETTS,2.091106467871273,2.752064414902522,2.2575545464299074,2.035790813749183
2008,MICHIGAN,-5.810402753638499,-0.646943949530232,-1.593436725958064,1.8377400346589523
2008,MINNESOTA,0.7409730799107894,0.6741636249832927,-0.08955268976018615,3.2939456764604413
2008,MISSISSIPPI,1.562490644814285,1.2181104541350019,2.2568520987763963,2.4746355413589383
2008,MISSOURI,2.146129570191335,0.17592173671916456,0.5592035075532076,2.307564369792403
2008,MONTANA,0.08111122376557311,4.823265314586722,3.220696796427447,5.193843832855793
2008,NEBRASKA,-0.07485826976236787,2.26291941759309,2.8256918947789034,3.8633702032049078
2008,NEVADA,-2.8818149834394013,0.7973862518019903,3.969418684476933,7.997763214938702
2008,NEW HAMPSHIRE,-1.4950578577668239,0.33829519632828653,2.4507030125594964,0.9716093813559201
2008,NEW JERSEY,2.611469455745974,0.8161509200834249,1.7300239596908629,1.9366970319031562
2008,NEW MEXICO,0.26101352566556546,0.7906259005512561,2.4085374560894213,1.1990794653577108
2008,NEW YORK,-1.5293928020066239,0.7744416656403796,2.5995407099942636,2.1646234314761648
2008,NORTH CAROLINA,2.63757457682372,1.0941500087976008,6.1626062734364995,5.0856336975839245
2008,NORTH DAKOTA,6.977034682189243,4.68157998829688,4.242261085288224,3.7515777415579876
2008,OHIO,-1.75684749290006,0.2245995951267954,-0.08509645333147908,2.2289625637048394
2008,OKLAHOMA,3.9479706438696915,2.1993003950733225,6.542502287917218,3.8916904663975016
2008,OREGON,2.7361427808002547,1.7265356348189487,5.022527335654159,4.0541153978490785
2008,PENNSYLVANIA,2.024590890248157,3.3640412096597183,0.39742451565094594,1.8015215076866875
2008,RHODE ISLAND,-1.736770217470296,-2.704179237650195,2.978214784201594,1.6943884641424711
2008,SOUTH CAROLINA,-1.0684993831054923,2.9438042947230514,2.2906568882254508,3.2941175036597325
2008,SOUTH DAKOTA,3.509120428860135,3.8653894824873136,1.4189977177740287,4.588906786189506
2008,TENNESSEE,0.4930386788861707,-0.6021554195443035,2.4171760900206785,3.008288125087555
2008,TEXAS,-0.31908126985948915,4.692159593692469,7.637603705079243,2.8749311612588535
2008,UTAH,0.3150959379110807,4.517974414743797,7.665766440337896,7.000419070325048
2008,VERMONT,3.2421234290560097,-0.8924095426262824,0.49341374149862727,0.5228037772945227
2008,VIRGINIA,1.4771985188479775,1.2072529012510103,1.8894178525477479,4.871796372638859
2008,WASHINGTON,2.173022927772794,5.63802940298106,3.770400789594275,6.434006807589454
2008,WEST VIRGINIA,2.033400328669477,0.3854241759819743,1.801201003678532,2.3669026399708137
2008,WISCONSIN,-1.2250049641837624,0.6289739582711951,1.724620456839765,2.9399525466550225
2008,WYOMING,5.503024694700254,7.454500256522811,12.929757496117556,5.642090251990006
2012,ALABAMA,0.874013489988057,1.5719340950631988,2.2108692957446996,-3.3375823162430818
2012,ALASKA,5.4328576364455206,1.2431892896715313,-2.870403147908651,9.683505651475755
2012,ARIZONA,2.006189367590938,2.2259861525098623,1.0907248003386494,-8.301553256097261
2012,ARKANSAS,0.5184721932689484,2.1488330714921178,2.5878524145457105,-3.3227109957620127
2012,CALIFORNIA,2.387258625054667,1.3660262817317248,2.03340146033979,-3.21099408878025
2012,COLORADO,1.8853473271682075,1.4342252581489578,1.091685999313885,-2.21974644754217
2012,CONNECTICUT,0.993324457203415,-2.3786323733490766,-0.22050293452655634,-4.989718959015499
2012,DELAWARE,-0.8974988596503808,3.86630613498149,-1.5288282884438176,4.879321191290864
2012,DISTRICT OF COLUMBIA,0.4572467565037819,1.5092761384351672,3.8648118541294796,-0.8195270345578209
2012,FLORIDA,0.8450155455555386,-0.3894253131614511,0.7773634630590553,-5.760423551797378
2012,GEORGIA,1.389861618421162,1.8213061113068196,1.1630572978026166,-3.819033633446889
2012,HAWAII,1.781685176639769,1.4627714959908333,2.5035515807294573,-3.595332440165311
2012,IDAHO,0.16779387973111515,-0.09539856353099063,1.6639367567973018,-4.943831403012789
2012,ILLINOIS,2.125130433242206,1.8768523170829,1.4558511743617997,-2.6118127725576756
2012,INDIANA,0.48464461679671444,0.5200369860845155,6.4383782667974065,-7.124440046703462
2012,IOWA,4.003799647325534,1.5230265523975106,2.7127678495691754,-2.467684449171148
2012,KANSAS,1.603961616112426,2.8412239027667985,1.1146788649079697,-3.8053044071527986
2012,KENTUCKY,1.3647022139425813,1.1308544534155418,4.244584119656247,-4.088312474361377
2012,LOUISIANA,0.17406055179323143,-4.805008341564165,4.409777886815758,1.8351441542067137
2012,MAINE,-0.20320139805537485,-0.9501887487340044,1.2584350952170587,-1.8732423486704564
2012,MARYLAND,0.02595979030024509,2.1721444867177198,4.505492670123101,-1.0850889700518618
2012,MASSACHUSETTS,1.938436504950003,2.043670546723786,4.560954335203915,-1.8558521777335968
2012,MICHIGAN,1.893960578004128,2.6266838422638994,5.501068669136977,-8.987229615130632
2012,MINNESOTA,1.5470932306544283,2.3135396275198117,3.4761099425177022,-3.7883909817814643
2012,MISSISSIPPI,1.9617157856912204,-0.08651019106278302,0.6127513505019389,-3.711032683026516
2012,MISSOURI,1.1176619107166275,-0.8122766017724659,1.4608283998832183,-2.4142011920879503
2012,MONTANA,1.1109068027519653,2.652370341498811,3.240166627017649,-2.366379960020848
2012,NEBRASKA,0.13500683319784823,5.254442313789087,3.712054787523833,0.14609896579835802
2012,NEVADA,-1.0596956798846757,0.6697301977071302,1.2375888266884294,-8.369095032517782
2012,NEW HAMPSHIRE,1.389894181538831,0.6455044111206121,3.2332975513430506,-1.261424877114714
2012,NEW JERSEY,1.8896423196034684,-1.228581452407096,1.3943356495315085,-5.1731763471526975
2012,NEW MEXICO,0.37936864745886645,-0.01986067848187556,-0.5218582058115095,1.2702782262330237
2012,NEW YORK,3.806593857996443,0.1612801209393444,3.8023525840306993,3.410810139041831
2012,NORTH CAROLINA,0.4075447896596529,1.2452593605147166,1.3615297693997608,-4.1245577509555265
2012,NORTH DAKOTA,22.417620829082097,11.666473262793687,7.583616120575165,2.8841326000397016
2012,OHIO,0.8425844108856939,3.2827244735193606,2.524651397589217,-4.849456578098055
2012,OKLAHOMA,5.13878668071126,3.589218518200199,0.29520599456811514,-1.4135367978963753
2012,OREGON,0.44830718447785856,2.7167708616471886,2.239390263352492,-4.649406532890543
2012,PENNSYLVANIA,1.6970118377558796,1.4955084724026957,2.881006392056751,-3.1215867568507805
2012,RHODE ISLAND,0.5916582812658389,-0.10363744038900391,2.656771517649492,-1.12881412233663
2012,SOUTH CAROLINA,0.8716902009958893,2.296041968035989,1.942058065119845,-4.369884395551626
2012,SOUTH DAKOTA,1.979117062915936,6.638411081605966,0.9560535470011677,2.3195533356533238
2012,TENNESSEE,3.4103495759995717,3.147143339276104,1.4024101646501475,-3.581585971720991
2012,TEXAS,4.992588654672403,3.3312406524034666,2.5575133207244027,-0.3738664883326748
2012,UTAH,1.1875695841553124,3.3012327464726265,2.034729073369812,-2.2492161432234203
2012,VERMONT,0.7851517397073682,2.1469033963885,4.3409742120343875,-1.9323880338924515
2012,VIRGINIA,0.37939354652838375,0.6902328516026568,3.178658941949819,-0.827379830141084
2012,WASHINGTON,3.2973715728782604,1.7731984739737028,2.932133704151396,-2.9251496040152203
2012,WEST VIRGINIA,-0.055570320616593616,1.7465493431279677,1.4102868673359525,-0.4265236062782507
2012,WISCONSIN,1.5739341058277123,2.242020036667447,3.1185510037826214,-2.9500774302967936
2012,WYOMING,-2.294564208821692,-0.7207301668139543,-3.5858702559066535,-3.0834044816437256
2016,ALABAMA,1.5410651045913104,0.7630355639137942,-0.7752006847475457,1.1225101785775626
2016,ALASKA,-0.9028001052231671,1.0197792139248207,-2.1066114104956735,-5.025942117508175
2016,ARIZONA,3.078169843971734,2.0321799436646915,1.2677255789139918,0.7522472737990116
2016,ARKANSAS,0.3979492839405241,0.5517543820395598,0.8867527927160168,2.083377499375527
2016,CALIFORNIA,2.9880427303552892,4.494492088334545,3.5253614925278676,3.1296537157509796
2016,COLORADO,2.0945892525104037,4.6054431312620325,4.330412552823648,3.4086750708304248
2016,CONNECTICUT,0.23905416624607767,2.937303233637678,-0.11425516393519519,-2.017874584028434
2016,DELAWARE,-5.677498558991512,2.8540146997001914,7.8098074566951725,-3.397985072472598
2016,DISTRICT OF COLUMBIA,2.4278219717075222,1.968336219900535,1.9773458058405247,0.15638792050429728
2016,FLORIDA,3.43761352403964,4.283830753389339,2.8170878215937556,2.0932765607639903
2016,GEORGIA,3.604770655029843,4.079192408156684,3.319521776777723,1.595525507035278
2016,HAWAII,1.8906148056860639,3.2063978322024678,0.6148101917244242,1.6103124526286594
2016,IDAHO,3.801132508576255,1.004259134723151,3.0063729564976605,3.9560111720923885
2016,ILLINOIS,-0.3220996630683759,1.4248496345086403,2.0752625236701627,-0.03773407758902447
2016,INDIANA,1.8646303185454016,-0.957090198309174,3.092953604719617,2.2512103433484976
2016,IOWA,-0.43090929809234124,2.7051504268415627,5.135259286929417,-0.036331891831886676
2016,KANSAS,3.282564066379723,2.38496093064664,2.554765127000902,-0.06684614527614485
2016,KENTUCKY,0.6554921384679391,0.7958261283571355,-0.01878726807228448,1.8873527382669009
2016,LOUISIANA,-1.968748927112296,-0.9938599163561768,3.021324317320695,-2.944923777968589
2016,MAINE,2.0938598973281097,0.717829523353064,1.5004010210540875,-0.8207944530241429
2016,MARYLAND,3.4267236303244797,2.5168092540560405,1.5962298616472914,0.524895232968503
2016,MASSACHUSETTS,1.55708370427865,3.652155850413963,1.5048980160674796,0.4418661830243975
2016,MICHIGAN,1.9137906483365663,2.1915060375784057,1.3004690981150313,1.4304532481395293
2016,MINNESOTA,1.6045431797742982,1.5351905640175412,2.8167866065395897,2.399403610049755
2016,MISSISSIPPI,0.769189430188777,0.19823779760597127,-0.04744286921714025,-0.11667682113403188
2016,MISSOURI,0.03168222584124525,1.0649422433368194,0.5394769760884488,1.1284728935596178
2016,MONTANA,-2.1123146024843664,3.5743375976234892,2.0035747366657253,1.4815462118188183
2016,NEBRASKA,1.086161317396983,3.2099339613551603,3.1111960259839533,1.902246658340312
2016,NEVADA,2.7384460576439507,4.16356627404364,0.9069471457567646,0.3155137654480056
2016,NEW HAMPSHIRE,2.1234717333125985,2.604477473769351,1.6406993021165217,0.8499505825708908
2016,NEW JERSEY,0.9626501333984683,1.4913445215930965,-0.2977512278371508,1.2625583458801604
2016,NEW MEXICO,-0.6130345937015558,0.7979440663796078,2.457614044298295,-1.2153512303639813
2016,NEW YORK,2.1539439286626827,1.4949345741690934,1.8079230087071574,0.08603908875961519
2016,NORTH CAROLINA,1.6569893364844157,2.778456218032943,2.2556708657020863,1.5639122677772566
2016,NORTH DAKOTA,-6.309955007215828,-2.158851012285856,9.259553357382156,2.0446591527339963
2016,OHIO,0.8800170820748132,0.8141205016772624,3.2303237713060096,1.9185689305220688
2016,OKLAHOMA,-2.0534637358243346,4.072613012251791,6.562280351763583,1.6151592228479394
2016,OREGON,4.281626668561933,4.815070692846168,3.0049939238509182,0.757569683467807
2016,PENNSYLVANIA,0.8635300713105032,1.9149006388627043,2.090759185595026,1.2352184100064445
2016,RHODE ISLAND,0.1580867527087637,1.0052893864235246,0.7370335267420147,0.6354806816199154
2016,SOUTH CAROLINA,3.117281073472089,3.2437768466488714,2.82245402517447,1.8373690519153163
2016,SOUTH DAKOTA,0.9011376452167541,1.8239996432274586,1.5835587146694863,0.5601175358473043
2016,TENNESSEE,1.8585529232715503,3.5202449528286994,1.4960596229191214,1.2059376653401621
2016,TEXAS,0.8750535602521703,4.9871696648788655,3.0253247777110026,4.469525009532571
2016,UTAH,4.404302835510743,3.4503776451033863,2.9154199179794116,2.779963324003476
2016,VERMONT,0.9928225557196191,0.7152689867945039,0.8043512368600014,-1.9144155697592091
2016,VIRGINIA,1.0553156411865272,1.6718039144644425,-0.30857530711672077,0.6929109705148484
2016,WASHINGTON,3.69082984332465,4.119160096082708,3.3084846713310245,2.5823994471333878
2016,WEST VIRGINIA,-0.9221233177193255,0.18502108956863772,-0.0249468108479034,0.3240797358444514
2016,WISCONSIN,0.983578769670368,1.7944504053262866,2.145963347301394,0.32763505518265124
2016,WYOMING,-5.516079389977779,2.1709126023144787,1.8270458383097932,-0.014927140114384674
2020,ALABAMA,-3.1850112029516486,1.2863488161656722,1.637068208897663,1.6896931190351516
2020,ALASKA,-5.953708998528217,0.16319371413118233,-1.6255461439695584,-0.21586606349521809
2020,ARIZONA,-1.0323429587986044,3.276462787454948,3.690891285128317,3.8383631699506315
2020,ARKANSAS,-1.581801321849552,0.7359993651757435,1.8021656896594296,0.9637573682535372
2020,CALIFORNIA,-2.7626145739887864,3.6226342322708938,4.005359573742595,4.690265384667014
2020,COLORADO,-3.016562884697749,4.156557020738538,3.811151998147677,3.451037048045258
2020,CONNECTICUT,-6.205488695405991,0.598804550914589,1.0671151385539535,1.6736632129910944
2020,DELAWARE,-3.4331117418583856,4.093781333471558,1.53598942126143,-3.4921501619807893
2020,DISTRICT OF COLUMBIA,-2.11872441301445,0.9320383959120049,2.429467927334339,1.0486082496198978
2020,FLORIDA,-2.842512786902518,2.9843023057386064,3.3404522533254877,3.565014465607419
2020,GEORGIA,-3.8662327843170474,3.5188187360548406,2.7483892822420364,3.5631260405645904
2020,HAWAII,-10.799061324603343,-0.8506700294409808,1.1566778479280782,2.1185218339566436
2020,IDAHO,-0.3471696071003394,3.990972966736739,6.113570367495003,2.2931016050947717
2020,ILLINOIS,-5.144988682624585,0.463630315283603,2.444471884199295,0.8355692091705391
2020,INDIANA,-2.508289490678439,0.3560733870068278,3.4703661317750267,1.9524939651409667
2020,IOWA,-2.015950863474958,-0.01353153367790183,1.6139713378621856,-0.1211345091910232
2020,KANSAS,-2.130197905761111,0.8029889312129335,2.2511082126455584,1.1142826098130554
2020,KENTUCKY,-3.041668517497531,1.739598774162121,1.1928454024797475,0.951307606658891
2020,LOUISIANA,-5.785521870110156,-0.1345942871073924,1.0656427735457719,2.340294665508025
2020,MAINE,-1.1384075418237716,2.1573150357174775,2.6758390896287843,1.9746100990904347
2020,MARYLAND,-4.483313984837023,0.26583920146243667,0.535452526109248,1.8324992640565307
2020,MASSACHUSETTS,-3.6988791971677704,2.9372052291828377,3.8274095411815257,1.9069778205066168
2020,MICHIGAN,-4.626062646666973,-0.11333166891249746,2.1988361274531965,1.2026082119678483
2020,MINNESOTA,-3.967537156337697,0.47438220867324077,2.990117619284205,1.4399270685488297
2020,MISSISSIPPI,-1.8296953167246333,0.3891962444935615,-0.5023508959378087,0.3820046950628875
2020,MISSOURI,-2.815205506769991,1.6947493156351356,1.354092613711666,1.0981364999792298
2020,MONTANA,-1.3462853723176904,0.37306308606195326,1.5325470208340075,3.3163954200122303
2020,NEBRASKA,-0.5255037557117759,1.1822480590978568,2.1169470191097384,1.6600436012307762
2020,NEVADA,-7.4027857128282415,4.058878016025291,3.4397415509550777,4.011030745025024
2020,NEW HAMPSHIRE,-2.0529908656557683,2.107510994961248,1.92599109669358,0.7273127621574504
2020,NEW JERSEY,-4.636154454591212,2.141257979746025,2.4242656715423028,0.37188679375756983
2020,NEW MEXICO,-2.2933986000128637,4.255962127222834,2.2097672746877572,-0.13392947278448863
2020,NEW YORK,-4.990538800018507,2.519938671976951,2.70587797717583,1.1653894353066185
2020,NORTH CAROLINA,-2.935613881100585,2.098087588619779,1.474251927368475,2.8485478050449986
2020,NORTH DAKOTA,-2.9617579604245603,0.6495598024479188,3.3298756912972793,2.092512260592816
2020,OHIO,-3.476764464388049,2.041801778576713,1.3844018059416596,1.163206075078116
2020,OKLAHOMA,-4.891164356295552,1.6987377779399182,1.5970163083765643,0.6376890881030439
2020,OREGON,-3.01127959675237,1.9745475092096676,4.599873241024799,3.8699147260718325
2020,PENNSYLVANIA,-4.523974221885374,1.7369798251570367,1.3985867928292484,0.8537836484836303
2020,RHODE ISLAND,-3.4004697040864285,1.3929264027370714,-0.2185946077462364,-0.5553602280417125
2020,SOUTH CAROLINA,-1.88358775392643,2.2669484489540537,2.606690657465438,2.266904437599515
2020,SOUTH DAKOTA,0.08940631633111984,0.40233262510736,1.2552802856258483,-0.4292907370431531
2020,TENNESSEE,-3.8850955116744523,2.003139639576812,1.3305089004183257,2.666123261770692
2020,TEXAS,-2.856454864424973,3.240139604389447,3.9098291480355485,2.7324414480359938
2020,UTAH,0.13755246598148307,4.7804098526269545,5.804143753243074,4.328805378126721
2020,VERMONT,-4.194590473132953,0.96703177968962,0.3915134792497943,0.31555931869111653
2020,VIRGINIA,-2.757117678012755,1.9739240609116582,2.377203868318123,1.4694570770261706
2020,WASHINGTON,-0.5818495262420842,3.9467455242607086,6.794565557104559,5.359423982431077
2020,WEST VIRGINIA,-3.9029319202843915,-0.7813803611336878,2.315720535017096,2.0682346017934172
2020,WISCONSIN,-4.006499694627563,1.4946429048547927,2.4305603069605164,0.13390641212687182
2020,WYOMING,-6.139783164718193,1.6860631938064419,1.4929560155066524,-1.9890700652287152
