year,state,y_votes_percent,gdp_real,gdp_def,z_t_0,z_t_1,z_t_2,z_t_3,incumbent,former_president_again,former_party_morethan_2,sudden_vice,lag_vice
1984,ALABAMA,38.736604648681734,4.719411633608184,4.54848519904083,1,1,0,0,-1,-1,0.0,0,0
1984,ALASKA,30.944087352283617,3.9950275151904746,1.250441759617349,1,0,0,1,-1,-1,0.0,0,0
1984,ARIZONA,32.883272429993994,10.752575081086224,4.731523914581293,1,1,0,1,-1,-1,0.0,0,0
1984,ARKANSAS,38.77241189805592,7.8390779181293,4.3635850114860375,1,1,0,1,-1,-1,0.0,0,0
1984,CALIFORNIA,41.77546517780233,8.028589210434745,4.7375487564110585,1,1,0,1,-1,-1,0.0,0,0
1984,COLORADO,35.634230164349404,5.731263809044762,4.859061391004094,1,0,0,1,-1,-1,0.0,0,0
1984,CONNECTICUT,39.000831236981966,9.180514383894378,4.935244688304263,1,1,0,0,-1,-1,0.0,0,0
1984,DELAWARE,40.04632730080443,7.411800080181741,4.630273857016132,1,1,0,0,-1,-1,0.0,0,0
1984,DISTRICT OF COLUMBIA,86.14773394710076,2.0809877014968947,5.978878387685738,0,0,0,0,-1,-1,0.0,0,0
1984,FLORIDA,34.66758678645452,8.429582883321673,5.189712110981692,1,1,0,1,-1,-1,0.0,0,0
1984,GEORGIA,39.802179851860195,9.732293833846706,5.059585889108731,1,1,0,1,-1,-1,0.0,0,0
1984,HAWAII,44.296275782350605,3.7484157841599863,6.840858333389632,1,1,0,0,-1,-1,0.0,0,0
1984,IDAHO,26.724428802585013,1.7786561264822254,4.493351751784713,0,1,0,0,-1,-1,0.0,0,0
1984,ILLINOIS,43.52674669277925,7.1878585768153425,4.678430294609037,1,0,0,0,-1,-1,0.0,0,0
1984,INDIANA,37.926570878316284,9.088584814174538,4.260448589379351,1,0,0,0,-1,-1,0.0,0,0
1984,IOWA,46.27617466997986,5.476422426796246,4.377545972239916,1,0,0,1,-1,-1,0.0,0,0
1984,KANSAS,32.970522888430345,4.483886034563289,4.354504401638981,1,0,0,1,-1,-1,0.0,0,0
1984,KENTUCKY,39.635817610548024,7.5603594384573425,4.0459448759609495,1,0,0,1,-1,-1,0.0,0,0
1984,LOUISIANA,38.58083883745785,5.942806817593116,1.4403218658852968,1,0,0,1,-1,-1,0.0,0,0
1984,MAINE,38.93088209939838,7.067731613785688,5.098896436815847,1,1,0,0,-1,-1,0.0,0,0
1984,MARYLAND,47.24247280785537,6.755576644472816,5.288847469132385,1,1,0,0,-1,-1,0.0,0,0
1984,MASSACHUSETTS,48.60166976274063,9.31154259721103,4.627066332340468,1,1,0,0,-1,-1,0.0,0,0
1984,MICHIGAN,40.45367500183143,8.123858894532399,4.014365274166187,1,1,0,0,-1,-1,0.0,0,0
1984,MINNESOTA,50.09089076819495,10.451265354706308,4.3019353714514486,1,1,0,1,-1,-1,0.0,0,0
1984,MISSISSIPPI,37.68496494105839,6.841773972119558,3.6039459606472146,1,0,0,1,-1,-1,0.0,0,0
1984,MISSOURI,39.975249332122964,8.57937611359394,4.747066902251973,1,1,0,0,-1,-1,0.0,0,0
1984,MONTANA,38.698601236313,0.6107851804227238,3.3982405154739714,0,0,0,1,-1,-1,0.0,0,0
1984,NEBRASKA,28.995246326707,7.515107064844773,4.990254904214186,1,0,0,1,-1,-1,0.0,0,0
1984,NEVADA,32.68431844521708,4.614561523976413,4.81922318963901,1,1,0,1,-1,-1,0.0,0,0
1984,NEW HAMPSHIRE,31.065547745594312,12.068796336676858,4.334703331479273,1,1,0,1,-1,-1,0.0,0,0
1984,NEW JERSEY,39.47860891850365,7.966898076283702,4.877349221311977,1,1,0,0,-1,-1,0.0,0,0
1984,NEW MEXICO,39.6504018708118,4.839983166670003,2.648684284791969,1,0,0,0,-1,-1,0.0,0,0
1984,NEW YORK,47.0582821297111,6.0332089349977025,4.856417890391729,1,0,0,0,-1,-1,0.0,0,0
1984,NORTH CAROLINA,37.97213705011314,8.593553470516134,4.684307627953421,1,1,0,1,-1,-1,0.0,0,0
1984,NORTH DAKOTA,34.26541761685233,2.3046054464278987,3.5476358433480515,0,0,0,1,-1,-1,0.0,0,0
1984,OHIO,40.52931628093168,8.714750888543632,4.018640434944376,1,1,0,0,-1,-1,0.0,0,0
1984,OKLAHOMA,30.89017415230104,4.721301738151817,2.678911151573238,1,0,1,1,-1,-1,0.0,0,0
1984,OREGON,43.89528866066264,6.177497465930837,4.5614640154332475,1,0,0,0,-1,-1,0.0,0,0
1984,PENNSYLVANIA,46.29926852287835,5.480904910476481,4.3741359407758695,1,1,0,0,-1,-1,0.0,0,0
1984,RHODE ISLAND,48.170269755074706,6.997762769764404,4.664589475431424,1,1,0,0,-1,-1,0.0,0,0
1984,SOUTH CAROLINA,35.88122058587622,9.618238230136233,4.84636629187063,1,1,0,1,-1,-1,0.0,0,0
1984,SOUTH DAKOTA,36.70048675643214,7.781655161873702,5.013031927213563,1,0,0,1,-1,-1,0.0,0,0
1984,TENNESSEE,41.81815190554701,7.274297427665921,4.504276762335979,1,1,0,1,-1,-1,0.0,0,0
1984,TEXAS,36.21369482698658,5.8228185183026415,2.9718775269554243,1,0,0,1,-1,-1,0.0,0,0
1984,UTAH,24.879978990318254,7.753278371050731,4.058484380858096,1,1,0,1,-1,-1,0.0,0,0
1984,VERMONT,41.335089272220905,5.039651244304255,4.71491701820268,1,1,0,1,-1,-1,0.0,0,0
1984,VIRGINIA,37.32431206078015,6.865363176673878,5.742699657731887,1,1,0,1,-1,-1,0.0,0,0
1984,WASHINGTON,43.15364898363371,3.642529018244911,5.318716584523897,1,0,0,1,-1,-1,0.0,0,0
1984,WEST VIRGINIA,44.72756567540158,5.297797495506762,3.199438039200131,1,0,0,0,-1,-1,0.0,0,0
1984,WISCONSIN,45.377984290378265,6.053056016947123,4.507281504480165,1,0,0,0,-1,-1,0.0,0,0
1984,WYOMING,28.599600237928097,4.804273325503194,0.14802110556881853,1,0,0,1,-1,-1,0.0,0,0
1988,ALABAMA,40.254431601911094,4.892504490898064,3.583284833455669,1,1,0,1,-1,0,-1.0,-1,0
1988,ALASKA,37.83668256574661,-5.696789882609554,-1.6160870516543913,0,1,0,1,-1,0,-1.0,-1,0
1988,ARIZONA,39.2565084690075,4.7761221308671775,3.2265899364720685,1,1,1,1,-1,0,-1.0,-1,0
1988,ARKANSAS,42.80835728688489,3.8310157340133877,3.212602171109924,1,1,0,0,-1,0,-1.0,-1,0
1988,CALIFORNIA,48.19268946362411,5.662105473207957,3.2871634531662197,1,1,1,1,-1,0,-1.0,-1,0
1988,COLORADO,46.04617561850285,3.069770121288218,2.846466920274815,1,0,0,0,-1,0,-1.0,-1,0
1988,CONNECTICUT,47.41884954356701,6.092305169574308,3.029759597839843,1,1,1,1,-1,0,-1.0,-1,0
1988,DELAWARE,43.75881040413072,4.592937964534705,3.7123308504874553,1,1,1,1,-1,0,-1.0,-1,0
1988,DISTRICT OF COLUMBIA,85.24575260565678,4.3625897693674975,5.053627937786809,1,1,0,0,-1,0,-1.0,-1,0
1988,FLORIDA,38.747928354148414,6.209724966891139,3.36188064167251,1,1,1,1,-1,0,-1.0,-1,0
1988,GEORGIA,39.796383655239644,4.457725541328106,3.5299844635794164,1,1,1,1,-1,0,-1.0,-1,0
1988,HAWAII,54.80627598015892,6.829792622884989,3.34986278497027,1,1,1,1,-1,0,-1.0,-1,0
1988,IDAHO,36.71217714936695,5.386322372402663,3.630068145700771,1,0,0,0,-1,0,-1.0,-1,0
1988,ILLINOIS,48.95072300364114,5.638695283110451,3.254679139990735,1,1,0,1,-1,0,-1.0,-1,0
1988,INDIANA,39.87400887506799,4.979275379355119,3.407475179880559,1,1,0,0,-1,0,-1.0,-1,0
1988,IOWA,55.14848114008251,5.204965296693809,3.0410441956882917,1,0,0,0,-1,0,-1.0,-1,0
1988,KANSAS,43.27249829781352,2.603845174699826,3.0550171010794935,0,1,0,1,-1,0,-1.0,-1,0
1988,KENTUCKY,44.14623218821146,6.692524812100142,3.0002211434511983,1,1,0,1,-1,0,-1.0,-1,0
1988,LOUISIANA,44.80870767605027,3.699026314628684,2.217330853485011,1,0,0,0,-1,0,-1.0,-1,0
1988,MAINE,44.228981296531686,7.542554195639184,3.683706436883849,1,1,1,1,-1,0,-1.0,-1,0
1988,MARYLAND,48.53556976888299,6.910021977914993,3.6699836970230493,1,1,1,1,-1,0,-1.0,-1,0
1988,MASSACHUSETTS,53.98258893318696,5.937404061583473,3.043888028644104,1,1,1,1,-1,0,-1.0,-1,0
1988,MICHIGAN,46.02195003994486,4.1564439834606,2.4675412704926902,1,0,0,1,-1,0,-1.0,-1,0
1988,MINNESOTA,53.55085992524404,4.041263733390554,3.469905530085815,1,1,0,1,-1,0,-1.0,-1,0
1988,MISSISSIPPI,39.478917044817216,2.367876822288939,3.5234963773351557,0,1,0,1,-1,0,-1.0,-1,0
1988,MISSOURI,48.00308831902278,4.403925207715664,3.1591780391878377,1,1,1,0,-1,0,-1.0,-1,0
1988,MONTANA,47.01181027861571,-0.8718485240117313,3.7118317659016853,0,0,0,0,-1,0,-1.0,-1,0
1988,NEBRASKA,39.4459145058286,5.685698565693675,3.4695969865048193,1,0,0,1,-1,0,-1.0,-1,0
1988,NEVADA,39.18141083541434,8.775048037331867,4.649331582125016,1,1,1,1,-1,0,-1.0,-1,0
1988,NEW HAMPSHIRE,36.76636727286612,6.186865846250766,2.8907420463943234,1,1,1,1,-1,0,-1.0,-1,0
1988,NEW JERSEY,43.098842386464824,7.374354156881169,3.8409018120293625,1,1,1,1,-1,0,-1.0,-1,0
1988,NEW MEXICO,47.490084259514646,1.9753746528242022,2.5565033140914295,0,0,0,1,-1,0,-1.0,-1,0
1988,NEW YORK,53.42205263918794,5.770657926319767,3.1895779058938034,1,1,0,1,-1,0,-1.0,-1,0
1988,NORTH CAROLINA,41.84246213144999,5.796263025024073,3.7349079847563527,1,1,1,1,-1,0,-1.0,-1,0
1988,NORTH DAKOTA,43.40464427213233,-8.039559128353002,2.851523828206126,0,0,0,0,-1,0,-1.0,-1,0
1988,OHIO,44.525935349749254,3.8177159619647627,3.114835681063366,1,1,0,1,-1,0,-1.0,-1,0
1988,OKLAHOMA,41.61018772755833,4.808220882667502,2.4371049399277256,1,0,0,0,-1,0,-1.0,-1,0
1988,OREGON,52.383680797597954,6.281300339368512,3.6773354009829173,1,1,0,0,-1,0,-1.0,-1,0
1988,PENNSYLVANIA,48.83045300466226,4.862778351662245,3.668018290903796,1,1,0,0,-1,0,-1.0,-1,0
1988,RHODE ISLAND,55.87787055331063,6.942821115426012,3.165717616519159,1,1,1,1,-1,0,-1.0,-1,0
1988,SOUTH CAROLINA,37.927854435581686,5.158815195780786,3.469092817665631,1,1,1,1,-1,0,-1.0,-1,0
1988,SOUTH DAKOTA,46.8076211914141,0.802296049444351,3.884746970935815,0,0,0,1,-1,0,-1.0,-1,0
1988,TENNESSEE,41.781359498029225,4.683364478852825,3.3855451172754014,1,1,1,1,-1,0,-1.0,-1,0
1988,TEXAS,43.65366706886273,5.9885825471679865,2.724174323346973,1,0,0,1,-1,0,-1.0,-1,0
1988,UTAH,32.612125168099276,5.2977984486636265,3.3861564224636043,1,0,0,1,-1,0,-1.0,-1,0
1988,VERMONT,48.218286923275556,8.668483449341258,3.1050365669841318,1,1,1,1,-1,0,-1.0,-1,0
1988,VIRGINIA,39.64105394241759,5.198506383541823,3.533332137968781,1,1,1,1,-1,0,-1.0,-1,0
1988,WASHINGTON,50.80771175458582,6.045529187303922,3.408702304349487,1,1,1,0,-1,0,-1.0,-1,0
1988,WEST VIRGINIA,52.376893197620575,7.417023098152353,2.8352598368147186,1,0,0,0,-1,0,-1.0,-1,0
1988,WISCONSIN,51.82346629456104,6.117984380995289,2.9747581936222067,1,1,0,1,-1,0,-1.0,-1,0
1988,WYOMING,38.575123577422694,6.340604806180061,-0.3300538791650598,1,0,0,0,-1,0,-1.0,-1,0
1992,ALABAMA,46.178873540097015,4.294697238011724,2.459957015527614,1,1,0,0,-1,-1,-1.25,0,0
1992,ALASKA,43.42573796132983,1.2752987831798457,0.8248073881136797,0,0,0,1,-1,-1,-1.25,0,0
1992,ARIZONA,48.69809601698806,10.17282154790118,2.3029820805248624,1,0,0,0,-1,-1,-1.25,0,0
1992,ARKANSAS,59.992267066122515,5.941141301308872,2.216695208876507,1,1,0,0,-1,-1,-1.25,0,0
1992,CALIFORNIA,58.51672876937908,-0.16585822027735952,2.3611415494732224,0,0,1,1,-1,-1,-1.25,0,0
1992,COLORADO,52.80206552282498,6.915943031567484,2.367787415393585,1,0,0,0,-1,-1,-1.25,0,0
1992,CONNECTICUT,54.12511670742668,1.3669903963849261,2.8163508755012723,0,0,0,0,-1,-1,-1.25,0,0
1992,DELAWARE,55.19799270472529,0.921665831151719,4.377362274665364,0,1,0,1,-1,-1,-1.25,0,0
1992,DISTRICT OF COLUMBIA,90.29706961939273,0.7107811427035982,3.5039945153369167,0,0,0,0,-1,-1,-1.25,0,0
1992,FLORIDA,48.803158910419015,3.7379350419685764,2.520291027200905,1,0,0,1,-1,-1,-1.25,0,0
1992,GEORGIA,50.342128451096634,5.694483317903543,2.489430958332095,1,0,0,0,-1,-1,-1.25,0,0
1992,HAWAII,56.719977730821306,2.7133216117437353,2.382029615049741,1,0,1,1,-1,-1,-1.25,0,0
1992,IDAHO,40.33851697884342,6.941362146412544,2.3379416772274286,1,0,1,1,-1,-1,-1.25,0,0
1992,ILLINOIS,58.588218212246794,3.910357325489233,2.162592899668825,1,0,0,0,-1,-1,-1.25,0,0
1992,INDIANA,46.16510546606123,6.414085124404623,2.233287269038109,1,0,0,1,-1,-1,-1.25,0,0
1992,IOWA,53.73252911356214,4.768859040211115,1.9154523186796668,1,0,1,1,-1,-1,-1.25,0,0
1992,KANSAS,46.45894441238242,2.916192711231802,2.4243031954962024,1,0,0,0,-1,-1,-1.25,0,0
1992,KENTUCKY,51.86877769476605,5.550113232701759,2.4768513514444868,1,0,0,0,-1,-1,-1.25,0,0
1992,LOUISIANA,52.66513786041564,-6.46887999229474,1.179356605678139,0,0,0,0,-1,-1,-1.25,0,0
1992,MAINE,56.05587286454831,1.2673510834528834,2.764579218308838,0,0,0,0,-1,-1,-1.25,0,0
1992,MARYLAND,58.299900039217654,0.8125726179262882,2.723974054184053,0,0,0,0,-1,-1,-1.25,0,0
1992,MASSACHUSETTS,62.09222867120157,1.3231280279223823,2.8127411990895412,0,0,0,0,-1,-1,-1.25,0,0
1992,MICHIGAN,54.61515964697112,4.284455919271513,2.8461816419629526,1,0,0,0,-1,-1,-1.25,0,0
1992,MINNESOTA,57.721340224486354,5.589148022847312,2.218168130549203,1,0,0,1,-1,-1,-1.25,0,0
1992,MISSISSIPPI,45.071510532615804,5.402610774681071,2.1873366668848426,1,0,0,0,-1,-1,-1.25,0,0
1992,MISSOURI,56.50696610031356,2.9722968978775244,2.564087189029096,1,0,0,0,-1,-1,-1.25,0,0
1992,MONTANA,51.7240571248753,5.253125953034465,2.278940051601719,1,0,0,1,-1,-1,-1.25,0,0
1992,NEBRASKA,38.688269567668435,4.949080618833834,2.2414727677522173,1,1,1,1,-1,-1,-1.25,0,0
1992,NEVADA,51.824777519617726,7.558321445427896,2.2344798808142885,1,0,1,1,-1,-1,-1.25,0,0
1992,NEW HAMPSHIRE,50.7965513554495,3.9217403041811316,2.324090813065438,1,0,0,0,-1,-1,-1.25,0,0
1992,NEW JERSEY,51.420318352093446,1.6803307717175864,2.2737569377185185,0,0,0,0,-1,-1,-1.25,0,0
1992,NEW MEXICO,55.14215676975641,5.865632670929832,1.7650395856627865,1,1,0,0,-1,-1,-1.25,0,0
1992,NEW YORK,62.11082540422493,1.3766482060660223,3.0785143894354494,0,0,0,0,-1,-1,-1.25,0,0
1992,NORTH CAROLINA,49.541535720813286,5.537256100868326,3.149275605699331,1,0,0,1,-1,-1,-1.25,0,0
1992,NORTH DAKOTA,42.12529522709123,8.06284398774222,2.075745861820133,1,0,1,1,-1,-1,-1.25,0,0
1992,OHIO,51.168163346954515,4.660421296398365,2.356243518208645,1,0,0,0,-1,-1,-1.25,0,0
1992,OKLAHOMA,44.37788169738132,2.3754293748776245,1.899930923512505,0,0,0,0,-1,-1,-1.25,0,0
1992,OREGON,56.63389151659282,3.8654753928384133,2.6784227424070606,1,0,1,1,-1,-1,-1.25,0,0
1992,PENNSYLVANIA,55.548529461015306,2.988282692723221,2.6871568417173197,1,0,0,0,-1,-1,-1.25,0,0
1992,RHODE ISLAND,61.84372281820818,1.4585199641668822,2.7674177924652987,0,0,0,1,-1,-1,-1.25,0,0
1992,SOUTH CAROLINA,47.64315457275972,3.2827345947496145,2.300116088300097,1,0,1,1,-1,-1,-1.25,0,0
1992,SOUTH DAKOTA,47.73896623166135,5.637029057921161,2.584986258884614,1,1,1,0,-1,-1,-1.25,0,0
1992,TENNESSEE,52.59803664707596,7.790089239378051,2.353757029715231,1,1,0,0,-1,-1,-1.25,0,0
1992,TEXAS,47.7578368341145,3.9287466412217142,1.8005434817348398,1,0,1,0,-1,-1,-1.25,0,0
1992,UTAH,36.24642088601967,3.8280965015181856,2.3541350173439834,1,1,1,0,-1,-1,-1.25,0,0
1992,VERMONT,60.254201358506904,4.709588258456021,2.060558484161823,1,0,0,1,-1,-1,-1.25,0,0
1992,VIRGINIA,47.44498706585656,1.9654097170181295,3.198715662382967,0,0,0,1,-1,-1,-1.25,0,0
1992,WASHINGTON,57.59170107251122,3.5817427843598093,3.1170497792402108,1,0,1,1,-1,-1,-1.25,0,0
1992,WEST VIRGINIA,57.76883808194075,2.7968748534501486,1.6870670008309219,1,0,0,0,-1,-1,-1.25,0,0
1992,WISCONSIN,52.79450850211545,5.504963001527741,2.198660190498347,1,0,0,0,-1,-1,-1.25,0,0
1992,WYOMING,46.20797657060343,1.476806697690236,0.07326942185585938,0,1,1,0,-1,-1,-1.25,0,0
1996,ALABAMA,46.266128846311055,3.4230427477380587,1.0563890077128102,1,1,1,0,1,1,0.0,0,0
1996,ALASKA,39.57149749416618,-1.2217251933281381,6.36097413484642,0,1,0,0,1,1,0.0,0,0
1996,ARIZONA,51.22377115185426,7.899517494721908,0.7947534540758694,1,1,1,1,1,1,0.0,0,0
1996,ARKANSAS,59.35282486475548,4.495657827104704,1.5936372713319935,1,1,1,1,1,1,0.0,0,0
1996,CALIFORNIA,57.21626523096894,4.008104194846829,1.6951290997023527,1,1,0,0,1,1,0.0,0,0
1996,COLORADO,49.240792369772564,5.412996155647076,1.9125066472486019,1,1,1,1,1,1,0.0,0,0
1996,CONNECTICUT,60.36350688231274,2.625447240934786,2.1069912233635746,0,1,0,0,1,1,0.0,0,0
1996,DELAWARE,58.623656632569954,1.876004047920432,3.2419410441036467,0,1,1,0,1,1,0.0,0,0
1996,DISTRICT OF COLUMBIA,90.12354820886425,-1.3161297047227127,2.9022989036950664,0,0,0,0,1,1,0.0,0,0
1996,FLORIDA,53.1549611951064,5.1427547885323,1.6772341975761718,1,1,1,1,1,1,0.0,0,0
1996,GEORGIA,49.36773080144583,6.696491069641075,1.3692123551322766,1,1,1,1,1,1,0.0,0,0
1996,HAWAII,64.27615180824881,-1.061132025859557,2.0400634904827353,0,0,0,0,1,1,0.0,0,0
1996,IDAHO,39.20097242428407,3.3283920630101216,0.795353030297985,1,1,1,1,1,1,0.0,0,0
1996,ILLINOIS,59.60509218545777,3.9603498175177165,1.2193374893021858,1,1,1,0,1,1,0.0,0,0
1996,INDIANA,46.85159364495435,4.054418725326814,1.1809416172557707,1,1,1,1,1,1,0.0,0,0
1996,IOWA,55.733388923732726,5.7206614607011375,1.9382993677786953,1,1,1,0,1,1,0.0,0,0
1996,KANSAS,39.92763445201585,4.191118436152941,2.3496127824455204,1,0,1,0,1,1,0.0,0,0
1996,KENTUCKY,50.52905118434285,3.73737780955794,1.3286856134854474,1,1,1,1,1,1,0.0,0,0
1996,LOUISIANA,56.56083827159215,0.9603326759924258,4.253712957751299,0,1,1,0,1,1,0.0,0,0
1996,MAINE,62.662120416855316,2.9838087359134624,0.9080940742531629,1,0,0,0,1,1,0.0,0,0
1996,MARYLAND,58.63842348627239,2.3993934526117533,1.8371022836009665,0,0,1,0,1,1,0.0,0,0
1996,MASSACHUSETTS,68.63782540541509,5.4676134361471895,1.6813769791008681,1,1,1,0,1,1,0.0,0,0
1996,MICHIGAN,57.324413366696774,3.5733094456448455,1.706327788386397,1,0,1,1,1,1,0.0,0,0
1996,MINNESOTA,59.38068927137576,6.429331418734807,1.4384254734061797,1,1,1,0,1,1,0.0,0,0
1996,MISSISSIPPI,47.252776245412896,3.0107363292686706,1.4483961545333601,1,1,1,1,1,1,0.0,0,0
1996,MISSOURI,53.54703747642815,4.08462381909902,1.6984990312686632,1,1,1,0,1,1,0.0,0,0
1996,MONTANA,48.312589549275835,1.6949246515341354,1.6976706847958045,0,0,1,1,1,1,0.0,0,0
1996,NEBRASKA,39.44517749921697,5.844207451321548,2.637199483779651,1,0,1,0,1,1,0.0,0,0
1996,NEVADA,50.58653135524704,9.091496396877874,1.2876286814989868,1,1,1,1,1,1,0.0,0,0
1996,NEW HAMPSHIRE,55.61163171068921,7.656458467164118,0.7126860240174615,1,1,1,0,1,1,0.0,0,0
1996,NEW JERSEY,59.9667932033127,4.358345135866193,1.1784852816997926,1,0,0,0,1,1,0.0,0,0
1996,NEW MEXICO,54.02413056103159,4.379519341024496,1.2284415182993724,1,0,1,1,1,1,0.0,0,0
1996,NEW YORK,67.7320293812358,4.133347697152456,2.2108151857244795,1,0,0,0,1,1,0.0,0,0
1996,NORTH CAROLINA,47.47001333026536,3.8687064256225145,1.4250420424307686,1,1,1,1,1,1,0.0,0,0
1996,NORTH DAKOTA,46.08868099415835,7.71855873256162,3.1494594974783796,1,0,1,0,1,1,0.0,0,0
1996,OHIO,53.59694918172054,3.3968990981645852,1.1294916187172266,1,1,1,0,1,1,0.0,0,0
1996,OKLAHOMA,45.59939089329422,4.937521400256872,2.633475051872458,1,0,0,0,1,1,0.0,0,0
1996,OREGON,54.69311571965822,14.12342893973575,0.2519785091147586,1,1,1,1,1,1,0.0,0,0
1996,PENNSYLVANIA,55.16120536083255,2.6377753845331586,1.1689951511166807,0,1,1,0,1,1,0.0,0,0
1996,RHODE ISLAND,69.00421338749841,1.7128975764081122,1.7941669546689187,0,0,0,0,1,1,0.0,0,0
1996,SOUTH CAROLINA,46.888024078014546,2.9986748422163867,0.9913039918050703,1,1,1,1,1,1,0.0,0,0
1996,SOUTH DAKOTA,48.06641460486553,4.804535637149021,2.6293190291637236,1,0,1,1,1,1,0.0,0,0
1996,TENNESSEE,51.286642341860556,3.250235771341581,1.163534658687726,1,1,1,1,1,1,0.0,0,0
1996,TEXAS,47.33937661787773,5.924933183006487,2.548274338517942,1,1,1,1,1,1,0.0,0,0
1996,UTAH,37.980512180743865,9.890732144412784,1.2576197715795212,1,1,1,1,1,1,0.0,0,0
1996,VERMONT,63.18283038406202,4.420612636956656,1.1507027606153075,1,0,1,0,1,1,0.0,0,0
1996,VIRGINIA,48.939405492933105,4.292042330460721,1.8161504378161109,1,1,1,1,1,1,0.0,0,0
1996,WASHINGTON,57.19465284478128,5.605668534328023,1.6967192137280263,1,0,1,0,1,1,0.0,0,0
1996,WEST VIRGINIA,58.35466517610786,2.2966172656840644,0.6633586517889922,0,0,1,1,1,1,0.0,0,0
1996,WISCONSIN,55.91919666145018,4.744952894649512,1.2079456183366366,1,0,1,1,1,1,0.0,0,0
1996,WYOMING,42.51208256510402,2.763440721815358,4.932216638560494,1,1,0,1,1,1,0.0,0,0
2000,ALABAMA,42.39305807866891,1.498448678568498,2.076586530747848,0,1,1,1,1,0,1.0,1,0
2000,ALASKA,32.06305143627081,-2.9166923294859703,11.58915708565087,0,0,0,0,1,0,1.0,1,0
2000,ARIZONA,46.71740083286014,4.90166326203485,1.0528616806841917,1,1,1,1,1,0,1.0,1,0
2000,ARKANSAS,47.19931048957919,0.848901197551033,1.9294564420782478,0,1,0,1,1,0,1.0,1,0
2000,CALIFORNIA,56.20298999907179,7.740966987419662,1.4155577249153284,1,1,1,1,1,0,1.0,1,0
2000,COLORADO,45.51408005672097,7.568791785767037,2.2167555814012863,1,1,1,1,1,0,1.0,1,0
2000,CONNECTICUT,59.25565804885452,6.822724988225937,1.805191156547692,1,1,1,1,1,0,1.0,1,0
2000,DELAWARE,56.740064785288446,4.26556187968663,3.2930473670568894,1,1,1,1,1,0,1.0,1,0
2000,DISTRICT OF COLUMBIA,90.48769447777848,0.7075588570511604,3.1358278217379354,0,1,0,0,1,0,1.0,1,0
2000,FLORIDA,49.99539059196645,4.464937320211915,2.4908222905491106,1,1,1,1,1,0,1.0,1,0
2000,GEORGIA,44.01624637709734,3.3410195069358384,2.2493833207997582,1,1,1,1,1,0,1.0,1,0
2000,HAWAII,59.82729628042934,1.8941845435270555,3.4424243822878786,0,0,0,0,1,0,1.0,1,0
2000,IDAHO,29.151509544255994,11.256069103090072,-0.02852631463825528,1,1,1,1,1,0,1.0,1,0
2000,ILLINOIS,56.18001031583959,3.652035660045394,2.0689925790744246,1,1,1,1,1,0,1.0,1,0
2000,INDIANA,41.995217467418065,3.9484165403330884,1.5079376290841884,1,1,1,1,1,0,1.0,1,0
2000,IOWA,50.16277918751817,4.635308050771081,1.3724511071701917,1,0,0,1,1,0,1.0,1,0
2000,KANSAS,39.083092536471916,2.7250901982334153,2.358423230941664,1,0,1,1,1,0,1.0,1,0
2000,KENTUCKY,42.272384734323424,-2.6453057775292943,1.8805029499604498,0,1,1,1,1,0,1.0,1,0
2000,LOUISIANA,46.06075403365277,-2.939290642950654,8.624509834482573,0,0,1,1,1,0,1.0,1,0
2000,MAINE,52.74784154100042,4.614315856694717,2.469828483505321,1,1,1,1,1,0,1.0,1,0
2000,MARYLAND,58.432298942454295,4.077881286361862,2.3500283972941682,1,1,1,1,1,0,1.0,1,0
2000,MASSACHUSETTS,64.78934376063381,7.9972907304925345,1.0434311739596414,1,1,1,1,1,0,1.0,1,0
2000,MICHIGAN,52.634606481734096,1.9834570803761054,2.066449290390482,0,1,0,1,1,0,1.0,1,0
2000,MINNESOTA,51.28641197581132,6.780121869399536,2.045549442047867,1,1,1,1,1,0,1.0,1,0
2000,MISSISSIPPI,41.39451516075371,0.5014947853670737,2.2955842222829315,0,1,0,1,1,0,1.0,1,0
2000,MISSOURI,48.288051343249336,2.6227081341318126,2.3302968895732468,0,1,0,1,1,0,1.0,1,0
2000,MONTANA,36.34363802133028,2.5599695351150364,2.491048815498309,0,0,1,1,1,0,1.0,1,0
2000,NEBRASKA,34.82051913791498,3.724786317821094,1.513231839094309,1,0,0,0,1,0,1.0,1,0
2000,NEVADA,48.14316150032757,4.18236850644067,3.0068192445853237,1,1,1,1,1,0,1.0,1,0
2000,NEW HAMPSHIRE,49.33219980478119,6.960412173044861,1.039644397042161,1,1,1,1,1,0,1.0,1,0
2000,NEW JERSEY,58.211409416720926,5.259269331579275,2.0540376854369935,1,1,0,1,1,0,1.0,1,0
2000,NEW MEXICO,50.03192602930914,1.6526240673931492,2.2479962611584803,0,1,0,1,1,0,1.0,1,0
2000,NEW YORK,63.57599158301068,3.8855834700480374,1.8219876849575822,1,1,0,1,1,0,1.0,1,0
2000,NORTH CAROLINA,43.53600301849695,3.315862786055379,1.3981228073295604,1,1,1,1,1,0,1.0,1,0
2000,NORTH DAKOTA,35.272603429383715,3.9346758824939876,2.0371290075231308,1,0,1,0,1,0,1.0,1,0
2000,OHIO,48.16127777933392,2.1342987521550505,2.022654375013544,0,0,1,1,1,0,1.0,1,0
2000,OKLAHOMA,38.919328777881084,3.7951161962946234,4.202233743788875,1,0,0,1,1,0,1.0,1,0
2000,OREGON,50.235891985530564,8.412077715497656,0.4113109046470109,1,0,1,1,1,0,1.0,1,0
2000,PENNSYLVANIA,52.14847871680315,2.634348577198775,1.9802326933018088,0,1,0,1,1,0,1.0,1,0
2000,RHODE ISLAND,65.64911606759932,4.71365097612928,2.008504601031591,1,1,1,1,1,0,1.0,1,0
2000,SOUTH CAROLINA,41.837893932349736,2.773359323880742,1.7842167869114967,1,1,1,1,1,0,1.0,1,0
2000,SOUTH DAKOTA,38.38528742762614,7.000953996955928,0.8374854810593524,1,1,1,0,1,0,1.0,1,0
2000,TENNESSEE,48.03713321482099,1.2285205954552625,2.12927571786532,0,1,1,1,1,0,1.0,1,0
2000,TEXAS,39.04372985143706,3.5514853046219264,4.923356338097218,1,1,1,1,1,0,1.0,1,0
2000,UTAH,28.27449456867586,3.602517864743171,2.7753040154482767,1,1,1,1,1,0,1.0,1,0
2000,VERMONT,55.4403508967734,5.435589229599347,1.2729269593448445,1,1,1,1,1,0,1.0,1,0
2000,VIRGINIA,45.85276369416675,4.799934290750785,2.5514633528164854,1,1,1,1,1,0,1.0,1,0
2000,WASHINGTON,52.94477100940541,0.7316406079310722,2.548395441643292,0,1,1,1,1,0,1.0,1,0
2000,WEST VIRGINIA,46.75792598406259,-0.1913119760973414,2.0682475920599908,0,1,0,0,1,0,1.0,1,0
2000,WISCONSIN,50.115068303157805,2.9355529207821363,1.7754249929612609,1,1,1,1,1,0,1.0,1,0
2000,WYOMING,29.01769435968296,3.1480165578226638,6.054425966832833,1,1,0,0,1,0,1.0,1,0
2004,ALABAMA,37.10222864771775,6.95813781113237,2.9466596951085,1,1,0,0,-1,-1,0.0,0,0
2004,ALASKA,36.773717018753686,4.0129570561417305,5.938238308321475,1,0,1,1,-1,-1,0.0,0,0
2004,ARIZONA,44.72499496951174,4.379706740708489,2.189618480363742,1,1,1,0,-1,-1,0.0,0,0
2004,ARKANSAS,45.06425174833222,4.940043014301998,3.168858736493707,1,1,1,0,-1,-1,0.0,0,0
2004,CALIFORNIA,55.041320452822454,3.4025726837201287,2.5367209402880952,1,1,0,0,-1,-1,0.0,0,0
2004,COLORADO,47.63377044175737,1.24706506750083,2.8175501940800096,0,0,0,0,-1,-1,0.0,0,0
2004,CONNECTICUT,55.274947560584124,6.496993421112651,2.649553031347085,1,0,0,0,-1,-1,0.0,0,0
2004,DELAWARE,53.8315062450916,4.834031413612561,2.725354226618948,1,0,0,1,-1,-1,0.0,0,0
2004,DISTRICT OF COLUMBIA,90.52027864743607,4.888561250955115,3.3098850815865166,1,0,1,1,-1,-1,0.0,0,0
2004,FLORIDA,47.47632042433121,6.4739273050197665,2.850286742169872,1,1,1,1,-1,-1,0.0,0,0
2004,GEORGIA,41.645767303590446,4.097690081946048,2.2904572082629526,1,1,0,0,-1,-1,0.0,0,0
2004,HAWAII,54.40444800293027,5.567467171733997,2.961328148044129,1,1,0,0,-1,-1,0.0,0,0
2004,IDAHO,30.677261816635696,6.629254409522223,2.6707117332940067,1,1,0,0,-1,-1,0.0,0,0
2004,ILLINOIS,55.20863404955345,2.8084633352336352,2.749775887014194,1,0,0,0,-1,-1,0.0,0,0
2004,INDIANA,39.57652375034154,3.7900917764862374,2.460141037582786,1,1,0,0,-1,-1,0.0,0,0
2004,IOWA,49.66332073728709,8.54187619172424,2.7043138359596597,1,1,0,0,-1,-1,0.0,0,0
2004,KANSAS,37.132901218917766,1.0145313788946009,2.860707490525316,0,0,0,0,-1,-1,0.0,0,0
2004,KENTUCKY,39.992380084526076,2.912292456816279,2.900236111129062,1,1,0,0,-1,-1,0.0,0,0
2004,LOUISIANA,42.669058730756504,4.932219408552108,5.078103841297055,1,1,0,0,-1,-1,0.0,0,0
2004,MAINE,54.58301641030861,3.91918758547245,2.811658803465744,1,0,1,0,-1,-1,0.0,0,0
2004,MARYLAND,56.56571308191792,4.29436787721138,2.6520379779166436,1,1,1,1,-1,-1,0.0,0,0
2004,MASSACHUSETTS,62.74285551299189,2.7313002395073838,2.2049632543823305,1,0,0,0,-1,-1,0.0,0,0
2004,MICHIGAN,51.7258444679652,1.1802263124131906,1.857099242495508,0,0,1,0,-1,-1,0.0,0,0
2004,MINNESOTA,51.76091061066895,4.313274347673168,2.7732856731701228,1,1,0,0,-1,-1,0.0,0,0
2004,MISSISSIPPI,40.49499923037864,2.3040516616912976,3.081937707489102,0,1,0,0,-1,-1,0.0,0,0
2004,MISSOURI,46.38028733456015,2.795700286491898,2.719866920628089,1,0,0,0,-1,-1,0.0,0,0
2004,MONTANA,39.49992382433665,5.081557504325573,4.2147091018582605,1,1,1,0,-1,-1,0.0,0,0
2004,NEBRASKA,33.1526627404053,2.642608086347331,3.3926932197073434,0,1,0,0,-1,-1,0.0,0,0
2004,NEVADA,48.6824042751385,10.45340115931066,3.1197402008366737,1,1,1,0,-1,-1,0.0,0,0
2004,NEW HAMPSHIRE,50.690288620137316,4.064938191418377,2.1988043035606086,1,1,1,0,-1,-1,0.0,0,0
2004,NEW JERSEY,53.370536318842206,0.7159237806079854,2.72205199087856,0,0,0,0,-1,-1,0.0,0,0
2004,NEW MEXICO,49.59966411364512,8.169081968280834,3.227842262424785,1,1,1,0,-1,-1,0.0,0,0
2004,NEW YORK,59.829790656446114,3.0174324433954514,2.8876348005694608,1,0,0,0,-1,-1,0.0,0,0
2004,NORTH CAROLINA,43.75802799815888,4.070322117631697,2.122504504271494,1,0,0,0,-1,-1,0.0,0,0
2004,NORTH DAKOTA,36.09064585005671,1.4843705149549136,3.887839178898589,0,1,1,0,-1,-1,0.0,0,0
2004,OHIO,48.941255995210796,2.716701215564732,2.5114709182916473,1,0,0,0,-1,-1,0.0,0,0
2004,OKLAHOMA,34.42959833524394,3.5074937864083333,4.069044795794641,1,0,0,1,-1,-1,0.0,0,0
2004,OREGON,52.10862577445008,4.971105531108533,2.014256445714513,1,1,0,0,-1,-1,0.0,0,0
2004,PENNSYLVANIA,51.25828209706239,2.8308165670143604,2.9592400415910713,1,0,0,0,-1,-1,0.0,0,0
2004,RHODE ISLAND,60.57751057587814,3.9997035274062176,2.766626350758017,1,1,1,0,-1,-1,0.0,0,0
2004,SOUTH CAROLINA,41.363541740250795,1.7449694393167237,2.3305328640565115,0,1,1,0,-1,-1,0.0,0,0
2004,SOUTH DAKOTA,39.08670919890631,3.913084347359397,3.50131868232455,1,0,1,0,-1,-1,0.0,0,0
2004,TENNESSEE,42.81455454525927,4.642565397210707,2.179540198678298,1,1,1,0,-1,-1,0.0,0,0
2004,TEXAS,38.48980810289008,5.603186112745617,3.7962514277321224,1,0,0,0,-1,-1,0.0,0,0
2004,UTAH,26.653560839877958,6.008619081339095,2.8593646476523515,1,0,0,0,-1,-1,0.0,0,0
2004,VERMONT,60.30100213925116,5.459671940592736,2.1484981511056933,1,1,1,1,-1,-1,0.0,0,0
2004,VIRGINIA,45.86630328646994,4.028737400185012,2.4345078356001526,1,1,0,1,-1,-1,0.0,0,0
2004,WASHINGTON,53.646537683452955,2.3331789078707033,2.6976995914892,0,0,0,0,-1,-1,0.0,0,0
2004,WEST VIRGINIA,43.52028937025452,1.6062902344585073,4.0713096193409015,0,0,0,0,-1,-1,0.0,0,0
2004,WISCONSIN,50.19180327426925,3.390819002276735,2.5224436328516786,1,1,0,0,-1,-1,0.0,0,0
2004,WYOMING,29.687296826828295,3.333528943833697,6.983098586592362,1,1,0,1,-1,-1,0.0,0,0
2008,ALABAMA,39.109097246427325,-1.0877104800200987,2.006250822728295,0,0,0,1,-1,0,-1.0,0,0
2008,ALASKA,38.9352150834029,-0.9065950000966772,12.187694498512002,0,1,1,1,-1,0,-1.0,0,0
2008,ARIZONA,45.68609928038368,-0.8616395299288038,1.4610868843650815,0,1,1,1,-1,0,-1.0,0,0
2008,ARKANSAS,39.82827938928274,-0.9939956935526961,2.3644985528416207,0,0,0,1,-1,0,-1.0,0,0
2008,CALIFORNIA,62.27844959158541,1.0016989090983142,1.3958858340003877,0,0,1,1,-1,0,-1.0,0,0
2008,COLORADO,54.55063469317342,1.5339422041122264,2.621992847599186,0,1,0,1,-1,0,-1.0,0,0
2008,CONNECTICUT,61.31833824975418,-0.07637050160300696,1.952205607795321,0,1,1,0,-1,0,-1.0,0,0
2008,DELAWARE,62.63813864988856,-3.0130014435025054,1.0066911729003758,0,0,0,0,-1,0,-1.0,0,0
2008,DISTRICT OF COLUMBIA,93.40076833341567,3.9227671753681914,2.084984333075779,1,1,0,0,-1,0,-1.0,0,0
2008,FLORIDA,51.419660030899294,-3.9972302760100997,1.5857617536248814,0,0,1,1,-1,0,-1.0,0,0
2008,GEORGIA,47.37166448918821,-2.2240208464940014,1.4876470553299548,0,0,0,1,-1,0,-1.0,0,0
2008,HAWAII,72.99372587845542,0.5428051209753537,1.8079098510498826,0,0,0,1,-1,0,-1.0,0,0
2008,IDAHO,36.97541019497945,2.7928666510996125,1.370797463633111,1,0,1,1,-1,0,-1.0,0,0
2008,ILLINOIS,62.73426404455936,-0.8424267751190762,1.5495253526100594,0,0,0,0,-1,0,-1.0,0,0
2008,INDIANA,50.52195344537809,-1.0270459939418553,1.7873146095624959,0,1,0,0,-1,0,-1.0,0,0
2008,IOWA,54.84877778946735,-1.9497349893825677,1.7062685296767244,0,1,0,1,-1,0,-1.0,0,0
2008,KANSAS,42.38772418109056,1.7821400853139657,1.9969704825370416,0,1,1,1,-1,0,-1.0,0,0
2008,KENTUCKY,41.76657241229539,-0.3424168598447297,2.080283268280403,0,0,0,1,-1,0,-1.0,0,0
2008,LOUISIANA,40.542825838414636,0.7739800327910551,3.802261994430811,0,0,0,1,-1,0,-1.0,0,0
2008,MAINE,58.8295249834076,-1.2752913209742034,1.801442772959816,0,0,0,0,-1,0,-1.0,0,0
2008,MARYLAND,62.93008729288553,2.6085244353977854,1.7404609637311053,0,0,0,1,-1,0,-1.0,0,0
2008,MASSACHUSETTS,63.19707821335295,2.091106467871273,1.1241399113752104,0,1,0,0,-1,0,-1.0,0,0
2008,MICHIGAN,58.37130157615452,-5.810402753638499,1.193785451741003,0,0,0,0,-1,0,-1.0,0,0
2008,MINNESOTA,55.22937499539274,0.7409730799107894,1.2937952122754615,0,0,0,1,-1,0,-1.0,0,0
2008,MISSISSIPPI,43.358069007136166,1.562490644814285,2.0495785142783163,0,0,0,0,-1,0,-1.0,0,0
2008,MISSOURI,49.93242085032335,2.146129570191335,1.7913790746454605,0,0,0,0,-1,0,-1.0,0,0
2008,MONTANA,48.83059671605927,0.08111122376557311,2.6537288966799633,0,1,1,1,-1,0,-1.0,0,0
2008,NEBRASKA,42.39092557783436,-0.07485826976236787,2.215485286611041,0,0,1,1,-1,0,-1.0,0,0
2008,NEVADA,56.3867381251961,-2.8818149834394013,2.1761073745273585,0,0,1,1,-1,0,-1.0,0,0
2008,NEW HAMPSHIRE,54.868541120109505,-1.4950578577668239,1.3831744482137198,0,0,0,0,-1,0,-1.0,0,0
2008,NEW JERSEY,57.86462987142395,2.611469455745974,1.8384652256299594,0,0,0,0,-1,0,-1.0,0,0
2008,NEW MEXICO,57.66490001879759,0.26101352566556546,4.539772728319824,0,0,0,0,-1,0,-1.0,0,0
2008,NEW YORK,65.76385737978426,-1.5293928020066239,1.2999852311975202,0,0,0,0,-1,0,-1.0,0,0
2008,NORTH CAROLINA,50.16596330006731,2.63757457682372,1.629020964708383,0,0,1,1,-1,0,-1.0,0,0
2008,NORTH DAKOTA,45.59134371803188,6.977034682189243,2.476849407268822,1,1,1,1,-1,0,-1.0,0,0
2008,OHIO,52.33384076225413,-1.75684749290006,1.6160618273452165,0,0,0,0,-1,0,-1.0,0,0
2008,OKLAHOMA,34.354918877306496,3.9479706438696915,6.110205857242179,1,0,1,1,-1,0,-1.0,0,0
2008,OREGON,58.41372117722718,2.7361427808002547,0.593907349613576,1,0,1,1,-1,0,-1.0,0,0
2008,PENNSYLVANIA,55.22970381548445,2.024590890248157,1.859908529513321,0,1,0,0,-1,0,-1.0,0,0
2008,RHODE ISLAND,64.19813750914578,-1.736770217470296,1.6313924538598368,0,0,1,0,-1,0,-1.0,0,0
2008,SOUTH CAROLINA,45.45557081079087,-1.0684993831054923,1.7880196712434682,0,1,0,1,-1,0,-1.0,0,0
2008,SOUTH DAKOTA,45.704292765884624,3.509120428860135,0.8242844350708101,1,1,0,1,-1,0,-1.0,0,0
2008,TENNESSEE,42.36852819764554,0.4930386788861707,1.7299437282001673,0,0,0,1,-1,0,-1.0,0,0
2008,TEXAS,44.06406324905928,-0.31908126985948915,4.801037050910262,0,1,1,1,-1,0,-1.0,0,0
2008,UTAH,35.47363862725993,0.3150959379110807,1.7397218509617174,0,1,1,1,-1,0,-1.0,0,0
2008,VERMONT,68.8991817393381,3.2421234290560097,1.553132771122856,1,0,0,0,-1,0,-1.0,0,0
2008,VIRGINIA,53.18258440612755,1.4771985188479775,1.7985329421008167,0,0,0,1,-1,0,-1.0,0,0
2008,WASHINGTON,58.75202680210895,2.173022927772794,1.527410782455152,0,1,1,1,-1,0,-1.0,0,0
2008,WEST VIRGINIA,43.32625623286275,2.033400328669477,3.664149496070168,0,0,0,0,-1,0,-1.0,0,0
2008,WISCONSIN,57.05567824781841,-1.2250049641837624,1.6417162911236627,0,0,0,1,-1,0,-1.0,0,0
2008,WYOMING,33.43797664490408,5.503024694700254,9.837542402168765,1,1,1,1,-1,0,-1.0,0,0
2012,ALABAMA,38.78377146656229,0.874013489988057,2.0059092001483148,0,0,0,0,1,1,0.0,0,0
2012,ALASKA,42.684709518439625,5.4328576364455206,-2.840254990219049,1,0,0,1,1,1,0.0,0,0
2012,ARIZONA,45.38661977629681,2.006189367590938,1.987538503815589,0,0,0,0,1,1,0.0,0,0
2012,ARKANSAS,37.84559464877038,0.5184721932689484,2.0463636956700615,0,0,0,0,1,1,0.0,0,0
2012,CALIFORNIA,61.872811163296625,2.387258625054667,1.992957746478874,0,0,0,0,1,1,0.0,0,0
2012,COLORADO,52.747988314202516,1.8853473271682075,1.564204920750556,0,0,0,0,1,1,0.0,0,0
2012,CONNECTICUT,58.772577476907095,0.993324457203415,2.309028142634184,0,0,0,0,1,1,0.0,0,0
2012,DELAWARE,59.44695491927816,-0.8974988596503808,2.520848201628767,0,1,0,1,1,1,0.0,0,0
2012,DISTRICT OF COLUMBIA,92.58764920211752,0.4572467565037819,1.7461888410139847,0,0,1,0,1,1,0.0,0,0
2012,FLORIDA,50.44225213936623,0.8450155455555386,2.221982416185586,0,0,0,0,1,1,0.0,0,0
2012,GEORGIA,46.04335090194328,1.389861618421162,2.3103694881477788,0,0,0,0,1,1,0.0,0,0
2012,HAWAII,71.70384850107442,1.781685176639769,2.2620321087836848,0,0,0,0,1,1,0.0,0,0
2012,IDAHO,33.578613156424666,0.16779387973111515,2.2568935268198143,0,0,0,0,1,1,0.0,0,0
2012,ILLINOIS,58.57752339211691,2.125130433242206,2.655954675032124,0,0,0,0,1,1,0.0,0,0
2012,INDIANA,44.799625402672696,0.48464461679671444,2.6456971383128858,0,0,1,0,1,1,0.0,0,0
2012,IOWA,52.959351928100176,4.003799647325534,2.665452566582438,1,0,1,0,1,1,0.0,0,0
2012,KANSAS,38.886673254746945,1.603961616112426,2.361782032562587,0,1,0,0,1,1,0.0,0,0
2012,KENTUCKY,38.45722760619509,1.3647022139425813,2.4234950337117755,0,0,1,0,1,1,0.0,0,0
2012,LOUISIANA,41.25317438588602,0.17406055179323143,2.1877840353127898,0,0,1,0,1,1,0.0,0,0
2012,MAINE,57.85992139357711,-0.20320139805537485,2.3081092904489786,0,0,0,0,1,1,0.0,0,0
2012,MARYLAND,63.32172578690598,0.02595979030024509,1.8867161209410677,0,0,1,0,1,1,0.0,0,0
2012,MASSACHUSETTS,61.785680749060006,1.938436504950003,2.1083466698627262,0,0,1,0,1,1,0.0,0,0
2012,MICHIGAN,54.80053207117788,1.893960578004128,2.540991366556855,0,0,1,0,1,1,0.0,0,0
2012,MINNESOTA,53.94122646169819,1.5470932306544283,2.3494692190233257,0,0,1,0,1,1,0.0,0,0
2012,MISSISSIPPI,44.19810080121222,1.9617157856912204,2.3881186472385574,0,0,0,0,1,1,0.0,0,0
2012,MISSOURI,45.22133324662003,1.1176619107166275,2.4675741441791077,0,0,0,0,1,1,0.0,0,0
2012,MONTANA,42.96576813611854,1.1109068027519653,2.148061597605566,0,0,1,0,1,1,0.0,0,0
2012,NEBRASKA,38.870609731774636,0.13500683319784823,2.668405371838367,0,1,1,0,1,1,0.0,0,0
2012,NEVADA,53.407542163346534,-1.0596956798846757,2.3653271239580276,0,0,0,0,1,1,0.0,0,0
2012,NEW HAMPSHIRE,52.83375197825811,1.389894181538831,2.125218432366105,0,0,1,0,1,1,0.0,0,0
2012,NEW JERSEY,58.951965550585776,1.8896423196034684,2.3465730903219573,0,0,0,0,1,1,0.0,0,0
2012,NEW MEXICO,55.295204646908694,0.37936864745886645,0.6088708380617147,0,0,0,0,1,1,0.0,0,0
2012,NEW YORK,66.04269487027739,3.806593857996443,2.5586046490005065,1,0,1,1,1,1,0.0,0,0
2012,NORTH CAROLINA,48.965965096995,0.4075447896596529,2.6790344820876832,0,0,0,0,1,1,0.0,0,0
2012,NORTH DAKOTA,39.888791711088274,22.417620829082097,1.8108719645472338,1,1,1,1,1,1,0.0,0,0
2012,OHIO,51.51405676924949,0.8425844108856939,2.4593995455043594,0,1,0,0,1,1,0.0,0,0
2012,OKLAHOMA,33.22768025698344,5.13878668071126,0.05498213982788602,1,1,0,0,1,1,0.0,0,0
2012,OREGON,56.27116717874738,0.44830718447785856,1.8758618749593614,0,1,0,0,1,1,0.0,0,0
2012,PENNSYLVANIA,52.73193400189183,1.6970118377558796,1.9676556292959502,0,0,1,0,1,1,0.0,0,0
2012,RHODE ISLAND,64.01674597888213,0.5916582812658389,2.138186395677022,0,0,0,0,1,1,0.0,0,0
2012,SOUTH CAROLINA,44.69174529543463,0.8716902009958893,2.329273671786325,0,0,0,0,1,1,0.0,0,0
2012,SOUTH DAKOTA,40.78150086180476,1.979117062915936,2.7628120815141877,0,1,0,0,1,1,0.0,0,0
2012,TENNESSEE,39.64892847370595,3.4103495759995717,2.625547506395143,1,1,0,0,1,1,0.0,0,0
2012,TEXAS,41.99210278489362,4.992588654672403,0.9144624934692036,1,1,0,0,1,1,0.0,0,0
2012,UTAH,25.373811104852518,1.1875695841553124,1.93326165730896,0,1,0,0,1,1,0.0,0,0
2012,VERMONT,68.24725882639062,0.7851517397073682,2.092988067715962,0,0,1,0,1,1,0.0,0,0
2012,VIRGINIA,51.96737668876448,0.37939354652838375,2.0928566849188757,0,0,1,0,1,1,0.0,0,0
2012,WASHINGTON,57.62829827062185,3.2973715728782604,2.1524869004773572,1,0,1,0,1,1,0.0,0,0
2012,WEST VIRGINIA,36.32570236795726,-0.055570320616593616,1.6280994481043365,0,0,0,0,1,1,0.0,0,0
2012,WISCONSIN,53.46342998287241,1.5739341058277123,2.4210442536615195,0,0,1,0,1,1,0.0,0,0
2012,WYOMING,28.839365988478573,-2.294564208821692,0.04150797204627299,0,0,0,0,1,1,0.0,0,0
2016,ALABAMA,35.625856406039254,1.5410651045913104,0.9135722421235837,0,0,0,0,1,0,1.0,0,0
2016,ALASKA,41.61434528893193,-0.9028001052231671,-0.5846820565173161,0,0,0,0,1,0,1.0,0,0
2016,ARIZONA,48.1108795538633,3.078169843971734,1.4491682934232752,1,0,0,0,1,0,1.0,0,0
2016,ARKANSAS,35.714862310229535,0.3979492839405241,0.7584154920487585,0,0,0,0,1,0,1.0,0,0
2016,CALIFORNIA,66.12822054272988,2.9880427303552892,0.8701661071963018,1,1,1,1,1,0,1.0,0,0
2016,COLORADO,52.68333337268243,2.0945892525104037,0.7551974999669087,0,1,1,1,1,0,1.0,0,0
2016,CONNECTICUT,57.14154751726364,0.23905416624607767,1.3695011338152652,0,1,0,0,1,0,1.0,0,0
2016,DELAWARE,55.99862144368122,-5.677498558991512,2.2467763635897198,0,1,1,0,1,0,1.0,0,0
2016,DISTRICT OF COLUMBIA,95.69518834185408,2.4278219717075222,1.58169835396047,0,0,0,0,1,0,1.0,0,0
2016,FLORIDA,49.38116452722452,3.43761352403964,1.4473187753290206,1,1,1,0,1,0,1.0,0,0
2016,GEORGIA,47.338827400696786,3.604770655029843,1.4371067687765526,1,1,1,0,1,0,1.0,0,0
2016,HAWAII,67.44133745053546,1.8906148056860639,1.3874624832987958,0,1,0,0,1,0,1.0,0,0
2016,IDAHO,31.689823319194417,3.801132508576255,0.6323492051626411,1,0,1,1,1,0,1.0,0,0
2016,ILLINOIS,59.02005139071148,-0.3220996630683759,1.2151784950940714,0,0,0,0,1,0,1.0,0,0
2016,INDIANA,39.88269047549193,1.8646303185454016,0.6995543249615155,0,0,1,0,1,0,1.0,0,0
2016,IOWA,44.93645215487965,-0.43090929809234124,0.8294378124768631,0,1,1,0,1,0,1.0,0,0
2016,KANSAS,38.888529657393335,3.282564066379723,0.25380256236384735,1,0,0,0,1,0,1.0,0,0
2016,KENTUCKY,34.32937098249014,0.6554921384679391,0.9266406019817097,0,0,0,0,1,0,1.0,0,0
2016,LOUISIANA,39.82832276219221,-1.968748927112296,-1.4725512844853905,0,0,1,0,1,0,1.0,0,0
2016,MAINE,51.59679112916253,2.0938598973281097,1.5264281405665603,0,0,0,0,1,0,1.0,0,0
2016,MARYLAND,64.01099550856516,3.4267236303244797,1.3953379910769392,1,0,0,0,1,0,1.0,0,0
2016,MASSACHUSETTS,64.65127868962949,1.55708370427865,1.582800951693697,0,1,0,0,1,0,1.0,0,0
2016,MICHIGAN,49.88233178303845,1.9137906483365663,1.2788376564254467,0,0,0,0,1,0,1.0,0,0
2016,MINNESOTA,50.831693707180484,1.6045431797742982,0.9230696698316665,0,0,1,0,1,0,1.0,0,0
2016,MISSISSIPPI,40.91015267593994,0.769189430188777,0.5266746587155868,0,0,0,0,1,0,1.0,0,0
2016,MISSOURI,40.18143900443393,0.03168222584124525,1.3100403980515596,0,0,0,0,1,0,1.0,0,0
2016,MONTANA,38.89033568297556,-2.1123146024843664,-0.2822790625654492,0,1,0,0,1,0,1.0,0,0
2016,NEBRASKA,36.45232588682243,1.086161317396983,0.31054768359493057,0,1,1,0,1,0,1.0,0,0
2016,NEVADA,51.2937094199852,2.7384460576439507,1.8449142574461064,1,1,0,0,1,0,1.0,0,0
2016,NEW HAMPSHIRE,50.197028442380706,2.1234717333125985,1.2651550928341582,0,0,0,0,1,0,1.0,0,0
2016,NEW JERSEY,57.284190142901295,0.9626501333984683,1.2037561953860632,0,0,0,0,1,0,1.0,0,0
2016,NEW MEXICO,54.65079493432411,-0.6130345937015558,0.05407067370313268,0,0,0,0,1,0,1.0,0,0
2016,NEW YORK,63.41150649977537,2.1539439286626827,2.084915153735478,0,0,0,0,1,0,1.0,0,0
2016,NORTH CAROLINA,48.096254196281286,1.6569893364844157,1.6754637001222594,0,1,0,0,1,0,1.0,0,0
2016,NORTH DAKOTA,30.190757103480255,-6.309955007215828,-0.904096403158472,0,0,1,0,1,0,1.0,0,0
2016,OHIO,45.7323154228641,0.8800170820748132,1.1143352012183527,0,0,1,0,1,0,1.0,0,0
2016,OKLAHOMA,30.695262761671867,-2.0534637358243346,-0.9481992574004727,0,1,1,0,1,0,1.0,0,0
2016,OREGON,56.155838945054356,4.281626668561933,0.9819805501588341,1,1,1,0,1,0,1.0,0,0
2016,PENNSYLVANIA,49.62446419250983,0.8635300713105032,0.8595084444119383,0,0,0,0,1,0,1.0,0,0
2016,RHODE ISLAND,58.31070409265981,0.1580867527087637,1.5466615522363503,0,0,0,0,1,0,1.0,0,0
2016,SOUTH CAROLINA,42.53974363947598,3.117281073472089,1.3605898285491858,1,1,1,0,1,0,1.0,0,0
2016,SOUTH DAKOTA,34.02814192056875,0.9011376452167541,1.3360333846023975,0,0,0,0,1,0,1.0,0,0
2016,TENNESSEE,36.37565695473801,1.8585529232715503,1.5314005286355403,0,1,0,0,1,0,1.0,0,0
2016,TEXAS,45.28677442202801,0.8750535602521703,-0.5199158005808835,0,1,1,1,1,0,1.0,0,0
2016,UTAH,37.617101654588716,4.404302835510743,1.351591236476879,1,1,1,1,1,0,1.0,0,0
2016,VERMONT,65.18642632382037,0.9928225557196191,1.3469323319760251,0,0,0,0,1,0,1.0,0,0
2016,VIRGINIA,52.8263762771547,1.0553156411865272,1.4582209907043842,0,0,0,0,1,0,1.0,0,0
2016,WASHINGTON,58.786931200064764,3.69082984332465,0.6944776015901155,1,1,1,0,1,0,1.0,0,0
2016,WEST VIRGINIA,27.838947748704225,-0.9221233177193255,0.37297102695859063,0,0,0,0,1,0,1.0,0,0
2016,WISCONSIN,49.59201096197029,0.983578769670368,1.140240645021473,0,0,0,0,1,0,1.0,0,0
2016,WYOMING,24.29468037084621,-5.516079389977779,-1.1794938667115562,0,0,0,0,1,0,1.0,0,0
2020,ALABAMA,37.08862516664528,-3.1850112029516486,1.3795461248187868,0,0,0,0,-1,-1,0.0,0,1
2020,ALASKA,44.73815127615069,-5.953708998528217,-2.884089894011921,0,0,0,0,-1,-1,0.0,0,1
2020,ARIZONA,50.15683167912931,-1.0323429587986044,2.061986210979283,0,1,1,1,-1,-1,0.0,0,1
2020,ARKANSAS,35.78756672201685,-1.581801321849552,1.5379537727809645,0,0,0,0,-1,-1,0.0,0,1
2020,CALIFORNIA,64.90891136066757,-2.7626145739887864,1.3096775617302159,0,1,1,1,-1,-1,0.0,0,1
2020,COLORADO,56.93831949230015,-3.016562884697749,0.5778866048653519,0,1,1,1,-1,-1,0.0,0,1
2020,CONNECTICUT,60.195049088077845,-6.205488695405991,2.2915167304746076,0,0,0,0,-1,-1,0.0,0,1
2020,DELAWARE,59.62674416498447,-3.4331117418583856,1.8673334263743957,0,1,0,0,-1,-1,0.0,0,1
2020,DISTRICT OF COLUMBIA,94.46695384761945,-2.11872441301445,2.2700717493172373,0,0,0,0,-1,-1,0.0,0,1
2020,FLORIDA,48.305245337858445,-2.842512786902518,1.9668947704339468,0,1,1,1,-1,-1,0.0,0,1
2020,GEORGIA,50.11932966290865,-3.8662327843170474,1.5474253372809388,0,1,1,1,-1,-1,0.0,0,1
2020,HAWAII,65.03266464651489,-10.799061324603343,1.23977305323566,0,0,0,0,-1,-1,0.0,0,1
2020,IDAHO,34.12285707492213,-0.3471696071003394,2.054737756149261,0,1,1,0,-1,-1,0.0,0,1
2020,ILLINOIS,58.65904373280692,-5.144988682624585,1.6214850606678377,0,0,0,0,-1,-1,0.0,0,1
2020,INDIANA,41.80495199255704,-2.508289490678439,1.0427660291284946,0,0,1,0,-1,-1,0.0,0,1
2020,IOWA,45.816736915362945,-2.015950863474958,2.028541819770391,0,0,0,0,-1,-1,0.0,0,1
2020,KANSAS,42.50657174436865,-2.130197905761111,1.2534742716770797,0,0,0,0,-1,-1,0.0,0,1
2020,KENTUCKY,36.79989709973703,-3.041668517497531,1.4371279340582799,0,0,0,0,-1,-1,0.0,0,1
2020,LOUISIANA,40.53555954370895,-5.785521870110156,-1.8332909653378637,0,0,0,0,-1,-1,0.0,0,1
2020,MAINE,54.670404582003975,-1.1384075418237716,2.3615890657596283,0,0,1,0,-1,-1,0.0,0,1
2020,MARYLAND,67.02904704709233,-4.483313984837023,1.9784283162453509,0,0,0,0,-1,-1,0.0,0,1
2020,MASSACHUSETTS,67.11554954014815,-3.6988791971677704,1.954086738283678,0,1,1,0,-1,-1,0.0,0,1
2020,MICHIGAN,51.41355934440946,-4.626062646666973,1.6316061655376801,0,0,0,0,-1,-1,0.0,0,1
2020,MINNESOTA,53.63951364856667,-3.967537156337697,1.6031156467936292,0,0,1,0,-1,-1,0.0,0,1
2020,MISSISSIPPI,41.61501417261114,-1.8296953167246333,1.0753177215776288,0,0,0,0,-1,-1,0.0,0,1
2020,MISSOURI,42.164179355598556,-2.815205506769991,1.9969312024807229,0,0,0,0,-1,-1,0.0,0,1
2020,MONTANA,41.6028199079519,-1.3462853723176904,0.815648660869206,0,0,0,1,-1,-1,0.0,0,1
2020,NEBRASKA,40.215947753398275,-0.5255037557117759,2.1252229860692085,0,0,0,0,-1,-1,0.0,0,1
2020,NEVADA,51.22311734004381,-7.4027857128282415,1.5773837694980974,0,1,1,1,-1,-1,0.0,0,1
2020,NEW HAMPSHIRE,53.74834772159504,-2.0529908656557683,2.2283269588702304,0,0,0,0,-1,-1,0.0,0,1
2020,NEW JERSEY,58.07128358679484,-4.636154454591212,1.4411276811999274,0,0,0,0,-1,-1,0.0,0,1
2020,NEW MEXICO,55.51849015171974,-2.2933986000128637,-1.165064147990691,0,1,0,0,-1,-1,0.0,0,1
2020,NEW YORK,61.71683489301225,-4.990538800018507,2.1152165705230264,0,0,1,0,-1,-1,0.0,0,1
2020,NORTH CAROLINA,49.31581746681328,-2.935613881100585,2.0166659601511983,0,0,0,1,-1,-1,0.0,0,1
2020,NORTH DAKOTA,32.78259157710337,-2.9617579604245603,-4.196399534879058,0,0,1,0,-1,-1,0.0,0,1
2020,OHIO,45.923302352297284,-3.476764464388049,1.2648075406300752,0,0,0,0,-1,-1,0.0,0,1
2020,OKLAHOMA,33.059960503093485,-4.891164356295552,-2.9317219180915344,0,0,0,0,-1,-1,0.0,0,1
2020,OREGON,58.30715698544173,-3.01127959675237,1.9049144498888948,0,0,1,1,-1,-1,0.0,0,1
2020,PENNSYLVANIA,50.58920525934906,-4.523974221885374,1.0987823211144443,0,0,0,0,-1,-1,0.0,0,1
2020,RHODE ISLAND,60.59935988395926,-3.4004697040864285,2.232397362400018,0,0,0,0,-1,-1,0.0,0,1
2020,SOUTH CAROLINA,44.073391250417906,-1.88358775392643,2.0111440417946103,0,0,0,0,-1,-1,0.0,0,1
2020,SOUTH DAKOTA,36.5652201383185,0.08940631633111984,1.4841676985823504,0,0,0,0,-1,-1,0.0,0,1
2020,TENNESSEE,38.172229627933646,-3.8850955116744523,2.0154323824670195,0,0,0,0,-1,-1,0.0,0,1
2020,TEXAS,47.16927876322047,-2.856454864424973,-1.9397355441679975,0,1,1,1,-1,-1,0.0,0,1
2020,UTAH,39.30639487814837,0.13755246598148307,1.1287816301795761,0,1,1,1,-1,-1,0.0,0,1
2020,VERMONT,68.29918655280656,-4.194590473132953,2.2602430390874284,0,0,0,0,-1,-1,0.0,0,1
2020,VIRGINIA,55.15468699939991,-2.757117678012755,1.9503554458185857,0,0,0,0,-1,-1,0.0,0,1
2020,WASHINGTON,59.92550318479069,-0.5818495262420842,1.658615002370678,0,1,1,1,-1,-1,0.0,0,1
2020,WEST VIRGINIA,30.201467686077972,-3.9029319202843915,-0.2576318047775472,0,0,0,0,-1,-1,0.0,0,1
2020,WISCONSIN,50.319063266533995,-4.006499694627563,2.0550990136459557,0,0,0,0,-1,-1,0.0,0,1
2020,WYOMING,27.519565624414902,-6.139783164718193,-2.2757882088583314,0,0,0,0,-1,-1,0.0,0,1
