,1973,1974,1975,1976,1977,1978,1979,1980,1981,1982,1983,1984,1985,1986,1987,1988,1989,1990,1991,1992,1993,1994,1995,1996,1997,1998,1999,2000,2001,2002,2003,2004,2005,2006,2007,2008,2009,2010,2011,2012,2013,2014,2015,2016,2017,2018,2019,2020
0,11.328976034858387,9.515655577299412,9.850346213982577,10.573403822692152,8.86355277675616,11.638513513513514,10.077167498865183,9.374570446735394,10.544174940304135,5.411550704865848,6.837791199309749,9.509388249545731,6.969026548672566,5.334367459496725,5.244211731980692,7.330534825870647,8.539146809589338,5.838782864006406,4.48269339890297,6.10065170166546,3.1052721378604335,4.677588394285399,4.82162617905886,3.710034184596823,4.294716432380029,5.354155047406581,2.933650961708135,4.170059572279603,3.0897720727392413,2.358622341062378,3.996412975670618,6.602181981779327,5.328128297109095,5.0919897158502785,4.019190442905255,2.577965118054919,-2.4238453979692105,3.6436876316030395,3.3507051791655624,2.538389219680351,0.7390531229162036,3.105521540073915,4.199657607532634,1.4658314935565024,3.387729285262492,3.5826155050900548,3.9406539406539403,5.64369488135285
1,13.39662447257384,17.302325581395348,26.94007023903931,11.08433734939759,2.74765003615329,1.7906012979904604,5.584575203564296,12.819206984357947,10.214741729541498,13.650459306067523,0.278006589785832,1.1448814046616695,4.5276889497995025,-1.2722769873257904,-3.1626580099355666,3.7180008126777735,8.388834476003918,4.879591560113857,1.2794554775341405,3.1050616758826033,3.283828382838284,2.7041060872343823,2.667911173336445,2.0985643395583167,4.57091974919304,3.796345573886819,2.3790804990599894,6.98808053153484,4.936961677693172,3.360494855171593,3.567729312924387,2.833648183131459,5.5624594769829265,5.328214971209213,6.67930121243045,9.026101216234682,-1.2764001754789112,5.070041051250581,5.894791960365731,2.1832981495216903,-1.6490163598801393,5.803985390685616,3.0745841531032014,-2.234985857814642,1.7944303437993647,4.392174640814619,3.1250521955537742,2.8505717339898284
2,9.212481426448738,7.793974732750243,5.030652722683015,8.309012875536482,8.7018544935806,13.26917468649752,12.1524201853759,11.007805325987144,11.301830214041981,3.5024154589371985,7.180683960147204,9.3710744493761,7.197549770290965,5.235714285714286,3.712753682210005,5.0,4.730740463724757,3.094685472832232,2.355250245338567,3.2598274209012463,3.5010104320279645,4.849604221635884,4.449141879309477,4.741483159061341,4.908681050742972,6.003332748640589,3.255698506598271,5.721153846153846,2.349552827042595,1.277399289099526,3.8021423609841696,6.438206600218363,6.968664173918798,7.349893278064775,3.3685848485721697,-0.3456735057983943,-6.2213270672485175,0.966471781410333,3.92046797447412,3.1186922530206114,1.2874944861049846,4.006641443697434,3.7266755646279868,2.480131197174215,4.0597764537889605,4.268105141126647,3.9413673390665065,8.382815228780998
3,16.12442922374429,9.437208159252888,7.0963395463732315,10.02306563220801,9.319611206403659,14.12133891213389,8.310418576229758,7.150916784203103,13.097275240226406,5.027932960893855,5.4188829787234045,10.827288972984338,5.89964905624585,4.8634124496193465,3.681243594123676,7.274075294505314,7.0956842266932885,4.84726803384483,4.630009574613596,7.444931041244526,3.1512349434237743,4.7298891247935835,4.752787476067125,4.601655735942372,3.746530989824237,5.057710407688116,3.126178800452659,4.160760824836542,4.7934682410780916,1.8137645038327816,5.303217312597712,5.7198671615549905,4.316493588085295,4.9243631983561835,5.692676503359557,3.2041657349135866,-2.5815637961988482,2.84379766141332,5.826922482775666,6.656351268502029,0.19708209016505626,5.586668487911488,3.0840879689521343,2.203704633301541,2.831532416502947,3.756597330021733,3.088891957832712,5.463517013485755
4,8.333333333333332,9.929772987097827,8.750557123755758,8.94808743169399,8.852664576802507,11.289022002073494,11.35493220163544,11.03364937720766,10.154876517371285,4.825961392308861,5.720292902196766,9.004251817309012,5.6621579112928595,4.721643346233998,5.083011143961793,6.076182231360242,4.876307064524356,4.493944847040514,1.7314405399115662,3.756233700873862,1.4772025751829967,2.468170164689523,4.444255968788431,5.20930610256202,4.858752701451065,7.070037908063745,5.778220816719373,8.569200272966562,1.903621670158635,0.24966222170005287,3.3430019630248164,5.097527784078022,5.02292959266253,7.227987259837667,3.9261246586499308,0.41949982712919215,-4.310602061193105,3.741994291059992,5.375846840389373,5.661122569886339,0.8202849192175106,5.7323528805948625,6.4287384087898385,3.7249231219797925,4.014682266574902,4.61640256523362,4.621896437085448,8.802876939531568
5,10.169826224328595,10.091414231941208,8.5965483555845,8.110944527736132,8.916932464290667,12.35039470333588,11.28739800543971,12.209775967413442,12.4058444504946,6.814145002422089,5.396825396825397,7.788296041308089,4.677312042581503,2.9682832263395413,2.993827160493827,5.741684147437819,7.294677775888454,4.875858425779186,3.505767390318844,5.236264538420361,4.689017341040462,4.355316047528602,5.798941798941799,5.36507301460292,5.084295261239368,8.043360433604336,4.695495133942009,8.701485385721131,2.5507655235240527,-1.3152993093962233,1.2137754805737848,2.762795501491852,5.5222088835534215,6.190967537106119,4.825971049156638,2.089176213338404,-6.658440621144041,1.7259870800389094,6.987863184994484,4.471181391085138,3.8454788750932307,7.112528781765564,2.9897842464402635,0.05553215120064341,5.50037319859907,5.6997732426303855,4.429608526267012,4.811990533789114
6,8.948275862068966,8.862161734451654,7.0940543683674955,7.927243111171441,10.074204502578292,11.060329067641682,12.222222222222221,13.357169050238356,11.77517185604529,7.647782360176543,6.183626831563382,11.229269527788327,6.664010926473936,6.834551565917943,8.334998002397123,9.427004102705942,8.092509899738817,2.8644919911142286,0.735015533833447,7.41687979539642,3.000700280112045,2.620933473841656,5.273618656419769,4.439899307740718,6.13720586906089,7.377654138753265,4.951489676685965,8.488664987405542,4.836312978871604,-1.0098996744402364,0.6711859856366199,4.980332022134809,5.2923493797366525,7.957698339297921,7.426996424314661,5.69655363705707,-2.109234049532557,3.481670129347899,2.3752469155791585,1.6938430150721977,-2.177293934681182,4.680445151033386,2.9114270092946968,2.1457770694057055,2.285631727226757,4.423916267638459,2.5226906897158083,3.714014301923635
7,9.786999632757988,7.4761665830406425,6.504824151882975,8.562244301578025,7.281292059219381,9.095471082674695,9.786108555657774,13.218812192311722,10.121195300212786,7.04864319919348,5.407314393344844,9.232372868736505,7.306932042805535,4.8275423997967355,6.495788644488881,7.681365576102419,9.416116248348745,3.621963587192737,3.681782168989141,2.548658246055648,2.182870167441045,2.616678105696637,4.096647437505226,5.32085776242872,3.2104319975597666,8.877313532084672,5.798724212812161,8.66874057919887,8.965883602880416,1.9933914739179892,1.0807796484146794,2.3880204912649416,1.016061990044645,4.2748285496571,1.6563953913234113,-2.0103994440850164,-0.09292316721279405,0.22273350303504993,7.43155786748724,0.29779495339849965,0.809138505473584,3.680471244210621,4.081101593841483,1.86053294997604,3.7083248107997546,4.652584659684831,1.3776337115072934,4.283085159779153
8,6.85739566435629,10.460943969086392,10.369815092453774,8.082408874801903,9.645999162128193,8.405769414461744,7.560137457044673,8.42139755877775,7.888175292784284,7.0523145878562925,5.43634698416852,8.990506918160948,5.698508482295344,4.626487854796143,5.703696077422012,10.538618876010519,6.952154374834787,7.645411105618718,5.315322210316853,5.617528432833109,4.410499879588537,3.364196513888431,2.2537456168313676,5.595909841942825,5.511927255550307,6.667785892162624,4.396411520906563,9.362279511533243,3.094844223876482,0.6150966102828107,1.913748421822048,8.860924561517898,5.707954000958313,5.397850680869549,7.201863632291014,1.7768788446108585,-1.2219357169839211,5.277422143890394,5.39823428147259,1.3785869483779127,-0.8705934520730174,5.11138281692661,5.472806196272023,3.054389928986443,1.948501102802031,2.8496082748732654,0.5937118817057081,7.112188965466042
9,10.51440329218107,7.186743623161422,6.079555323953448,7.368593417389881,9.531798078389507,12.280701754385964,10.850694444444445,13.491441995748964,11.917200591424347,5.178791615289765,7.569921286216714,8.508485131558462,6.38496305330368,5.266707127925012,5.291479820627803,7.088099294232173,8.408613146980287,3.574236151145118,1.568587765015433,3.746325910426942,3.9183673469387754,3.0913543736426226,5.316001792917974,4.273067756213823,3.5836734693877546,5.930333359602805,2.99817728676115,6.417711004369966,3.2308423267494737,1.2887106318627128,3.1645569620253164,6.270253264118295,6.575285688909942,6.630739742770632,3.146980670035951,-0.48744759306965696,-6.555671175858481,5.559780542126134,4.160555769972983,2.452942048317771,-0.9789029535864978,5.646594755168131,4.851571863187979,1.670586683665619,5.450457267636693,4.871447902571042,3.683284457478006,4.9798242636799035
10,10.778015703069237,7.796391752577319,6.674636381749352,9.843107956667913,8.757014113246047,11.851156973108193,9.72882303606374,9.579617834394904,11.601953034178097,6.6875,8.025776215582894,11.31597975415763,7.1451770055212735,6.918763261594423,5.521298461974626,7.19371305749597,6.1595338053762765,5.270924330067288,2.7305859265489207,5.665320379871193,3.755165289256198,4.99327923532633,5.429113323850166,5.576793343827299,3.957401490947817,7.162760203245369,4.213826858366473,5.859690320686871,3.1576028560535168,1.2465560110207647,2.5321076560581424,3.683324702226826,4.404695011550228,4.024517865151742,2.5552585438762896,-0.6782511210762332,-3.2846097409560358,1.6222209254828732,5.796726959517657,1.785665825395533,0.8158477084277601,5.767857615105916,4.950742611391709,2.620669938533378,4.57584621813623,4.078144078144078,4.016466874280108,6.1827130113811135
11,7.666126418152349,11.576095137738973,6.67835941716136,5.817629948147212,5.509740647782957,9.19800634345265,9.657676348547719,12.259956484722354,7.112159770792956,4.2325544803713315,7.6458600649105595,5.539195063805917,5.128886526707414,4.897623862487361,5.036447978793903,8.769716088328074,10.192997257962455,7.350337369000334,3.6553292025141535,5.543370747860491,2.408116697905631,1.0623483070067241,1.5275590551181102,-0.47696603071195903,2.6066627703097605,1.6024910761752866,3.7823291971894157,5.5855661192739845,3.1037893516149935,3.4007079294716998,3.8711328662379625,5.574891428219423,6.120722350264026,5.786941580756014,5.223492723492724,3.652753766362065,-2.1134647001358147,1.275497784917969,3.292794308513195,2.66427773641102,0.5824890641644568,5.137680832845104,4.089330875734065,3.13593872256311,4.258420012377967,2.5123511163877295,3.605185489595397,5.753281407759989
12,12.843612843612846,13.940634595701127,5.1024074739489755,8.427350427350428,6.038152293867255,11.462979482604817,6.829398426037081,10.575602447246848,8.401084010840108,3.760416666666667,8.372653348057424,5.595182955071793,5.307483112553733,2.440853048983672,5.050012198097097,8.112710945966867,9.064871831591006,6.0399159663865545,2.210252600297177,6.850808649827367,5.941043083900227,3.6386986301369864,4.56422965716646,3.9798538415958915,2.1274574983379235,5.937877801543755,3.972260018434798,6.311212428233705,2.4460945876186315,1.6822357455715338,1.8869363016048488,5.945076324453756,3.796306105872797,7.090364725095263,3.910916253653577,0.40969822973675357,-4.750159861149173,2.6373837153543684,4.737432255653149,4.6807624825289205,2.920371580352831,4.510199011841342,4.645696326228772,1.9256978446317703,3.7637736783459204,4.440997494332419,4.512635379061372,6.5980192824818
13,11.534133533383347,9.197914915083235,8.777332922697875,8.210645526613817,9.484563055991629,10.084836898076235,9.812221860414631,8.233666106553326,10.831050228310502,6.039881344759394,4.219442070090916,10.22964509394572,5.1474567099567095,5.307172724348665,5.742211362248015,7.8509532062391685,6.5295409502383635,5.717015285599357,1.084423305588585,6.921375805768597,2.609575778912163,4.425955311575246,5.273317179350282,5.590449810790778,5.009975615162935,5.305749067623672,3.802205145339125,6.900991373760783,3.2729134047934485,0.8600833843552291,1.7864369543851535,3.711802794501874,3.986965689093349,6.2936142198815,5.321441843180973,2.227553924681862,-5.246203405430281,2.705196697425935,4.6933371163758455,4.315815623659071,2.3706429963195497,4.8197102675267,4.640464853522718,1.3091932747184944,3.2525740821803097,5.507631055076311,3.2756813417190775,6.45352279455299
14,14.057295136575615,6.5420560747663545,7.949561403508771,10.716099542915185,10.045871559633028,10.712796998749479,9.588353413654618,7.249198350893265,9.898558462359851,3.82821609016712,5.212427475201197,10.824513030329982,5.569823434991974,5.428006689980234,5.739832708393424,6.696672122204037,8.283267288763902,4.875457443040963,1.9867176947321028,7.118812427570223,4.2295605584462415,5.263938315539739,3.5216227637695448,4.726266612237493,4.36138420893066,7.030212483399733,3.1407522295463357,5.838345864661655,1.7262813909707668,0.9741960263975699,2.0852064458122967,4.302022289217844,2.5169692442596863,4.932522334157005,2.8137547927422033,3.972984877404199,-3.2224356077722547,4.178947675606269,5.946945292585227,4.37576013960129,0.8916584340248753,3.628009741645535,3.6439404952270196,2.342325494413016,3.4216537231612607,4.448076328459737,3.569314048887761,6.0146998775010205
15,19.894713753016013,3.4943285766556897,11.242708149195686,5.514063244875259,9.939759036144578,15.15068493150685,7.256721389483702,6.555013309671695,13.396481732070365,3.433082430695796,2.4849130280440184,11.915483200554208,4.495512225317239,4.709366901147724,5.749239799165546,3.290089608131604,8.785446070179983,4.909837529012676,1.6791468118901747,6.4829279178754735,-0.17290160326941215,8.52359208523592,3.4386032790056587,8.514120067327474,4.256969279158946,4.174071165847006,2.1144920061887573,6.41025641025641,2.8185469149324573,2.166039343796605,2.1235923814819966,7.899125344587006,2.892379510471865,5.600686674228258,6.479331165815141,5.515267175572519,-3.6612148929023594,2.7731588263691465,7.197286012526096,4.564487073372608,1.4015319069680814,2.9870278957639766,3.2281077224897445,0.49023842432619213,2.2329199888246545,4.1580828253100695,1.9879712601921367,5.827874854055765
16,13.516345347862533,7.956433450249216,8.720930232558139,7.738282478766907,8.21897810218978,9.955483609874545,13.49527665317139,8.907145173494758,12.575682382133996,7.679421618762124,3.520838450831082,9.364865933718262,5.040862081434874,4.606169099421646,4.028170868162969,4.606137298323315,5.443658138268917,5.76492858372053,2.690096539754854,6.237456427590578,3.6689038031319914,3.577422912770345,3.472382980693551,5.99131952212627,5.361364403917595,5.060501642759836,2.6924983791617407,4.924425298028002,3.0403850918486532,0.4671613080516625,2.824124726477024,2.5570260025271,5.51826994780015,9.663542786910432,6.632109834687587,8.408439971621515,-4.425915602200839,1.361872638279526,7.728682946357086,5.378916320226676,2.0232296740352194,1.8966969821347563,0.7589730543365346,0.06312201485471416,3.1036440481947976,4.29506658780821,4.0360585854240405,5.443302069432175
17,11.207576953433307,11.142654364797728,7.258407833120477,9.863068069061322,10.820086705202312,10.334148329258355,11.316294873688875,8.188453881884538,11.089303238469087,6.128533568904594,3.5168036624700862,11.679565785506082,4.293042930429304,3.003106662064204,5.7640750670241285,8.864068441064639,7.574765335079676,5.60741341991342,4.68840069173125,6.497399816457633,2.6655943011432184,4.101617145095406,3.7787572565039778,5.215724866628684,5.286994191198188,4.942023564615672,3.4707061706393407,7.078883913193248,2.9274569728164708,1.801062666041569,2.4177764132478794,5.245999925057144,4.108662370491686,4.852775212886016,3.4833659491193734,4.015380736258194,-1.8332222289558209,3.139179553662376,4.225773627820674,3.155688278872107,0.5734168406402227,4.464310425950015,4.281475201356507,1.3846544715447155,2.6287432652549807,3.025345509596132,4.000663617187685,7.880403819420706
18,10.816657652785288,12.73792093704246,10.670995670995671,10.932916096225307,9.908321579689703,12.75264677574591,11.623275003556694,12.783583991842978,13.673861453271558,5.934983596779004,3.387762762762763,6.235817373150585,3.9473684210526314,0.14795331251027452,1.8959290873276426,6.830447039871124,6.951670059564201,8.34684525907649,4.652222005335416,6.105446406366576,4.353685690847299,5.789207703969903,4.193205944798302,3.9684156902699947,4.620510559067078,4.496065942300486,1.9451416278235927,5.499868108678449,6.942534483477101,2.439309511748432,2.7882384267183995,3.859817926134261,7.389987528950651,12.31294999834102,7.627769571639586,5.736714975845411,-4.132703390270494,3.55537503384782,2.3219935674502525,4.819708159771025,0.9240071189994392,4.145328051019423,0.07886435331230283,-0.8876836786724147,3.1733040245071678,4.526291931097008,3.367521738187653,6.721208307111391
19,11.144057326414627,9.670964873277011,6.750456111899453,12.32434485377896,7.185122569737954,9.44794952681388,10.044675025219773,12.192247249869041,9.73502976537878,8.37144984576109,6.9493521790341575,9.489720998531572,7.351215423302598,7.58959943780745,7.16307424341389,8.445076527156981,7.556360457128583,3.094698949079719,1.2953367875647668,4.709218280885133,2.984123612807306,4.083526682134571,4.289889532867687,5.158409727829763,5.004742761642351,6.701940035273369,3.9266276960290267,6.6410644322898476,4.848859626786949,2.5950596724951427,4.169484647639659,4.564194124330466,2.216634069106827,4.634776006074412,3.584801602275696,4.1388779913691645,-0.016145090547049486,2.5782490513227656,4.255542437360619,1.9100586355286004,-0.10865270644014224,3.7377632749925835,4.584882280049566,2.5405577834487785,3.8530764615692283,3.9732973875088256,3.759723422644771,7.516709307629757
20,9.543933791160415,8.519530622086481,7.613686861205747,8.561596696490021,7.835678965386078,10.605526161081718,9.60986499415329,11.269517990495586,10.520352131090387,7.925867507886436,6.371940080379979,9.631105310160061,7.205965286045492,6.2247939680869715,6.063607351160999,7.745382859514422,6.538591169531513,4.415420075021467,2.16845567867036,3.8042787545011647,3.0037138309594744,3.6530765878204363,3.4746378196552117,3.875138529737717,4.669440591770689,6.968605599347649,4.932820887463076,7.733987165516407,4.172403135624174,2.586578918977236,3.5730248455370055,5.703914301670305,4.500372229293244,4.736297828335057,3.8419343514130246,3.927990364907981,-1.5004269507583459,2.5656373844121534,4.586343603469442,2.012699634404464,-0.8299381318847141,2.898660986001217,4.236598890942698,3.434884380763229,2.888786024104648,2.6427166994367983,2.2548701298701297,6.048675165505088
21,8.24524312896406,8.132102272727272,7.717569786535304,7.896341463414634,8.95733257982481,10.503112033195022,11.253226942032386,12.688534964666173,11.128790715087982,9.601617114461384,7.9228463843848465,12.069211050982625,7.332104962195819,7.452791096904043,7.712648743940062,9.236906710310965,5.239254611855042,2.8518040663789654,1.5918332035643221,4.862471259473729,3.422933246711061,4.459974088178713,5.1001616116059685,5.653697611214419,5.533931291250634,5.561257216164208,6.237467339126208,10.372637057797352,3.3113955537130124,-0.8326645264847512,1.8386444107233182,5.314525542007103,4.631310868488693,7.615334339996845,4.890052356020942,3.4441449535789155,-2.0034742327735957,4.228708737099188,3.8228235605359138,3.5837792581267522,0.11597055050868901,4.252593151622584,6.057239057239057,3.273119781580368,3.819551183522902,4.537715597009401,4.060331397819006,6.778992065544321
22,11.057788442311537,6.55383507382067,7.130787428185198,11.514195583596216,11.923620933521924,10.931378743839252,8.976987924356346,6.941250261342254,7.47800586510264,4.583901773533424,7.2441081833202885,10.379500486539085,8.139876579488686,5.720108695652174,3.2065287238144196,6.400597721187971,7.273684826496576,3.9221034257036873,1.296519867723479,5.088610218675511,4.6301775147929,6.918327913662284,4.9103010534667435,4.285534221251208,4.709721606704001,5.540592535590612,4.3711265038279254,5.990429284990744,1.334695491695228,-0.4780643272951966,2.21227370760081,2.8421624732248474,2.418552598856006,2.628543677532933,3.303560865964746,2.9774685791176387,-4.620645555895354,4.261520972396304,5.7591769409265,4.033942213645616,0.8664718587218906,4.249798468359532,5.490177125872943,2.6434543580345893,2.6200093731170075,3.751386381923755,3.2887566026662194,8.080849077663007
23,16.673737802291047,7.327272727272726,7.403015415890225,7.271293375394322,11.924716953389208,11.49500788229112,10.286320254506894,9.850427350427351,10.105037930363743,6.616023319494745,5.186412593206296,13.035601764335222,5.518779179151279,5.243346760879614,5.904498964673401,4.017063633131888,8.179539758487127,4.96524852569503,1.9413092550790065,6.195256372404291,1.695936240211297,5.900578666788172,4.63815506410808,6.628289473684211,4.45395650161962,7.660501347509875,3.912626020163226,7.078507078507079,3.21129191321499,1.3884741713944462,3.9405094978648214,5.434505426005157,2.2950202896992824,4.208590568763956,5.011722590566466,3.6154123154483258,-4.823799263223743,4.028822512719395,6.175410680020592,5.397483084653869,0.32411860649910085,4.543843925214166,4.131028570289292,1.2655804246682878,3.365475515220268,4.236327053228461,2.5269364405292527,6.125697463458049
24,12.293357379020138,8.565310492505352,7.495069033530571,12.087155963302752,9.985676284018826,10.083720930232557,12.100726719621429,8.035579677370722,11.74993022606754,4.832667332667333,4.157236450268017,8.806038426349497,4.856001681732184,3.508420208500401,5.965523920201433,7.32955583988302,8.28508174386921,5.024769992922859,4.552261156034741,6.6170151818963046,5.232401934443848,6.8296419225122875,4.487064587440999,5.134949679780421,4.541498966605025,4.958118724311951,2.6519282244473086,4.69361147327249,5.3687560536875605,1.637119719851171,3.6392609500839828,5.16123670212766,6.042045364735635,4.270542202347681,5.621671848754512,4.165256818028016,-2.0399545233068053,3.7371091288921314,3.9892596854622173,3.3812861182835365,1.7542816365366316,1.823388463561452,1.7907363829420881,1.3419791372991259,2.423079063039003,2.7297172501833393,3.2785151499127494,7.85162050074241
25,10.58746163963174,6.759167492566897,9.22762718158188,8.9410164881863,10.313621469808082,10.72135785007072,11.075625958099131,7.763082231167337,11.472785485592315,6.979415988511249,6.362985502058349,10.248212031973075,6.448904830954744,4.789217092056209,4.652435686918445,5.6616108786610875,6.898898651157034,3.7217109451872434,3.565848214285714,5.4905975537475085,3.509040760036776,5.087589439921046,4.41397445529677,4.879474725670085,5.085545216757429,4.215122209980822,3.140172278778387,6.070154126490016,2.6806485093590062,1.666085744161729,3.143856280855732,4.7365796908758515,3.0371310695017457,5.088243447192534,4.053459949002022,5.09830432088333,-2.4844554030874786,2.0145664422151985,3.8202489358262834,4.634627361428275,0.629929070978622,3.442921924290221,3.2425606937793345,2.5153459177551114,2.1812533765532143,4.090939131584165,3.5873015873015874,5.622637654510164
26,14.6260017809439,7.224703825985629,8.27748596268792,6.005352960856474,6.343695755089159,15.269327793441164,6.822863027806385,10.17112557242709,12.69962809013345,4.251188974085219,3.8171492412252115,4.905389651152363,1.2395281244657208,5.066283880773453,3.801334083420397,3.406627438835553,10.257562144354598,5.045497759065598,5.359105307388972,4.129341023438458,5.768664191856697,0.807799442896936,3.498203923735839,3.646945749679624,3.8534851372932875,6.458653703060668,1.551651833558548,5.905295035330825,3.964299640396863,2.3253875645940987,6.398142868779018,7.6784688995215316,6.9069709573068865,7.045953315155949,6.181468020998353,4.707018108416464,-3.0816942333482342,4.9266338032229235,6.00582449585142,5.613725896744764,-0.0098159509202454,4.528051833308791,3.4631729708154304,0.329051876730359,4.684354572391487,3.757400285208072,4.327273484517191,6.511108006147827
27,15.866523143164693,3.493125232255667,13.752244165170557,4.119318181818182,7.973321206609064,15.23234592166222,7.7363547758284605,6.140450073504466,15.69358619220115,7.247444516069619,3.228576335222394,11.07968724005989,5.6088063501572565,3.587889101609586,5.154356903278801,6.568155188126545,5.906786390568689,6.627061944860999,2.7154216476442903,5.23987571752067,2.4719775820656524,5.562066608067194,4.514965073784522,7.869694153056256,2.232161175167207,6.044551475015051,4.254191741417811,5.423851878743874,4.256344915458522,1.070189925681255,5.715873067747312,3.953876592061333,3.089779046599459,3.9029596723013906,6.974097004358811,5.201006981391607,-2.467003823855927,4.363222461110409,10.867668444013573,2.310685554389647,0.08760496570586099,5.068101276632082,3.3952373211963587,-2.24418810305186,1.8353603377223842,3.754589600852778,2.8101217656012176,6.53811277458038
28,9.13288866085172,5.720106566368908,8.67180551437889,9.043786659391625,10.270202651988992,13.953488372093023,8.95968143354903,9.191411603471906,8.702200652665049,2.7095681625740897,4.114516975192985,6.248200403109704,5.426829268292683,4.78118372855215,4.722477767555964,8.099560761346998,6.474157546863149,4.3911870961176405,3.4704620783778513,6.246466930469192,3.5736454730868137,4.173801369863014,4.290117115266077,5.075062059182789,3.2512093598830014,6.46473451006029,3.7217711673603056,5.19980266403552,1.4850246983055087,-1.0196851606543238,3.0843448490507313,6.37359983092298,8.165871934604905,4.3506783174578185,1.1190182814896774,-3.4218641201631352,-6.707693892264908,3.466644586127902,3.3424920639154907,2.839442436757873,-0.6902610441767069,5.236951851383799,6.429377716934457,2.07158008755698,4.525557127697206,4.536897988536136,4.036500485594043,4.4749995137984016
29,9.831029185867896,8.011988011988013,7.029226785053644,10.922917386795714,9.847304456216891,12.51063829787234,12.153303076147251,12.848471223021582,11.8537702958462,8.816457387122629,8.59317456420329,10.912653553395131,7.997553849289937,7.468227003900843,7.517124290146946,7.247481622651783,5.021324126726239,-0.0145032632342277,3.6456822357605647,4.203209554021273,2.211577203742669,5.505672112478647,4.7326469611424775,4.403837006500713,6.211321614336156,8.378909740840037,5.056235363963191,10.934949139771442,3.9960379227394935,0.6177375023811468,1.073727484178071,5.520323245297155,3.0050210478267485,6.2384598340678,3.5733320974208054,2.664727598165343,-1.7107614522948174,4.450012194851555,4.406894794939289,4.147690305790501,-0.41777291894424484,3.585571456577142,3.9667669713658475,3.0836443069081643,3.8178318529375406,4.388426800020411,3.933453911456551,5.192443364427373
30,8.879829847571783,8.627706332410874,7.942454668065338,8.524226016937387,9.428169374440323,10.766892681786299,10.744063324538258,12.465453159249023,11.27023133632743,7.699337445739091,7.410550134351578,9.993416721527321,6.463969355997127,6.262648976838318,7.136810919479421,9.229173867957138,7.106690777576853,4.4825257470876245,1.2846408661226467,6.545149968091896,2.4744506420095083,2.6886826916051727,5.2579153326218435,4.9479518723806954,5.642148653870926,5.666991830264602,3.75616651761244,9.039343806478522,2.6239290085679317,0.5690147844452726,1.7888026881454762,4.073013253070537,3.710700625058308,7.259315897182179,5.8245099066988155,2.587522041487528,-3.7177234013789375,2.561479520198981,4.118832019714068,3.527621766816312,0.8781638392452145,4.564830302703286,4.152261038581282,2.744793645026507,3.531416263481909,4.2415773948144695,3.699621697298263,5.506563640019533
31,9.45778658083684,9.884641483827188,10.971593248250308,8.439992580226303,9.168662333219295,12.002507051081166,10.212646894236151,9.761360751459762,11.06742222736209,7.059558517284464,5.222719315308306,7.459099731953045,6.588680543609152,2.2030342156229827,3.110935649427556,4.824259131633356,6.158229235152312,5.381227635562896,4.701580253362936,4.777348135212673,4.857142857142857,3.831743869209809,5.095402110327483,3.1368672943869322,3.782911328558459,3.9074650077760493,0.9681945743685687,7.0181127530458145,6.488615704268029,2.6584285191658874,3.3339932686596714,4.9890792045062655,5.325011861746779,6.026058631921824,4.422002157074223,5.317683881064163,-2.1932301108502483,2.4399137066634253,4.019101856795396,2.064501411503037,-1.7992344871902328,6.131042134911377,2.431374651511902,1.82146502316087,1.7606086308376383,4.387249949484744,4.335938445159574,7.460402124255003
32,7.47813671247546,8.485552972434407,8.158579519363233,6.283611661477498,8.628495339547271,9.696003922530032,9.855849815621857,11.901129081476961,11.598945550404508,8.552577991365968,7.195918061079013,10.240795184096319,6.768683725950854,6.541778174249183,6.413619871615964,9.247796894670584,7.845585057857589,6.807354970838341,-0.5085452271779909,4.998324115971175,2.074937153345836,2.6504045971619563,5.015423283445676,4.931824775166812,5.208045341443185,5.245869329566731,5.305867665418227,6.965026674570243,3.305624826821834,-0.5230265804790387,1.3157894736842104,4.6652118373429845,3.9538254214447357,7.934644359651697,7.478245105148658,1.5939951083747996,-2.4012120205877467,3.808450464626704,4.811749764431152,4.753063497957668,0.9664359409690478,3.9784171332483327,4.394881819797406,3.5578707250225556,6.790722140943238,3.683578597377009,3.8511216354647626,6.46309559548827
33,11.577639751552796,8.684034736138944,7.129686539643516,9.868043602983361,8.111401218450826,11.44743197552729,9.332562843108928,10.306553911205075,11.607570675610924,5.956853064291081,7.7491896272285254,11.525806148350098,6.50762876169603,6.66402849228334,6.470282703865846,8.17478569935187,7.640767942275479,4.650466842231267,2.7566485559050617,7.062948739355485,4.413599500935746,4.311675379636545,4.944871366521884,4.789193614408514,5.256076388888889,4.902890602449384,3.1407232704402515,4.843934601166203,1.1922937113776808,0.05029096917882032,3.098520752549189,6.686400835800105,5.581850824220663,6.307002627917761,5.310455140322815,4.484825053160642,-5.027091317563103,-0.20315587343110791,2.7300613496932513,5.82263362197671,-1.9469525959367944,4.803139306736429,4.285963905044807,1.9053090143137539,3.5702541457227412,3.7737560665850234,4.1566502032431485,5.5497272345782624
34,39.48863636363637,-1.237662541124863,3.8864213197969546,-2.9317453046266606,3.256252949504483,25.457038391224863,2.5500910746812386,-4.641799881586738,29.914317645597915,6.49015484610973,3.8775693384794905,7.396526397649702,3.886072894038137,2.6022304832713754,4.272342995169082,-6.471695381497032,13.552631578947368,9.631245313884534,1.5916438696841582,9.235006119951041,0.8964087623956525,8.057082569826198,-0.28776978417266186,11.456400742115028,-1.9928792712812688,9.855633138327986,1.8037363109297833,9.225901708500317,2.5065657345898344,2.5507705060095702,9.03813652729811,1.445515196441809,6.177965257249145,4.348234116432572,10.048865305633,11.893541093464819,-2.101034692635423,10.126330448622301,10.897841206756391,15.396049684382,-2.5568632986889237,4.963601463184963,-5.969325259217087,-3.50622901491661,1.04578643139641,6.017838997403184,3.235711750088747,5.788903598507642
35,10.731604469744887,9.52018278750952,6.797635605006954,9.91372293667589,10.545023696682465,10.27599142550911,10.411857611468838,9.198943661971832,8.958081418782749,4.956996208267825,5.965283284870914,10.477299185098952,6.171910281499322,4.714305969091167,4.502064856814028,6.944804353459445,7.238914465713593,5.5357848952155,1.5522132419846921,5.708111526906657,3.470283207020343,5.127216653816499,4.377521085441877,4.352026700627992,5.538254355693965,5.439030225695829,2.866651539217911,5.139705882352941,2.5351423176445906,1.261808136957337,2.748122453103425,3.772657248680717,2.9911560328490205,4.928389609593032,4.135733910095283,3.362429481602066,-2.9109077578950227,3.0960704796531955,6.578590418316967,3.9453254257133406,1.3125352009207336,3.8938438111812053,3.854922761957938,1.8167155753679352,3.4035906010736605,3.7851869188706146,2.917298782237894,6.852453138383698
36,11.889444841553491,9.73168654173765,10.168833689113137,8.243790734542893,9.568755085435313,11.644140799049458,13.835306638286552,12.527755054341474,14.726347491951397,7.784918982529193,-0.26035105400184766,7.452004041764903,4.45889820546979,1.2078019504876218,1.0303165073011638,5.685986793837125,6.921207913918778,5.408388520971302,2.1804742839544193,4.8827536319247695,2.936950399448244,3.5008375209380236,3.4309758860657062,4.970531476555573,4.700387558382192,4.432422171602126,1.84495137689721,7.879707299660896,5.914467697907188,1.620587316463605,4.515236521538639,7.596146775498198,8.857299070530345,9.411099949773982,2.458828255006599,10.12013105205679,-8.66624284806103,3.7698026004399035,6.723726221459043,6.061291701234381,4.1789134351000286,5.849696252644991,-3.7337173810240314,-5.327676677458971,4.47180358027312,4.521955073936111,4.360879519633677,3.2307469420700787
37,10.505430242272347,11.302211302211303,8.982849380200374,10.486132751636024,8.757580031025244,11.410788381742739,10.114059590316574,8.170383680372053,6.830173930037131,2.9909448458794476,6.80284191829485,7.849659072010644,4.780262143407865,4.805003679175865,4.479393386224812,7.311336603722868,7.9278602291940645,5.3611836379460405,2.814031609670136,4.692019282271024,4.635219482247007,5.001955798943868,5.532013969732247,5.784759299298416,4.342204054392258,4.029582250649611,2.2825961649310225,6.646128414171394,1.560628478827591,-0.27749835235353293,2.7027027027027026,4.978662873399715,4.194089559943218,7.493188010899182,3.3500403272266386,3.102093146408763,-4.538819204152249,2.0474046385183926,4.329004329004329,4.718587083732312,1.0591821183642367,5.8963983210596425,6.075997436688581,2.9199203454679705,4.313231010043915,5.320745279479805,3.813198773127535,7.33864511455911
38,9.804334104775931,10.0402375934087,8.984851123106392,9.25067902220802,9.7543141269377,10.366422385076616,10.527586623204153,9.601310759148006,10.504285429539566,6.953463203463203,4.840205750906485,8.220059519021957,6.339650687476775,5.053117137265866,5.681591377819173,7.963487566887001,8.122448979591837,5.516906649409481,3.465194725544311,4.969373641572812,3.2,3.1281349749202008,4.2757339936328265,4.9187974388330575,4.946853655579356,5.272076096584126,4.217881182323676,6.858787602232441,3.9122294123443813,1.577416703546817,3.2272119005383875,5.468797105818511,4.076149096729933,4.666300466904697,5.846387992337768,3.448446835411657,-2.870973926380368,4.288181593881076,4.807419324311536,3.8871331828442433,0.9430272478379905,4.17168934045118,4.045956110261603,2.677152843978392,2.740812379110251,5.28456049852213,2.989771833202203,7.125494826029585
39,6.658395368072788,7.541682822799535,9.39246439516856,8.767303889255109,8.893939393939394,9.475441769862252,11.108286731062531,13.223518645618851,10.931501313396645,7.577413479052823,7.8648831696579755,9.182952672474688,6.936956365466178,6.285291745092766,5.755486686484093,9.473117636504993,8.380223982518437,2.40435505821866,0.5069895648749754,4.456633527596846,3.989872942941535,2.4706943192064923,5.235832453361493,3.0897232210051007,5.34533803787971,6.071222329162657,3.426248548199768,6.74129702414374,4.596114015188875,3.118026088323118,4.553906178559454,4.740386577650797,2.9420769894508307,5.526714254812893,4.781182740596495,1.8193378001662837,-2.46889860223834,5.405072642206353,3.7332087372970446,3.5470576312411324,0.026099438862064464,4.233529028049576,3.521288357636064,1.4005037783375316,4.016295707472178,3.471465963584953,4.538572325418221,7.43429419245443
40,11.102320675105485,10.49133633990031,6.616541353383458,10.255893612734233,7.565789473684211,11.060142711518859,10.432920299831727,10.333841252251004,11.048336472065285,5.370265686828716,7.650214592274677,10.226253363899133,5.967989872502034,5.614813550644253,6.051547224690959,7.702270303214993,7.448539294051073,6.050032916392364,2.3961760506549137,4.977265838132768,3.898128898128898,4.869101217275304,4.75963322202788,5.008854034910195,4.688026981450253,5.605670103092784,3.564891484354572,5.760814677663693,2.4032148967492937,1.7290282472704668,2.4826216484607744,4.3008348240906376,4.641606517544487,5.801604917193102,4.576555641621482,2.567742731930128,-3.6829752662935547,2.5866916588566076,4.774955843839454,4.202755333372086,0.4267544348990293,5.202055270101375,4.8048999419187925,2.634893445513628,3.809149813469468,3.3454700208057497,3.989842373773192,5.645143548564515
41,25.97864768683274,0.05649717514124294,9.712027103331451,-1.767026934294047,13.115612993363603,15.17677937316659,10.214477211796247,0.5716370712721965,16.65255774579756,5.23533070702882,3.3494237020983157,13.087408254694498,2.351652056641942,4.677592028329078,5.522775548737314,4.093044061731156,7.864202836269875,9.395750332005312,3.223065250379362,6.762319181465365,3.200044062568848,6.537866253936063,1.0369702434625787,9.856710793792454,1.9181297107009072,7.5059782127358075,4.238579725666269,6.002529044495376,3.0568499534016773,-0.264062217399168,8.704482808646453,6.84972641131723,5.505074160811866,4.472001894163609,9.77081503725318,6.24548363786518,-4.007967353284104,4.805405131838656,7.989472921747108,1.4711800742297545,0.3106821787414067,4.0615046677649635,3.516696922362477,-0.044861337683523655,2.2991554122975235,4.389271113770067,4.544759867038551,8.32526267702147
42,12.23758320532514,8.987226277372262,7.534533277521975,10.237446477228493,9.004237288135593,12.45545837382572,9.75082817225983,8.622047244094489,10.656034795215657,5.86308548968228,6.363448844884488,10.646756520895957,6.318464639383052,6.478733926805143,6.727047530577488,7.760934213389426,6.663525610823181,5.439515365684357,3.6447423544197735,7.547060861531355,4.6013422818791945,4.4913253259418955,5.462494473645429,3.8753551632586523,4.3316443208824715,7.946877551897537,2.7512342729734036,4.878521331421707,1.7549693342200547,2.0769035256526633,3.503717141535944,4.721974018832909,3.5311105276975585,4.808545708127298,3.3237562377135945,2.6197166608125513,-1.7484811318063835,4.093363525518202,5.285029004908523,4.415777065508199,0.25622811913339083,3.3452263468205166,4.424475404617908,2.318983305196023,3.430574970781676,4.584127265476138,3.8260280066944894,4.156379440510927
43,11.098345588235293,10.486039296794209,11.325346312242605,9.769631747099378,9.129901960784313,12.619314991577765,11.903278075532842,11.194029850746269,14.324351397375537,6.036975378953825,3.9084448851429516,7.721669980119285,5.957478222353462,0.515571657493207,1.5665072433631386,5.739439022725722,5.957144701174649,6.322714259608942,2.532225723288456,5.917192825613231,3.523950200464233,3.378516102731349,4.727165179671711,5.4174903511249175,6.795552975844979,6.843931602491743,3.811238065424949,6.984545797210704,4.442800267765916,-0.40480367021994335,2.370952445468094,3.212678665960826,6.6709408559063945,7.074167568217334,4.083637384226775,7.714709451260618,-6.701547088569569,4.722423461858381,7.640472469189577,5.193877793911119,1.249066594257009,5.6497932729913956,0.15230681361453685,-1.9009399091773154,5.6195500053827105,5.622260727754561,2.8043155192712255,3.4975406450643938
44,8.159846853314189,9.070796460176991,8.336713995943205,9.82961992136304,9.307875894988067,11.026200873362445,8.83551060542211,7.976251935983479,9.574468085106384,5.476164503108978,4.623022029165374,8.580466587584025,5.671886380189366,3.8425088308779185,3.799883846345308,5.651027096155383,6.294446966258133,6.832740213523132,4.30379746835443,4.75855901890649,4.353393085787452,4.779433245690915,6.055874644510121,6.120195593879804,5.474904622702274,4.594137542277339,3.6602892302164736,5.1080975694294,2.741137675185491,1.0631895687061184,2.389837236998809,4.753411910669976,7.06565993041676,8.296746983786774,5.867143358764006,2.3398160711593547,-6.137120296985946,1.1551258710527967,6.224787438714082,5.413063799953259,1.5047803796591381,4.641258053947799,6.105197244834064,3.2949739352808107,4.053989716244525,6.099151243394111,5.903788515859154,6.289320981370254
45,8.546809501630182,7.187298862904957,8.10648518815052,9.75745232364377,6.933198380566802,13.125098595993059,10.723748431181146,10.70528967254408,11.854379977246872,7.8112286411716845,6.5,9.265656834086279,7.693554925010133,6.760012044564891,7.248625017627979,7.350427350427351,8.904948554630083,2.5362726352491283,1.2724181429276586,6.292986731654482,3.0111580985377286,3.754080522306855,4.328550317013873,4.560201050948138,4.876982913079578,7.058627442810117,4.942980578367648,7.60672032043912,5.866133590680361,1.6310717541346529,3.5909920876445525,5.408497742593853,2.320532754422507,6.107001548253914,5.231301340250757,5.335866885784717,-1.323679976597923,3.1769559524691813,5.710523165329821,3.257078142695357,1.395103974730192,4.404638283142956,2.905097389142147,1.8323869356852323,2.5053389227240372,3.235016107563803,3.512968084311234,6.843454401039787
46,10.19910605444941,9.218289085545722,8.102633355840648,8.82261086820737,9.24092409240924,11.835019046368055,10.700023490721165,12.116710875331565,10.722059241033406,7.136752136752136,6.429996011168727,9.751892661719511,6.727223056959432,6.0792218596019705,5.821318694576823,7.570402462661042,6.70906200317965,3.4962256654747716,2.8358925143953937,4.512155289067239,3.5449593713724443,3.906519489479131,3.888289484604532,3.7467545436389056,5.340160936356987,5.964912280701754,5.6739790286975715,6.782648431634951,3.9309185388965306,1.4617217140672334,4.898834715055946,5.391289930363657,5.31739164634626,5.521945875967834,4.395422909048012,2.861146266497921,-3.135299028870238,3.248123029464468,4.6551989279202095,3.6273563121877497,-1.4422882145606286,3.646154478562914,3.868882366939002,2.023711792894099,3.2597915380153073,3.256555698519418,3.0889115097055004,5.481970785522149
47,11.644803229061553,11.207519884309471,11.037061118335501,8.681013028839116,8.59375,12.887620937732573,11.592132732666741,9.590389917290272,9.011680143755616,5.241902250061814,6.13986999765056,6.050320962148602,4.953732693244278,5.515412661584356,4.01457561098197,6.38439236530563,8.033838641912224,6.274963212108471,4.485214123232124,5.243977471721331,2.8016369114538833,3.2370953630796153,3.7076271186440675,5.814096016343207,5.818982160784617,7.69202700237183,4.896147460441162,5.701272692034369,1.1031995843901843,0.38689396687220406,3.1344092496687943,6.203836160336321,2.7654076639727307,7.069869462871817,6.975291678117271,3.320955650528971,-5.989918853552135,1.829722776562237,4.467321496033246,7.035982280083175,1.171949236649281,6.3741860076807475,4.344072518934191,3.4937946596464835,4.271594171299829,5.163010332990643,4.422388653234358,6.5137017819457
48,8.930008045052293,10.315115706548498,11.381388083017184,9.296734121418554,10.210815765352887,10.462408516300732,10.450233398584551,9.216087252897069,8.925227811758832,6.211322484528994,2.902460077686664,8.461780434098772,5.278422273781903,3.71900826446281,3.8335546702080565,8.262278308321964,7.253681972119399,7.269789983844912,3.929353778751369,7.212488473191938,3.090250046077287,4.171632896305125,3.1864988558352403,4.047236236624715,4.369371769595567,4.390667279317915,2.8855088766078154,6.084517754432666,6.439037505040999,3.2120905952681653,1.2481135538605865,3.480642952100874,5.037567641219294,6.385975315963085,3.5082218506131553,6.3814748746255585,0.351188027968488,3.2978119679677156,5.585398608228544,2.555356420188472,-0.3495123738654941,3.5752672964869605,2.487847506690698,-0.20251005888779344,4.819373614930713,5.471496255540273,2.6421291600251173,5.868235294117647
49,11.195487090475158,9.365853658536585,8.813559322033898,9.460567306115756,11.084481725584181,11.232470334412081,11.189235058795004,9.398168338421282,8.829978074546542,5.467032967032967,5.183641573326387,9.666501568433219,5.080918328942417,5.315186246418338,5.053734185825058,5.335059889932016,8.254963427377222,4.6899841017488075,2.7009437032216073,6.564216307562315,3.9992070964864466,5.25111979414848,4.196848967765302,4.840321529437324,5.387707737577189,6.299893822014235,3.3369094743072765,5.810331865535388,4.347678982270943,1.8935832171460067,2.3007159904534604,3.969142714943387,3.0606749640976547,5.48959270763782,4.067367494083329,3.2763909456314786,-2.235309179362438,2.626892252894034,5.300497639402833,4.316320100819156,0.3508119787189555,3.9611983145807286,4.220020042311547,1.514957264957265,3.3593634890231323,4.368190611953976,3.254634146341463,5.054990740390793
50,14.724052718286657,13.390773649255072,8.485040367262942,6.654020137166204,12.23149541660966,14.116786541509205,11.49449845102019,11.258024336495161,10.334137099552187,1.9825163908835466,-1.5000765345170672,5.524475524475524,5.515057801340108,0.39776692254012563,0.03475359699728922,4.613674263479711,10.73990435706695,8.840640556588495,3.6975808673609967,4.065256669146562,4.269008834192922,3.0119006807385276,3.7272986593134925,4.010450087084059,7.002159256158287,6.066221892760069,6.845272762570374,7.59139472345374,5.876988550005066,1.617379653555364,5.751240032648961,7.062281066318351,9.205600998197697,12.966865557953536,4.014204800863077,7.493841566186957,-10.416917943151208,4.653980791670407,8.765384450448133,6.659306864329929,-0.8945734141653113,7.292055203282358,0.07995828263514687,-5.304293455606503,4.09926268295367,5.5552619060204025,1.927891837756635,1.2937034307704904
